Workbook

Sheet README
A1: EgoAnchor 实验3正式采集与分析工作簿（v5：30题分层问卷，24名参与者）
A3: 本工作簿对应当前实验流程：3个物体 × 2种匿名方法 × 3个任务。问卷采用“验证子量表 + EgoAnchor特异诊断题 + 方法级信任/体验 + 最终偏好与开放反馈”的分层设计。黄色单元格为人工填写；绿色为预设信息；灰色为公式。正式采集开始后不要改变题目、评分端点、顺序平衡或主要分析家族。
A8: 步骤 | B8: 实验时点 | C8: 填写工作表 | D8: 填写内容 | E8: 每名参与者产生的数据 | F8: 备注
A9: 0 | B9: 参与者到达 | C9: Participants | D9: 同意书、人口学、经验、基线不适 | E9: 6个背景题 + 安全基线 | F9: 基线安全项不计入30个核心题干
A10: 1 | B10: 每个区块：静止任务后 | C10: TaskRatings | D10: T1 静止稳定性 | E10: 6个评分 | F10: 任务后立即填写
A11: 2 | B11: 每个区块：移动任务后 | C11: TaskRatings | D11: T2 运动附着一致性 | E11: 6个评分 | F11: 任务后立即填写
A12: 3 | B12: 每个区块：遮挡任务后 | C12: TaskRatings | D12: T3 遮挡恢复一致性 | E12: 6个评分 | F12: 任务后立即填写
A13: 4 | B13: 每个方法×物体区块结束 | C13: BlockRatings_AQ | D13: Embedding Quality 3项 + Interaction Quality 3项 | E13: 36个评分 | F13: 每区块6项
A14: 5 | B14: 全部6个区块结束 | C14: MethodRatings | D14: S-TIAS 3项 + CRIQ 3项 + CIQ 2项 + SB1 | E14: 18个评分 | F14: 按预设A/B顺序分别评价两种方法
A15: 6 | B15: 摘下头显后 | C15: FinalFeedback | D15: 方法选择、偏好强度、区分信心、2个开放题、安全审计 | E15: 6个回答 | F15: 标签解码在参与者离场后完成
A18: 计分和分析冻结规则
A19: 1 | B19: 主要结局 | C19: Embedding Quality、Interaction Quality、adapted S-TIAS 三个完整3项结构。
A20: 2 | B20: 机制诊断 | C20: T1静止稳定、T2运动附着、T3恢复一致分别分析，不构造“锚定质量总分”。
A21: 3 | B21: 次要结局 | C21: CR1–CR3、CI1–CI2、SB1分别报告；CRIQ三项均值仅在内部一致性可接受时作补充。
A22: 4 | B22: 内部一致性 | C22: 只对EQ、IQ、S-TIAS以及探索性CRIQ三项报告当前样本α/ω；N=24不构成中文版量表验证。
A23: 5 | B23: 统计模型 | C23: EQ/IQ和任务单项优先采用 Method × Object 混合模型；S-TIAS和方法级题采用配对分析。
A24: 6 | B24: 安全边界 | C24: ARSQ/SSQ未作为主要结局；结束不适和运行时日志仅作安全、审计与操纵检验。
A25: 7 | B25: 禁止主张 | C25: 不报告任务时间/成功率改善，不声称绝对配准精度，不从实验3推出中介效应。
A28: 工作表导航
A29: Dashboard | B29: 完成度、平衡、缺失值和核心描述统计
A30: Questionnaire_Items | B30: 30个核心题目的中英文、来源、量尺、计分与重复次数
A31: Participants | B31: 人口学、纳入状态、平衡单元、方法映射和会话时间
A32: BlockSchedule | B32: 144个正式区块的物体、标签、条件和阶段时间记录
A33: TaskRatings / BlockRatings_AQ / MethodRatings | B33: 三层量化原始数据
A34: ParticipantConditionSummary / PairedDifferences | B34: 自动计算的子量表分、参与者条件均值和配对差
A35: Reliability / Analysis_Results / Analysis_ByObject | B35: 信度、推断分析和逐物体结果回填
A36: QualitativeCoding / Report_Tables | B36: 开放反馈编码和论文汇报表

Sheet Dashboard
A1: 实验3数据完成度与质量控制面板
A3: 采集完成度 | B3: 目标 | C3: 当前 | D3: 状态 | F3: 顺序平衡检查 | G3: 计数 | H3: 期望
A4: 计划参与者 | B4: 24 | C4: =COUNTA(Participants!A5:A28) -> 24 | D4: =IF(C4=B4,"完成","进行中") -> 完成 | F4: 首个实际方法：EgoAnchor | G4: =COUNTIF(Participants!X5:X28,"EgoAnchor") -> 12 | H4: 12
A5: 纳入分析参与者 | B5: 24 | C5: =COUNTIF(Participants!B5:B28,"是") -> 24 | D5: =IF(C5=B5,"完成","检查排除") -> 完成 | F5: 首个实际方法：One-Euro | G5: =COUNTIF(Participants!X5:X28,"One-Euro") -> 12 | H5: 12
A6: 签署同意 | B6: 24 | C6: =COUNTIF(Participants!C5:C28,"是") -> 0 | D6: =IF(C6=B6,"完成","缺失") -> 缺失 | F6: 方法A映射：EgoAnchor | G6: =COUNTIF(Participants!V5:V28,"EgoAnchor") -> 12 | H6: 12
A7: 任务评分完整区块 | B7: 144 | C7: =COUNTIF(TaskRatings!N5:N148,"完整") -> 0 | D7: =IF(C7=B7,"完成","缺失") -> 缺失 | F7: 方法A映射：One-Euro | G7: =COUNTIF(Participants!V5:V28,"One-Euro") -> 12 | H7: 12
A8: AQ评分完整区块 | B8: 144 | C8: =COUNTIF(BlockRatings_AQ!Q5:Q148,"完整") -> 0 | D8: =IF(C8=B8,"完成","缺失") -> 缺失 | F8: 标签序列S1 | G8: =COUNTIF(Participants!Q5:Q28,"S1") -> 12 | H8: 12
A9: 方法级问卷完整 | B9: 48 | C9: =COUNTIF(MethodRatings!Q5:Q52,"完整") -> 0 | D9: =IF(C9=B9,"完成","缺失") -> 缺失 | F9: 标签序列S2 | G9: =COUNTIF(Participants!Q5:Q28,"S2") -> 12 | H9: 12
A10: 最终反馈完整 | B10: 24 | C10: =COUNTIF(FinalFeedback!K5:K28,"完整") -> 0 | D10: =IF(C10=B10,"完成","缺失") -> 缺失
A13: 数据质量检查 | B13: 当前值 | C13: 可接受标准 | D13: 处理 | F13: 核心描述统计 | G13: One-Euro均值 | H13: EgoAnchor均值
A14: 任务评分超出1–7范围 | B14: =COUNT(TaskRatings!H5:H148)-COUNTIFS(TaskRatings!H5:H148,">=1",TaskRatings!H5:H148,"<=7")+COUNT(TaskRatings!J5:J148)-COUNTIFS(TaskRatings!J5:J148,">=1",TaskRatings!J5:J148,"<=7")+COUNT(TaskRatings!L5:L148)-COUNTIFS(TaskRatings!L5:L148,">=1",TaskRatings!L5:L148,"<=7") -> 0 | C14: 0 | D14: 修正录入 | F14: Embedding Quality | G14: =IF(Analysis_Results!H5="","",Analysis_Results!H5) | H14: =IF(Analysis_Results!L5="","",Analysis_Results!L5)
A15: AQ评分超出1–7范围 | B15: =COUNT(BlockRatings_AQ!H5:J148)-COUNTIFS(BlockRatings_AQ!H5:J148,">=1",BlockRatings_AQ!H5:J148,"<=7")+COUNT(BlockRatings_AQ!L5:N148)-COUNTIFS(BlockRatings_AQ!L5:N148,">=1",BlockRatings_AQ!L5:N148,"<=7") -> 0 | C15: 0 | D15: 修正录入 | F15: Interaction Quality | G15: =IF(Analysis_Results!H6="","",Analysis_Results!H6) | H15: =IF(Analysis_Results!L6="","",Analysis_Results!L6)
A16: 方法级评分超出1–7范围 | B16: =COUNT(MethodRatings!E5:G52)-COUNTIFS(MethodRatings!E5:G52,">=1",MethodRatings!E5:G52,"<=7")+COUNT(MethodRatings!I5:O52)-COUNTIFS(MethodRatings!I5:O52,">=1",MethodRatings!I5:O52,"<=7") -> 0 | C16: 0 | D16: 修正录入 | F16: S-TIAS Trust | G16: =IF(Analysis_Results!H7="","",Analysis_Results!H7) | H16: =IF(Analysis_Results!L7="","",Analysis_Results!L7)
A17: 无效任务区块 | B17: =COUNTIF(TaskRatings!O5:O148,"否") -> 0 | C17: 0 | D17: 检查技术事件 | F17: T1 静止稳定 | G17: =IF(Analysis_Results!H8="","",Analysis_Results!H8) | H17: =IF(Analysis_Results!L8="","",Analysis_Results!L8)
A18: 无效AQ区块 | B18: =COUNTIF(BlockRatings_AQ!R5:R148,"否") -> 0 | C18: 0 | D18: 检查技术事件 | F18: T2 运动附着 | G18: =IF(Analysis_Results!H9="","",Analysis_Results!H9) | H18: =IF(Analysis_Results!L9="","",Analysis_Results!L9)
A19: 运行时技术问题 | B19: =COUNTIF(RuntimeAudit!U5:U148,"<>无") -> 0 | C19: 0 | D19: 审计并决定排除 | F19: T3 恢复一致 | G19: =IF(Analysis_Results!H10="","",Analysis_Results!H10) | H19: =IF(Analysis_Results!L10="","",Analysis_Results!L10)
A22: 提示：Dashboard 中的均值来自每位参与者在三个物体上的方法级平均。正式推断仍按 Analysis_Results 中的预注册模型执行：区块级量表与任务单项使用 Method × Object 混合模型；方法级量表使用配对分析。

Sheet Questionnaire_Items
A1: 30个核心题干：呈现时点、双语措辞、来源、计分与分析地位
A2: 正式施测前应完成英文原文核对、正向翻译、独立回译和6–8人认知访谈。Augmentation Quality、S-TIAS、CRIQ和CIQ条目均为对象锚定情境适配版本，不能称为未经修改的官方中文版。
A5: Item_ID | B5: 层级 | C5: 呈现时点 | D5: 简称 | E5: 中文题目 | F5: English item | G5: 量尺 | H5: 每人重复次数 | I5: 分析地位 | J5: 来源/属性 | K5: 计分 | L5: 备注/来源URL
A6: B1 | B6: 背景 | C6: 实验前 | D6: 年龄 | E6: 你的年龄是？ | F6: What is your age? | G6: 整数 | H6: 1次 | I6: 背景变量 | J6: 研究定制 | K6: 不计分 | L6: 年龄（岁）
A7: B2 | B7: 背景 | C7: 实验前 | D7: 性别 | E7: 你的性别是？ | F7: What is your gender? | G7: 分类 | H7: 1次 | I7: 背景变量 | J7: 研究定制 | K7: 不计分 | L7: 女/男/非二元或其他/不愿透露
A8: B3 | B8: 背景 | C8: 实验前 | D8: 主手 | E8: 你通常使用哪只手进行精细操作？ | F8: Which hand do you normally use for precise manipulation? | G8: 分类 | H8: 1次 | I8: 背景变量 | J8: 研究定制 | K8: 不计分 | L8: 右手/左手/双手均可
A9: B4 | B9: 背景 | C9: 实验前 | D9: 视力 | E9: 你的视力情况是？ | F9: What is your current vision status? | G9: 分类 | H9: 1次 | I9: 背景变量 | J9: 研究定制 | K9: 不计分 | L9: 正常/矫正后正常/其他
A10: B5 | B10: 背景 | C10: 实验前 | D10: VR/MR经验 | E10: 你此前使用 VR 或 MR 设备的频率如何？ | F10: How frequently have you previously used VR or MR devices? | G10: 有序分类 | H10: 1次 | I10: 背景变量 | J10: 研究定制 | K10: 不计分 | L10: 从未/1–5次/6–20次/超过20次/经常使用
A11: B6 | B11: 背景 | C11: 实验前 | D11: 真实物体MR经验 | E11: 你此前是否使用过需要操作真实物体的 AR/MR 应用？ | F11: Have you previously used an AR/MR application that required manipulating physical objects? | G11: 有序分类 | H11: 1次 | I11: 背景变量 | J11: 研究定制 | K11: 不计分 | L11: 从未/1–2次/数次/经常使用
A12: T1 | B12: 任务即时 | C12: 静止任务后 | D12: 静止稳定性 | E12: 在刚才的静止观察过程中，虚拟内容在真实物体上的位置保持稳定。 | F12: During the static observation, the virtual content remained stable relative to the physical object. | G12: 7点同意度 | H12: 6次 | I12: 机制诊断 | J12: EgoAnchor研究定制 | K12: 单项，不合成 | L12: 1=完全不同意；7=完全同意
A13: T2 | B13: 任务即时 | C13: 移动任务后 | D13: 运动附着一致性 | E13: 在拿起、移动和旋转物体时，虚拟内容始终附着在真实物体上的同一位置。 | F13: While I picked up, moved, and rotated the object, the virtual content remained attached to the same location on the physical object. | G13: 7点同意度 | H13: 6次 | I13: 机制诊断 | J13: EgoAnchor研究定制 | K13: 单项，不合成 | L13: 避免与“运动平滑”混淆
A14: T3 | B14: 任务即时 | C14: 遮挡任务后 | D14: 遮挡恢复一致性 | E14: 遮挡移除后，虚拟内容恢复到了与真实物体一致的位置。 | F14: After the occlusion was removed, the virtual content recovered to a position consistent with the physical object. | G14: 7点同意度 | H14: 6次 | I14: 机制诊断 | J14: EgoAnchor研究定制 | K14: 单项，不合成 | L14: 1=完全不同意；7=完全同意
A15: EQ1 | B15: 区块量表 | C15: 每个方法×物体区块后 | D15: 虚实融合 | E15: 虚拟内容与真实物体及周围现实元素自然地融合在一起。 | F15: The virtual content blended naturally with the physical object and surrounding real-world elements. | G15: 7点同意度 | H15: 6次 | I15: 主要结局 | J15: 改编自 Augmentation Quality: Embedding Quality | K15: EQ1–EQ3均值 | L15: https://doi.org/10.1007/s11747-025-01108-2
A16: EQ2 | B16: 区块量表 | C16: 每个方法×物体区块后 | D16: 空间嵌入 | E16: 虚拟内容看起来被恰当地嵌入在真实物体上。 | F16: The virtual content appeared to be appropriately embedded in the physical object. | G16: 7点同意度 | H16: 6次 | I16: 主要结局 | J16: 改编自 Augmentation Quality: Embedding Quality | K16: EQ1–EQ3均值 | L16: 最小语境替换
... A35: F6 | B35: 最终比较 | C35: 实验结束 | D35: 结束不适 | E35: 与实验开始前相比，你目前是否感到额外的不适？ | F35: Compared with before the experiment, are you currently experiencing any additional discomfort? | G35: 分类 | H35: 1次 | I35: 安全审计 | J35: 研究定制 | K35: 不作条件比较 | L35: 无/轻微/中等/明显/中止

Sheet Participants
A1: 参与者信息、会话记录与平衡分配（24名）
A2: 黄色列由实验员填写；绿色列为预设平衡信息；灰色列为公式。方法A/B映射仅供实验员使用，不能向参与者展示。方法级问卷顺序由标签序列平衡：S1为A→B，S2为B→A。
A4: Participant_ID | B4: 纳入分析 | C4: 签署同意 | D4: 年龄 | E4: 性别 | F4: 主手 | G4: 视力情况 | H4: VR/MR经验 | I4: 真实物体MR经验 | J4: 基线不适 | K4: 基线备注 | L4: 会话开始 | M4: 会话结束 | N4: 会话时长_min | O4: 平衡单元 | P4: 物体排列ID | Q4: 标签序列 | R4: 物体1 | S4: 物体2 | T4: 物体3 | U4: 区块内标签顺序 | V4: 方法A=（保密） | W4: 方法B=（保密） | X4: 首个实际方法 | Y4: 方法级问卷顺序 | Z4: 退出/技术问题 | AA4: 备注
A5: P001 | B5: 是 | N5: =IF(AND(L5<>"",M5<>""),(M5-L5)*1440,"") | O5: P1-S1-EA | P5: 1 | Q5: S1 | R5: 鼠标 | S5: 固定订书机 | T5: 游戏手柄 | U5: A-B / B-A / A-B | V5: EgoAnchor | W5: One-Euro | X5: EgoAnchor | Y5: 方法A → 方法B | Z5: 无
A6: P002 | B6: 是 | N6: =IF(AND(L6<>"",M6<>""),(M6-L6)*1440,"") | O6: P2-S1-EA | P6: 2 | Q6: S1 | R6: 鼠标 | S6: 游戏手柄 | T6: 固定订书机 | U6: A-B / B-A / A-B | V6: EgoAnchor | W6: One-Euro | X6: EgoAnchor | Y6: 方法A → 方法B | Z6: 无
A7: P003 | B7: 是 | N7: =IF(AND(L7<>"",M7<>""),(M7-L7)*1440,"") | O7: P3-S1-EA | P7: 3 | Q7: S1 | R7: 固定订书机 | S7: 鼠标 | T7: 游戏手柄 | U7: A-B / B-A / A-B | V7: EgoAnchor | W7: One-Euro | X7: EgoAnchor | Y7: 方法A → 方法B | Z7: 无
A8: P004 | B8: 是 | N8: =IF(AND(L8<>"",M8<>""),(M8-L8)*1440,"") | O8: P4-S1-EA | P8: 4 | Q8: S1 | R8: 固定订书机 | S8: 游戏手柄 | T8: 鼠标 | U8: A-B / B-A / A-B | V8: EgoAnchor | W8: One-Euro | X8: EgoAnchor | Y8: 方法A → 方法B | Z8: 无
A9: P005 | B9: 是 | N9: =IF(AND(L9<>"",M9<>""),(M9-L9)*1440,"") | O9: P5-S1-EA | P9: 5 | Q9: S1 | R9: 游戏手柄 | S9: 鼠标 | T9: 固定订书机 | U9: A-B / B-A / A-B | V9: EgoAnchor | W9: One-Euro | X9: EgoAnchor | Y9: 方法A → 方法B | Z9: 无
A10: P006 | B10: 是 | N10: =IF(AND(L10<>"",M10<>""),(M10-L10)*1440,"") | O10: P6-S1-EA | P10: 6 | Q10: S1 | R10: 游戏手柄 | S10: 固定订书机 | T10: 鼠标 | U10: A-B / B-A / A-B | V10: EgoAnchor | W10: One-Euro | X10: EgoAnchor | Y10: 方法A → 方法B | Z10: 无
A11: P007 | B11: 是 | N11: =IF(AND(L11<>"",M11<>""),(M11-L11)*1440,"") | O11: P1-S2-EA | P11: 1 | Q11: S2 | R11: 鼠标 | S11: 固定订书机 | T11: 游戏手柄 | U11: B-A / A-B / B-A | V11: EgoAnchor | W11: One-Euro | X11: One-Euro | Y11: 方法B → 方法A | Z11: 无
A12: P008 | B12: 是 | N12: =IF(AND(L12<>"",M12<>""),(M12-L12)*1440,"") | O12: P2-S2-EA | P12: 2 | Q12: S2 | R12: 鼠标 | S12: 游戏手柄 | T12: 固定订书机 | U12: B-A / A-B / B-A | V12: EgoAnchor | W12: One-Euro | X12: One-Euro | Y12: 方法B → 方法A | Z12: 无
A13: P009 | B13: 是 | N13: =IF(AND(L13<>"",M13<>""),(M13-L13)*1440,"") | O13: P3-S2-EA | P13: 3 | Q13: S2 | R13: 固定订书机 | S13: 鼠标 | T13: 游戏手柄 | U13: B-A / A-B / B-A | V13: EgoAnchor | W13: One-Euro | X13: One-Euro | Y13: 方法B → 方法A | Z13: 无
A14: P010 | B14: 是 | N14: =IF(AND(L14<>"",M14<>""),(M14-L14)*1440,"") | O14: P4-S2-EA | P14: 4 | Q14: S2 | R14: 固定订书机 | S14: 游戏手柄 | T14: 鼠标 | U14: B-A / A-B / B-A | V14: EgoAnchor | W14: One-Euro | X14: One-Euro | Y14: 方法B → 方法A | Z14: 无
A15: P011 | B15: 是 | N15: =IF(AND(L15<>"",M15<>""),(M15-L15)*1440,"") | O15: P5-S2-EA | P15: 5 | Q15: S2 | R15: 游戏手柄 | S15: 鼠标 | T15: 固定订书机 | U15: B-A / A-B / B-A | V15: EgoAnchor | W15: One-Euro | X15: One-Euro | Y15: 方法B → 方法A | Z15: 无
A16: P012 | B16: 是 | N16: =IF(AND(L16<>"",M16<>""),(M16-L16)*1440,"") | O16: P6-S2-EA | P16: 6 | Q16: S2 | R16: 游戏手柄 | S16: 固定订书机 | T16: 鼠标 | U16: B-A / A-B / B-A | V16: EgoAnchor | W16: One-Euro | X16: One-Euro | Y16: 方法B → 方法A | Z16: 无
... A28: P024 | B28: 是 | N28: =IF(AND(L28<>"",M28<>""),(M28-L28)*1440,"") | O28: P6-S2-OE | P28: 6 | Q28: S2 | R28: 游戏手柄 | S28: 固定订书机 | T28: 鼠标 | U28: B-A / A-B / B-A | V28: One-Euro | W28: EgoAnchor | X28: EgoAnchor | Y28: 方法B → 方法A | Z28: 无

Sheet BlockSchedule
A1: 正式区块顺序与阶段时间记录（144个区块）
A2: 每个区块依次完成：静止观察 → T1 → 拿起/移动/旋转/放置 → T2 → 遮挡/恢复 → T3 → AQ六项。Block_Complete 由 TaskRatings 和 BlockRatings_AQ 的完成标记自动生成。
A4: Participant_ID | B4: Block_Index | C4: 平衡单元 | D4: Object_Position | E4: Object | F4: Object_Key | G4: Shown_Label | H4: Condition | I4: Cond_Pos_In_Object | J4: Method_Exposure_No | K4: Static_Start | L4: Static_End | M4: Move_Start | N4: Move_End | O4: Occlusion_Start | P4: Occlusion_End | Q4: AQ_Start | R4: AQ_End | S4: Block_End | T4: Operator | U4: Block_Complete | V4: Notes
A5: P001 | B5: 1 | C5: P1-S1-EA | D5: 1 | E5: 鼠标 | F5: blue_mouse | G5: 方法A | H5: EgoAnchor | I5: 1 | J5: 1 | U5: =IF(AND(TaskRatings!N5="完整",BlockRatings_AQ!Q5="完整"),"完整","未完成") -> 未完成
A6: P001 | B6: 2 | C6: P1-S1-EA | D6: 1 | E6: 鼠标 | F6: blue_mouse | G6: 方法B | H6: One-Euro | I6: 2 | J6: 1 | U6: =IF(AND(TaskRatings!N6="完整",BlockRatings_AQ!Q6="完整"),"完整","未完成") -> 未完成
A7: P001 | B7: 3 | C7: P1-S1-EA | D7: 2 | E7: 固定订书机 | F7: stapler | G7: 方法B | H7: One-Euro | I7: 1 | J7: 2 | U7: =IF(AND(TaskRatings!N7="完整",BlockRatings_AQ!Q7="完整"),"完整","未完成") -> 未完成
A8: P001 | B8: 4 | C8: P1-S1-EA | D8: 2 | E8: 固定订书机 | F8: stapler | G8: 方法A | H8: EgoAnchor | I8: 2 | J8: 2 | U8: =IF(AND(TaskRatings!N8="完整",BlockRatings_AQ!Q8="完整"),"完整","未完成") -> 未完成
A9: P001 | B9: 5 | C9: P1-S1-EA | D9: 3 | E9: 游戏手柄 | F9: gamepad | G9: 方法A | H9: EgoAnchor | I9: 1 | J9: 3 | U9: =IF(AND(TaskRatings!N9="完整",BlockRatings_AQ!Q9="完整"),"完整","未完成") -> 未完成
A10: P001 | B10: 6 | C10: P1-S1-EA | D10: 3 | E10: 游戏手柄 | F10: gamepad | G10: 方法B | H10: One-Euro | I10: 2 | J10: 3 | U10: =IF(AND(TaskRatings!N10="完整",BlockRatings_AQ!Q10="完整"),"完整","未完成") -> 未完成
A11: P002 | B11: 1 | C11: P2-S1-EA | D11: 1 | E11: 鼠标 | F11: blue_mouse | G11: 方法A | H11: EgoAnchor | I11: 1 | J11: 1 | U11: =IF(AND(TaskRatings!N11="完整",BlockRatings_AQ!Q11="完整"),"完整","未完成") -> 未完成
A12: P002 | B12: 2 | C12: P2-S1-EA | D12: 1 | E12: 鼠标 | F12: blue_mouse | G12: 方法B | H12: One-Euro | I12: 2 | J12: 1 | U12: =IF(AND(TaskRatings!N12="完整",BlockRatings_AQ!Q12="完整"),"完整","未完成") -> 未完成
A13: P002 | B13: 3 | C13: P2-S1-EA | D13: 2 | E13: 游戏手柄 | F13: gamepad | G13: 方法B | H13: One-Euro | I13: 1 | J13: 2 | U13: =IF(AND(TaskRatings!N13="完整",BlockRatings_AQ!Q13="完整"),"完整","未完成") -> 未完成
A14: P002 | B14: 4 | C14: P2-S1-EA | D14: 2 | E14: 游戏手柄 | F14: gamepad | G14: 方法A | H14: EgoAnchor | I14: 2 | J14: 2 | U14: =IF(AND(TaskRatings!N14="完整",BlockRatings_AQ!Q14="完整"),"完整","未完成") -> 未完成
A15: P002 | B15: 5 | C15: P2-S1-EA | D15: 3 | E15: 固定订书机 | F15: stapler | G15: 方法A | H15: EgoAnchor | I15: 1 | J15: 3 | U15: =IF(AND(TaskRatings!N15="完整",BlockRatings_AQ!Q15="完整"),"完整","未完成") -> 未完成
A16: P002 | B16: 6 | C16: P2-S1-EA | D16: 3 | E16: 固定订书机 | F16: stapler | G16: 方法B | H16: One-Euro | I16: 2 | J16: 3 | U16: =IF(AND(TaskRatings!N16="完整",BlockRatings_AQ!Q16="完整"),"完整","未完成") -> 未完成
... A148: P024 | B148: 6 | C148: P6-S2-OE | D148: 3 | E148: 鼠标 | F148: blue_mouse | G148: 方法A | H148: One-Euro | I148: 2 | J148: 3 | U148: =IF(AND(TaskRatings!N148="完整",BlockRatings_AQ!Q148="完整"),"完整","未完成") -> 未完成

Sheet TaskRatings
A1: 任务后即时评分：静止、运动附着与遮挡恢复（每位参与者6行）
A2: T1、T2、T3分别在对应任务结束后立即填写，取1–7整数。T2测量虚拟内容相对于真实物体的附着位置是否一致，不等同于AQ中的运动平滑性。
A4: Participant_ID | B4: Block_Index | C4: Object_Position | D4: Object | E4: Shown_Label | F4: Condition | G4: Cond_Pos | H4: T1_Static_Stability | I4: T1_Answer_Time | J4: T2_Motion_Attachment | K4: T2_Answer_Time | L4: T3_Recovery_Consistency | M4: T3_Answer_Time | N4: Rating_Complete | O4: Block_Valid | P4: Participant_Included | Q4: Technical_Issue | R4: Notes
A5: P001 | B5: 1 | C5: 1 | D5: 鼠标 | E5: 方法A | F5: EgoAnchor | G5: 1 | N5: =IF(COUNT(H5,J5,L5)=3,"完整","缺失") -> 缺失 | O5: 是 | P5: 是 | Q5: 无
A6: P001 | B6: 2 | C6: 1 | D6: 鼠标 | E6: 方法B | F6: One-Euro | G6: 2 | N6: =IF(COUNT(H6,J6,L6)=3,"完整","缺失") -> 缺失 | O6: 是 | P6: 是 | Q6: 无
A7: P001 | B7: 3 | C7: 2 | D7: 固定订书机 | E7: 方法B | F7: One-Euro | G7: 1 | N7: =IF(COUNT(H7,J7,L7)=3,"完整","缺失") -> 缺失 | O7: 是 | P7: 是 | Q7: 无
A8: P001 | B8: 4 | C8: 2 | D8: 固定订书机 | E8: 方法A | F8: EgoAnchor | G8: 2 | N8: =IF(COUNT(H8,J8,L8)=3,"完整","缺失") -> 缺失 | O8: 是 | P8: 是 | Q8: 无
A9: P001 | B9: 5 | C9: 3 | D9: 游戏手柄 | E9: 方法A | F9: EgoAnchor | G9: 1 | N9: =IF(COUNT(H9,J9,L9)=3,"完整","缺失") -> 缺失 | O9: 是 | P9: 是 | Q9: 无
A10: P001 | B10: 6 | C10: 3 | D10: 游戏手柄 | E10: 方法B | F10: One-Euro | G10: 2 | N10: =IF(COUNT(H10,J10,L10)=3,"完整","缺失") -> 缺失 | O10: 是 | P10: 是 | Q10: 无
A11: P002 | B11: 1 | C11: 1 | D11: 鼠标 | E11: 方法A | F11: EgoAnchor | G11: 1 | N11: =IF(COUNT(H11,J11,L11)=3,"完整","缺失") -> 缺失 | O11: 是 | P11: 是 | Q11: 无
A12: P002 | B12: 2 | C12: 1 | D12: 鼠标 | E12: 方法B | F12: One-Euro | G12: 2 | N12: =IF(COUNT(H12,J12,L12)=3,"完整","缺失") -> 缺失 | O12: 是 | P12: 是 | Q12: 无
A13: P002 | B13: 3 | C13: 2 | D13: 游戏手柄 | E13: 方法B | F13: One-Euro | G13: 1 | N13: =IF(COUNT(H13,J13,L13)=3,"完整","缺失") -> 缺失 | O13: 是 | P13: 是 | Q13: 无
A14: P002 | B14: 4 | C14: 2 | D14: 游戏手柄 | E14: 方法A | F14: EgoAnchor | G14: 2 | N14: =IF(COUNT(H14,J14,L14)=3,"完整","缺失") -> 缺失 | O14: 是 | P14: 是 | Q14: 无
A15: P002 | B15: 5 | C15: 3 | D15: 固定订书机 | E15: 方法A | F15: EgoAnchor | G15: 1 | N15: =IF(COUNT(H15,J15,L15)=3,"完整","缺失") -> 缺失 | O15: 是 | P15: 是 | Q15: 无
A16: P002 | B16: 6 | C16: 3 | D16: 固定订书机 | E16: 方法B | F16: One-Euro | G16: 2 | N16: =IF(COUNT(H16,J16,L16)=3,"完整","缺失") -> 缺失 | O16: 是 | P16: 是 | Q16: 无
... A148: P024 | B148: 6 | C148: 3 | D148: 鼠标 | E148: 方法A | F148: One-Euro | G148: 2 | N148: =IF(COUNT(H148,J148,L148)=3,"完整","缺失") -> 缺失 | O148: 是 | P148: 是 | Q148: 无

Sheet BlockRatings_AQ
A1: 区块级 Augmentation Quality 评分：Embedding 与 Interaction（144行）
A2: 每个方法×物体区块的三个任务完成后填写6项。K列和O列自动计算完整三项均值；若任一项目缺失则子量表分为空。正式分析保留单项，并以子量表均值作为主要结局。
A4: Participant_ID | B4: Block_Index | C4: Object_Position | D4: Object | E4: Shown_Label | F4: Condition | G4: Cond_Pos | H4: EQ1_Fusion | I4: EQ2_Embedded | J4: EQ3_Scale_Spatial | K4: EmbeddingQuality_Mean | L4: IQ1_Intuitive | M4: IQ2_Prompt_Response | N4: IQ3_Smooth_Motion | O4: InteractionQuality_Mean | P4: Missing_Item_Count | Q4: Rating_Complete | R4: Block_Valid | S4: Participant_Included | T4: Technical_Issue | U4: Notes
A5: P001 | B5: 1 | C5: 1 | D5: 鼠标 | E5: 方法A | F5: EgoAnchor | G5: 1 | K5: =IF(COUNT(H5:J5)=3,AVERAGE(H5:J5),"") | O5: =IF(COUNT(L5:N5)=3,AVERAGE(L5:N5),"") | P5: =6-COUNT(H5:J5,L5:N5) -> 6 | Q5: =IF(P5=0,"完整","缺失") -> 缺失 | R5: 是 | S5: 是 | T5: 无
A6: P001 | B6: 2 | C6: 1 | D6: 鼠标 | E6: 方法B | F6: One-Euro | G6: 2 | K6: =IF(COUNT(H6:J6)=3,AVERAGE(H6:J6),"") | O6: =IF(COUNT(L6:N6)=3,AVERAGE(L6:N6),"") | P6: =6-COUNT(H6:J6,L6:N6) -> 6 | Q6: =IF(P6=0,"完整","缺失") -> 缺失 | R6: 是 | S6: 是 | T6: 无
A7: P001 | B7: 3 | C7: 2 | D7: 固定订书机 | E7: 方法B | F7: One-Euro | G7: 1 | K7: =IF(COUNT(H7:J7)=3,AVERAGE(H7:J7),"") | O7: =IF(COUNT(L7:N7)=3,AVERAGE(L7:N7),"") | P7: =6-COUNT(H7:J7,L7:N7) -> 6 | Q7: =IF(P7=0,"完整","缺失") -> 缺失 | R7: 是 | S7: 是 | T7: 无
A8: P001 | B8: 4 | C8: 2 | D8: 固定订书机 | E8: 方法A | F8: EgoAnchor | G8: 2 | K8: =IF(COUNT(H8:J8)=3,AVERAGE(H8:J8),"") | O8: =IF(COUNT(L8:N8)=3,AVERAGE(L8:N8),"") | P8: =6-COUNT(H8:J8,L8:N8) -> 6 | Q8: =IF(P8=0,"完整","缺失") -> 缺失 | R8: 是 | S8: 是 | T8: 无
A9: P001 | B9: 5 | C9: 3 | D9: 游戏手柄 | E9: 方法A | F9: EgoAnchor | G9: 1 | K9: =IF(COUNT(H9:J9)=3,AVERAGE(H9:J9),"") | O9: =IF(COUNT(L9:N9)=3,AVERAGE(L9:N9),"") | P9: =6-COUNT(H9:J9,L9:N9) -> 6 | Q9: =IF(P9=0,"完整","缺失") -> 缺失 | R9: 是 | S9: 是 | T9: 无
A10: P001 | B10: 6 | C10: 3 | D10: 游戏手柄 | E10: 方法B | F10: One-Euro | G10: 2 | K10: =IF(COUNT(H10:J10)=3,AVERAGE(H10:J10),"") | O10: =IF(COUNT(L10:N10)=3,AVERAGE(L10:N10),"") | P10: =6-COUNT(H10:J10,L10:N10) -> 6 | Q10: =IF(P10=0,"完整","缺失") -> 缺失 | R10: 是 | S10: 是 | T10: 无
A11: P002 | B11: 1 | C11: 1 | D11: 鼠标 | E11: 方法A | F11: EgoAnchor | G11: 1 | K11: =IF(COUNT(H11:J11)=3,AVERAGE(H11:J11),"") | O11: =IF(COUNT(L11:N11)=3,AVERAGE(L11:N11),"") | P11: =6-COUNT(H11:J11,L11:N11) -> 6 | Q11: =IF(P11=0,"完整","缺失") -> 缺失 | R11: 是 | S11: 是 | T11: 无
A12: P002 | B12: 2 | C12: 1 | D12: 鼠标 | E12: 方法B | F12: One-Euro | G12: 2 | K12: =IF(COUNT(H12:J12)=3,AVERAGE(H12:J12),"") | O12: =IF(COUNT(L12:N12)=3,AVERAGE(L12:N12),"") | P12: =6-COUNT(H12:J12,L12:N12) -> 6 | Q12: =IF(P12=0,"完整","缺失") -> 缺失 | R12: 是 | S12: 是 | T12: 无
A13: P002 | B13: 3 | C13: 2 | D13: 游戏手柄 | E13: 方法B | F13: One-Euro | G13: 1 | K13: =IF(COUNT(H13:J13)=3,AVERAGE(H13:J13),"") | O13: =IF(COUNT(L13:N13)=3,AVERAGE(L13:N13),"") | P13: =6-COUNT(H13:J13,L13:N13) -> 6 | Q13: =IF(P13=0,"完整","缺失") -> 缺失 | R13: 是 | S13: 是 | T13: 无
A14: P002 | B14: 4 | C14: 2 | D14: 游戏手柄 | E14: 方法A | F14: EgoAnchor | G14: 2 | K14: =IF(COUNT(H14:J14)=3,AVERAGE(H14:J14),"") | O14: =IF(COUNT(L14:N14)=3,AVERAGE(L14:N14),"") | P14: =6-COUNT(H14:J14,L14:N14) -> 6 | Q14: =IF(P14=0,"完整","缺失") -> 缺失 | R14: 是 | S14: 是 | T14: 无
A15: P002 | B15: 5 | C15: 3 | D15: 固定订书机 | E15: 方法A | F15: EgoAnchor | G15: 1 | K15: =IF(COUNT(H15:J15)=3,AVERAGE(H15:J15),"") | O15: =IF(COUNT(L15:N15)=3,AVERAGE(L15:N15),"") | P15: =6-COUNT(H15:J15,L15:N15) -> 6 | Q15: =IF(P15=0,"完整","缺失") -> 缺失 | R15: 是 | S15: 是 | T15: 无
A16: P002 | B16: 6 | C16: 3 | D16: 固定订书机 | E16: 方法B | F16: One-Euro | G16: 2 | K16: =IF(COUNT(H16:J16)=3,AVERAGE(H16:J16),"") | O16: =IF(COUNT(L16:N16)=3,AVERAGE(L16:N16),"") | P16: =6-COUNT(H16:J16,L16:N16) -> 6 | Q16: =IF(P16=0,"完整","缺失") -> 缺失 | R16: 是 | S16: 是 | T16: 无
... A148: P024 | B148: 6 | C148: 3 | D148: 鼠标 | E148: 方法A | F148: One-Euro | G148: 2 | K148: =IF(COUNT(H148:J148)=3,AVERAGE(H148:J148),"") | O148: =IF(COUNT(L148:N148)=3,AVERAGE(L148:N148),"") | P148: =6-COUNT(H148:J148,L148:N148) -> 6 | Q148: =IF(P148=0,"完整","缺失") -> 缺失 | R148: 是 | S148: 是 | T148: 无

Sheet MethodRatings
A1: 方法级总结问卷：S-TIAS、CRIQ、CIQ与稳定—响应平衡（48行）
A2: 全部6个区块完成后，按照 Participants 中的“方法级问卷顺序”分别评价方法A和B。S-TIAS均值是主要结局；CRIQ三项均值是探索性补充分，仅在内部一致性可接受时汇报。
A4: Participant_ID | B4: Rating_Order | C4: Shown_Label | D4: Condition | E4: ST1_Confidence | F4: ST2_Reliability | G4: ST3_Trust | H4: STIAS_Mean | I4: CR1_Plausibility | J4: CR2_Synchrony | K4: CR3_Responsiveness | L4: CRIQ_Exploratory_Mean | M4: CI1_RealWorld_Consistency | N4: CI2_Behaved_As_Expected | O4: SB1_Stability_Response_Balance | P4: Missing_Item_Count | Q4: Rating_Complete | R4: Participant_Included | S4: Technical_Issue | T4: Notes | U4: Questionnaire_Start | V4: Questionnaire_End | W4: Duration_s
A5: P001 | B5: 1 | C5: 方法A | D5: EgoAnchor | H5: =IF(COUNT(E5:G5)=3,AVERAGE(E5:G5),"") | L5: =IF(COUNT(I5:K5)=3,AVERAGE(I5:K5),"") | P5: =9-COUNT(E5:G5,I5:O5) -> 9 | Q5: =IF(P5=0,"完整","缺失") -> 缺失 | R5: 是 | S5: 无 | W5: =IF(AND(U5<>"",V5<>""),(V5-U5)*86400,"")
A6: P001 | B6: 2 | C6: 方法B | D6: One-Euro | H6: =IF(COUNT(E6:G6)=3,AVERAGE(E6:G6),"") | L6: =IF(COUNT(I6:K6)=3,AVERAGE(I6:K6),"") | P6: =9-COUNT(E6:G6,I6:O6) -> 9 | Q6: =IF(P6=0,"完整","缺失") -> 缺失 | R6: 是 | S6: 无 | W6: =IF(AND(U6<>"",V6<>""),(V6-U6)*86400,"")
A7: P002 | B7: 1 | C7: 方法A | D7: EgoAnchor | H7: =IF(COUNT(E7:G7)=3,AVERAGE(E7:G7),"") | L7: =IF(COUNT(I7:K7)=3,AVERAGE(I7:K7),"") | P7: =9-COUNT(E7:G7,I7:O7) -> 9 | Q7: =IF(P7=0,"完整","缺失") -> 缺失 | R7: 是 | S7: 无 | W7: =IF(AND(U7<>"",V7<>""),(V7-U7)*86400,"")
A8: P002 | B8: 2 | C8: 方法B | D8: One-Euro | H8: =IF(COUNT(E8:G8)=3,AVERAGE(E8:G8),"") | L8: =IF(COUNT(I8:K8)=3,AVERAGE(I8:K8),"") | P8: =9-COUNT(E8:G8,I8:O8) -> 9 | Q8: =IF(P8=0,"完整","缺失") -> 缺失 | R8: 是 | S8: 无 | W8: =IF(AND(U8<>"",V8<>""),(V8-U8)*86400,"")
A9: P003 | B9: 1 | C9: 方法A | D9: EgoAnchor | H9: =IF(COUNT(E9:G9)=3,AVERAGE(E9:G9),"") | L9: =IF(COUNT(I9:K9)=3,AVERAGE(I9:K9),"") | P9: =9-COUNT(E9:G9,I9:O9) -> 9 | Q9: =IF(P9=0,"完整","缺失") -> 缺失 | R9: 是 | S9: 无 | W9: =IF(AND(U9<>"",V9<>""),(V9-U9)*86400,"")
A10: P003 | B10: 2 | C10: 方法B | D10: One-Euro | H10: =IF(COUNT(E10:G10)=3,AVERAGE(E10:G10),"") | L10: =IF(COUNT(I10:K10)=3,AVERAGE(I10:K10),"") | P10: =9-COUNT(E10:G10,I10:O10) -> 9 | Q10: =IF(P10=0,"完整","缺失") -> 缺失 | R10: 是 | S10: 无 | W10: =IF(AND(U10<>"",V10<>""),(V10-U10)*86400,"")
A11: P004 | B11: 1 | C11: 方法A | D11: EgoAnchor | H11: =IF(COUNT(E11:G11)=3,AVERAGE(E11:G11),"") | L11: =IF(COUNT(I11:K11)=3,AVERAGE(I11:K11),"") | P11: =9-COUNT(E11:G11,I11:O11) -> 9 | Q11: =IF(P11=0,"完整","缺失") -> 缺失 | R11: 是 | S11: 无 | W11: =IF(AND(U11<>"",V11<>""),(V11-U11)*86400,"")
A12: P004 | B12: 2 | C12: 方法B | D12: One-Euro | H12: =IF(COUNT(E12:G12)=3,AVERAGE(E12:G12),"") | L12: =IF(COUNT(I12:K12)=3,AVERAGE(I12:K12),"") | P12: =9-COUNT(E12:G12,I12:O12) -> 9 | Q12: =IF(P12=0,"完整","缺失") -> 缺失 | R12: 是 | S12: 无 | W12: =IF(AND(U12<>"",V12<>""),(V12-U12)*86400,"")
A13: P005 | B13: 1 | C13: 方法A | D13: EgoAnchor | H13: =IF(COUNT(E13:G13)=3,AVERAGE(E13:G13),"") | L13: =IF(COUNT(I13:K13)=3,AVERAGE(I13:K13),"") | P13: =9-COUNT(E13:G13,I13:O13) -> 9 | Q13: =IF(P13=0,"完整","缺失") -> 缺失 | R13: 是 | S13: 无 | W13: =IF(AND(U13<>"",V13<>""),(V13-U13)*86400,"")
A14: P005 | B14: 2 | C14: 方法B | D14: One-Euro | H14: =IF(COUNT(E14:G14)=3,AVERAGE(E14:G14),"") | L14: =IF(COUNT(I14:K14)=3,AVERAGE(I14:K14),"") | P14: =9-COUNT(E14:G14,I14:O14) -> 9 | Q14: =IF(P14=0,"完整","缺失") -> 缺失 | R14: 是 | S14: 无 | W14: =IF(AND(U14<>"",V14<>""),(V14-U14)*86400,"")
A15: P006 | B15: 1 | C15: 方法A | D15: EgoAnchor | H15: =IF(COUNT(E15:G15)=3,AVERAGE(E15:G15),"") | L15: =IF(COUNT(I15:K15)=3,AVERAGE(I15:K15),"") | P15: =9-COUNT(E15:G15,I15:O15) -> 9 | Q15: =IF(P15=0,"完整","缺失") -> 缺失 | R15: 是 | S15: 无 | W15: =IF(AND(U15<>"",V15<>""),(V15-U15)*86400,"")
A16: P006 | B16: 2 | C16: 方法B | D16: One-Euro | H16: =IF(COUNT(E16:G16)=3,AVERAGE(E16:G16),"") | L16: =IF(COUNT(I16:K16)=3,AVERAGE(I16:K16),"") | P16: =9-COUNT(E16:G16,I16:O16) -> 9 | Q16: =IF(P16=0,"完整","缺失") -> 缺失 | R16: 是 | S16: 无 | W16: =IF(AND(U16<>"",V16<>""),(V16-U16)*86400,"")
... A52: P024 | B52: 2 | C52: 方法A | D52: One-Euro | H52: =IF(COUNT(E52:G52)=3,AVERAGE(E52:G52),"") | L52: =IF(COUNT(I52:K52)=3,AVERAGE(I52:K52),"") | P52: =9-COUNT(E52:G52,I52:O52) -> 9 | Q52: =IF(P52=0,"完整","缺失") -> 缺失 | R52: 是 | S52: 无 | W52: =IF(AND(U52<>"",V52<>""),(V52-U52)*86400,"")

Sheet FinalFeedback
A1: 最终方法选择、偏好强度、开放反馈与安全审计（24行）
A2: 参与者只看到方法A/B。Decoded_Choice在回答后自动依据Participants映射解码。开放反馈建议采用双编码；结束不适只作安全审计。
A4: Participant_ID | B4: Final_Choice_Label | C4: Decoded_Choice | D4: Preference_Strength_1_7 | E4: Difference_Confidence_1_7 | F4: Most_Noticeable_Difference | G4: Primary_Distrust_Factor | H4: End_Discomfort | I4: Participant_Included | J4: Interviewer_Notes | K4: Response_Complete
A5: P001 | C5: =IF(B5="方法A",VLOOKUP(A5,Participants!$A$5:$W$28,22,FALSE),IF(B5="方法B",VLOOKUP(A5,Participants!$A$5:$W$28,23,FALSE),IF(B5="无明显偏好","无明显偏好",""))) | I5: 是 | K5: =IF(AND(B5<>"",D5<>"",E5<>"",F5<>"",G5<>"",H5<>""),"完整","缺失") -> 缺失
A6: P002 | C6: =IF(B6="方法A",VLOOKUP(A6,Participants!$A$5:$W$28,22,FALSE),IF(B6="方法B",VLOOKUP(A6,Participants!$A$5:$W$28,23,FALSE),IF(B6="无明显偏好","无明显偏好",""))) | I6: 是 | K6: =IF(AND(B6<>"",D6<>"",E6<>"",F6<>"",G6<>"",H6<>""),"完整","缺失") -> 缺失
A7: P003 | C7: =IF(B7="方法A",VLOOKUP(A7,Participants!$A$5:$W$28,22,FALSE),IF(B7="方法B",VLOOKUP(A7,Participants!$A$5:$W$28,23,FALSE),IF(B7="无明显偏好","无明显偏好",""))) | I7: 是 | K7: =IF(AND(B7<>"",D7<>"",E7<>"",F7<>"",G7<>"",H7<>""),"完整","缺失") -> 缺失
A8: P004 | C8: =IF(B8="方法A",VLOOKUP(A8,Participants!$A$5:$W$28,22,FALSE),IF(B8="方法B",VLOOKUP(A8,Participants!$A$5:$W$28,23,FALSE),IF(B8="无明显偏好","无明显偏好",""))) | I8: 是 | K8: =IF(AND(B8<>"",D8<>"",E8<>"",F8<>"",G8<>"",H8<>""),"完整","缺失") -> 缺失
A9: P005 | C9: =IF(B9="方法A",VLOOKUP(A9,Participants!$A$5:$W$28,22,FALSE),IF(B9="方法B",VLOOKUP(A9,Participants!$A$5:$W$28,23,FALSE),IF(B9="无明显偏好","无明显偏好",""))) | I9: 是 | K9: =IF(AND(B9<>"",D9<>"",E9<>"",F9<>"",G9<>"",H9<>""),"完整","缺失") -> 缺失
A10: P006 | C10: =IF(B10="方法A",VLOOKUP(A10,Participants!$A$5:$W$28,22,FALSE),IF(B10="方法B",VLOOKUP(A10,Participants!$A$5:$W$28,23,FALSE),IF(B10="无明显偏好","无明显偏好",""))) | I10: 是 | K10: =IF(AND(B10<>"",D10<>"",E10<>"",F10<>"",G10<>"",H10<>""),"完整","缺失") -> 缺失
A11: P007 | C11: =IF(B11="方法A",VLOOKUP(A11,Participants!$A$5:$W$28,22,FALSE),IF(B11="方法B",VLOOKUP(A11,Participants!$A$5:$W$28,23,FALSE),IF(B11="无明显偏好","无明显偏好",""))) | I11: 是 | K11: =IF(AND(B11<>"",D11<>"",E11<>"",F11<>"",G11<>"",H11<>""),"完整","缺失") -> 缺失
A12: P008 | C12: =IF(B12="方法A",VLOOKUP(A12,Participants!$A$5:$W$28,22,FALSE),IF(B12="方法B",VLOOKUP(A12,Participants!$A$5:$W$28,23,FALSE),IF(B12="无明显偏好","无明显偏好",""))) | I12: 是 | K12: =IF(AND(B12<>"",D12<>"",E12<>"",F12<>"",G12<>"",H12<>""),"完整","缺失") -> 缺失
A13: P009 | C13: =IF(B13="方法A",VLOOKUP(A13,Participants!$A$5:$W$28,22,FALSE),IF(B13="方法B",VLOOKUP(A13,Participants!$A$5:$W$28,23,FALSE),IF(B13="无明显偏好","无明显偏好",""))) | I13: 是 | K13: =IF(AND(B13<>"",D13<>"",E13<>"",F13<>"",G13<>"",H13<>""),"完整","缺失") -> 缺失
A14: P010 | C14: =IF(B14="方法A",VLOOKUP(A14,Participants!$A$5:$W$28,22,FALSE),IF(B14="方法B",VLOOKUP(A14,Participants!$A$5:$W$28,23,FALSE),IF(B14="无明显偏好","无明显偏好",""))) | I14: 是 | K14: =IF(AND(B14<>"",D14<>"",E14<>"",F14<>"",G14<>"",H14<>""),"完整","缺失") -> 缺失
A15: P011 | C15: =IF(B15="方法A",VLOOKUP(A15,Participants!$A$5:$W$28,22,FALSE),IF(B15="方法B",VLOOKUP(A15,Participants!$A$5:$W$28,23,FALSE),IF(B15="无明显偏好","无明显偏好",""))) | I15: 是 | K15: =IF(AND(B15<>"",D15<>"",E15<>"",F15<>"",G15<>"",H15<>""),"完整","缺失") -> 缺失
A16: P012 | C16: =IF(B16="方法A",VLOOKUP(A16,Participants!$A$5:$W$28,22,FALSE),IF(B16="方法B",VLOOKUP(A16,Participants!$A$5:$W$28,23,FALSE),IF(B16="无明显偏好","无明显偏好",""))) | I16: 是 | K16: =IF(AND(B16<>"",D16<>"",E16<>"",F16<>"",G16<>"",H16<>""),"完整","缺失") -> 缺失
... A28: P024 | C28: =IF(B28="方法A",VLOOKUP(A28,Participants!$A$5:$W$28,22,FALSE),IF(B28="方法B",VLOOKUP(A28,Participants!$A$5:$W$28,23,FALSE),IF(B28="无明显偏好","无明显偏好",""))) | I28: 是 | K28: =IF(AND(B28<>"",D28<>"",E28<>"",F28<>"",G28<>"",H28<>""),"完整","缺失") -> 缺失

Sheet RuntimeAudit
A1: 运行时日志与技术审计（不作为用户体验因变量）
A2: 全部指标为自参考运行时日志，不是绝对配准误差。可用于检查两条件是否接收到可比的候选观测、遮挡是否进入预期生命周期状态，以及技术问题是否影响某个区块。
A4: Participant_ID | B4: Block_Index | C4: Object | D4: Shown_Label | E4: Condition | F4: Candidate_Rate_Hz | G4: VCD_Score_Median | H4: VCD_Admission_Rate | I4: Output_Availability | J4: Occlusion_Events | K4: Occlusion_Duration_s | L4: Occlusion_Lifecycle_State | M4: Server_Reacquire_Count | N4: StaticLock_Enter_Count | O4: Display_Frame_Increment_P95_mm | P4: Block_Duration_s | Q4: Static_Phase_Duration_s | R4: Move_Phase_Duration_s | S4: Occlusion_Phase_Duration_s | T4: AQ_Duration_s | U4: Technical_Issue | V4: Block_Valid | W4: Notes
A5: P001 | B5: 1 | C5: 鼠标 | D5: 方法A | E5: EgoAnchor | U5: 无 | V5: 是
A6: P001 | B6: 2 | C6: 鼠标 | D6: 方法B | E6: One-Euro | U6: 无 | V6: 是
A7: P001 | B7: 3 | C7: 固定订书机 | D7: 方法B | E7: One-Euro | U7: 无 | V7: 是
A8: P001 | B8: 4 | C8: 固定订书机 | D8: 方法A | E8: EgoAnchor | U8: 无 | V8: 是
A9: P001 | B9: 5 | C9: 游戏手柄 | D9: 方法A | E9: EgoAnchor | U9: 无 | V9: 是
A10: P001 | B10: 6 | C10: 游戏手柄 | D10: 方法B | E10: One-Euro | U10: 无 | V10: 是
A11: P002 | B11: 1 | C11: 鼠标 | D11: 方法A | E11: EgoAnchor | U11: 无 | V11: 是
A12: P002 | B12: 2 | C12: 鼠标 | D12: 方法B | E12: One-Euro | U12: 无 | V12: 是
A13: P002 | B13: 3 | C13: 游戏手柄 | D13: 方法B | E13: One-Euro | U13: 无 | V13: 是
A14: P002 | B14: 4 | C14: 游戏手柄 | D14: 方法A | E14: EgoAnchor | U14: 无 | V14: 是
A15: P002 | B15: 5 | C15: 固定订书机 | D15: 方法A | E15: EgoAnchor | U15: 无 | V15: 是
A16: P002 | B16: 6 | C16: 固定订书机 | D16: 方法B | E16: One-Euro | U16: 无 | V16: 是
... A148: P024 | B148: 6 | C148: 鼠标 | D148: 方法A | E148: One-Euro | U148: 无 | V148: 是

Sheet ParticipantConditionSummary
A1: 参与者×方法汇总分（自动计算；48行）
A2: 每名参与者先列EgoAnchor、再列One-Euro。任务和AQ项目在三个物体上取有效区块平均；方法级项目直接从MethodRatings提取。AB–AE为信度计算辅助总分。
A4: Participant_ID | B4: Condition | C4: Shown_Label | D4: Participant_Included | E4: Valid_Block_Count | F4: T1_Static_Mean | G4: T2_Motion_Mean | H4: T3_Recovery_Mean | I4: EQ1_Mean | J4: EQ2_Mean | K4: EQ3_Mean | L4: EmbeddingQuality_Mean | M4: IQ1_Mean | N4: IQ2_Mean | O4: IQ3_Mean | P4: InteractionQuality_Mean | Q4: ST1 | R4: ST2 | S4: ST3 | T4: STIAS_Mean | U4: CR1 | V4: CR2 | W4: CR3 | X4: CRIQ_Exploratory_Mean | Y4: CI1 | Z4: CI2 | AA4: SB1 | AB4: EQ_Item_Total | AC4: IQ_Item_Total | AD4: STIAS_Item_Total | AE4: CRIQ_Item_Total | AF4: Data_Complete
A5: P001 | B5: EgoAnchor | C5: =IF(B5=VLOOKUP(A5,Participants!$A$5:$W$28,22,FALSE),"方法A","方法B") -> 方法A | D5: =VLOOKUP(A5,Participants!$A$5:$B$28,2,FALSE) -> 是 | E5: =COUNTIFS(TaskRatings!$A$5:$A$148,A5,TaskRatings!$F$5:$F$148,B5,TaskRatings!$O$5:$O$148,"是") -> 3 | F5: =IFERROR(SUMIFS(TaskRatings!$H$5:$H$148,TaskRatings!$A$5:$A$148,A5,TaskRatings!$F$5:$F$148,B5,TaskRatings!$O$5:$O$148,"是",TaskRatings!$H$5:$H$148,">0")/COUNTIFS(TaskRatings!$A$5:$A$148,A5,TaskRatings!$F$5:$F$148,B5,TaskRatings!$O$5:$O$148,"是",TaskRatings!$H$5:$H$148,">0"),"") | G5: =IFERROR(SUMIFS(TaskRatings!$J$5:$J$148,TaskRatings!$A$5:$A$148,A5,TaskRatings!$F$5:$F$148,B5,TaskRatings!$O$5:$O$148,"是",TaskRatings!$J$5:$J$148,">0")/COUNTIFS(TaskRatings!$A$5:$A$148,A5,TaskRatings!$F$5:$F$148,B5,TaskRatings!$O$5:$O$148,"是",TaskRatings!$J$5:$J$148,">0"),"") | H5: =IFERROR(SUMIFS(TaskRatings!$L$5:$L$148,TaskRatings!$A$5:$A$148,A5,TaskRatings!$F$5:$F$148,B5,TaskRatings!$O$5:$O$148,"是",TaskRatings!$L$5:$L$148,">0")/COUNTIFS(TaskRatings!$A$5:$A$148,A5,TaskRatings!$F$5:$F$148,B5,TaskRatings!$O$5:$O$148,"是",TaskRatings!$L$5:$L$148,">0"),"") | I5: =IFERROR(SUMIFS(BlockRatings_AQ!$H$5:$H$148,BlockRatings_AQ!$A$5:$A$148,A5,BlockRatings_AQ!$F$5:$F$148,B5,BlockRatings_AQ!$R$5:$R$148,"是",BlockRatings_AQ!$H$5:$H$148,">0")/COUNTIFS(BlockRatings_AQ!$A$5:$A$148,A5,BlockRatings_AQ!$F$5:$F$148,B5,BlockRatings_AQ!$R$5:$R$148,"是",BlockRatings_AQ!$H$5:$H$148,">0"),"") | J5: =IFERROR(SUMIFS(BlockRatings_AQ!$I$5:$I$148,BlockRatings_AQ!$A$5:$A$148,A5,BlockRatings_AQ!$F$5:$F$148,B5,BlockRatings_AQ!$R$5:$R$148,"是",BlockRatings_AQ!$I$5:$I$148,">0")/COUNTIFS(BlockRatings_AQ!$A$5:$A$148,A5,BlockRatings_AQ!$F$5:$F$148,B5,BlockRatings_AQ!$R$5:$R$148,"是",BlockRatings_AQ!$I$5:$I$148,">0"),"") | K5: =IFERROR(SUMIFS(BlockRatings_AQ!$J$5:$J$148,BlockRatings_AQ!$A$5:$A$148,A5,BlockRatings_AQ!$F$5:$F$148,B5,BlockRatings_AQ!$R$5:$R$148,"是",BlockRatings_AQ!$J$5:$J$148,">0")/COUNTIFS(BlockRatings_AQ!$A$5:$A$148,A5,BlockRatings_AQ!$F$5:$F$148,B5,BlockRatings_AQ!$R$5:$R$148,"是",BlockRatings_AQ!$J$5:$J$148,">0"),"") | L5: =IF(COUNT(I5:K5)=3,AVERAGE(I5:K5),"") | M5: =IFERROR(SUMIFS(BlockRatings_AQ!$L$5:$L$148,BlockRatings_AQ!$A$5:$A$148,A5,BlockRatings_AQ!$F$5:$F$148,B5,BlockRatings_AQ!$R$5:$R$148,"是",BlockRatings_AQ!$L$5:$L$148,">0")/COUNTIFS(BlockRatings_AQ!$A$5:$A$148,A5,BlockRatings_AQ!$F$5:$F$148,B5,BlockRatings_AQ!$R$5:$R$148,"是",BlockRatings_AQ!$L$5:$L$148,">0"),"") | N5: =IFERROR(SUMIFS(BlockRatings_AQ!$M$5:$M$148,BlockRatings_AQ!$A$5:$A$148,A5,BlockRatings_AQ!$F$5:$F$148,B5,BlockRatings_AQ!$R$5:$R$148,"是",BlockRatings_AQ!$M$5:$M$148,">0")/COUNTIFS(BlockRatings_AQ!$A$5:$A$148,A5,BlockRatings_AQ!$F$5:$F$148,B5,BlockRatings_AQ!$R$5:$R$148,"是",BlockRatings_AQ!$M$5:$M$148,">0"),"") | O5: =IFERROR(SUMIFS(BlockRatings_AQ!$N$5:$N$148,BlockRatings_AQ!$A$5:$A$148,A5,BlockRatings_AQ!$F$5:$F$148,B5,BlockRatings_AQ!$R$5:$R$148,"是",BlockRatings_AQ!$N$5:$N$148,">0")/COUNTIFS(BlockRatings_AQ!$A$5:$A$148,A5,BlockRatings_AQ!$F$5:$F$148,B5,BlockRatings_AQ!$R$5:$R$148,"是",BlockRatings_AQ!$N$5:$N$148,">0"),"") | P5: =IF(COUNT(M5:O5)=3,AVERAGE(M5:O5),"") | Q5: =IFERROR(SUMIFS(MethodRatings!$E$5:$E$52,MethodRatings!$A$5:$A$52,A5,MethodRatings!$D$5:$D$52,B5,MethodRatings!$E$5:$E$52,">0")/COUNTIFS(MethodRatings!$A$5:$A$52,A5,MethodRatings!$D$5:$D$52,B5,MethodRatings!$E$5:$E$52,">0"),"") | R5: =IFERROR(SUMIFS(MethodRatings!$F$5:$F$52,MethodRatings!$A$5:$A$52,A5,MethodRatings!$D$5:$D$52,B5,MethodRatings!$F$5:$F$52,">0")/COUNTIFS(MethodRatings!$A$5:$A$52,A5,MethodRatings!$D$5:$D$52,B5,MethodRatings!$F$5:$F$52,">0"),"") | S5: =IFERROR(SUMIFS(MethodRatings!$G$5:$G$52,MethodRatings!$A$5:$A$52,A5,MethodRatings!$D$5:$D$52,B5,MethodRatings!$G$5:$G$52,">0")/COUNTIFS(MethodRatings!$A$5:$A$52,A5,MethodRatings!$D$5:$D$52,B5,MethodRatings!$G$5:$G$52,">0"),"") | T5: =IF(COUNT(Q5:S5)=3,AVERAGE(Q5:S5),"") | U5: =IFERROR(SUMIFS(MethodRatings!$I$5:$I$52,MethodRatings!$A$5:$A$52,A5,MethodRatings!$D$5:$D$52,B5,MethodRatings!$I$5:$I$52,">0")/COUNTIFS(MethodRatings!$A$5:$A$52,A5,MethodRatings!$D$5:$D$52,B5,MethodRatings!$I$5:$I$52,">0"),"") | V5: =IFERROR(SUMIFS(MethodRatings!$J$5:$J$52,MethodRatings!$A$5:$A$52,A5,MethodRatings!$D$5:$D$52,B5,MethodRatings!$J$5:$J$52,">0")/COUNTIFS(MethodRatings!$A$5:$A$52,A5,MethodRatings!$D$5:$D$52,B5,MethodRatings!$J$5:$J$52,">0"),"") | W5: =IFERROR(SUMIFS(MethodRatings!$K$5:$K$52,MethodRatings!$A$5:$A$52,A5,MethodRatings!$D$5:$D$52,B5,MethodRatings!$K$5:$K$52,">0")/COUNTIFS(MethodRatings!$A$5:$A$52,A5,MethodRatings!$D$5:$D$52,B5,MethodRatings!$K$5:$K$52,">0"),"") | X5: =IF(COUNT(U5:W5)=3,AVERAGE(U5:W5),"") | Y5: =IFERROR(SUMIFS(MethodRatings!$M$5:$M$52,MethodRatings!$A$5:$A$52,A5,MethodRatings!$D$5:$D$52,B5,MethodRatings!$M$5:$M$52,">0")/COUNTIFS(MethodRatings!$A$5:$A$52,A5,MethodRatings!$D$5:$D$52,B5,MethodRatings!$M$5:$M$52,">0"),"") | Z5: =IFERROR(SUMIFS(MethodRatings!$N$5:$N$52,MethodRatings!$A$5:$A$52,A5,MethodRatings!$D$5:$D$52,B5,MethodRatings!$N$5:$N$52,">0")/COUNTIFS(MethodRatings!$A$5:$A$52,A5,MethodRatings!$D$5:$D$52,B5,MethodRatings!$N$5:$N$52,">0"),"") | AA5: =IFERROR(SUMIFS(MethodRatings!$O$5:$O$52,MethodRatings!$A$5:$A$52,A5,MethodRatings!$D$5:$D$52,B5,MethodRatings!$O$5:$O$52,">0")/COUNTIFS(MethodRatings!$A$5:$A$52,A5,MethodRatings!$D$5:$D$52,B5,MethodRatings!$O$5:$O$52,">0"),"") | AB5: =IF(COUNT(I5:K5)=3,SUM(I5:K5),"") | AC5: =IF(COUNT(M5:O5)=3,SUM(M5:O5),"") | AD5: =IF(COUNT(Q5:S5)=3,SUM(Q5:S5),"") | AE5: =IF(COUNT(U5:W5)=3,SUM(U5:W5),"") | AF5: =IF((COUNT(F5:K5)+COUNT(M5:O5)+COUNT(Q5:S5)+COUNT(U5:W5)+COUNT(Y5:AA5))=18,"完整","缺失") -> 缺失
A6: P002 | B6: EgoAnchor | C6: =IF(B6=VLOOKUP(A6,Participants!$A$5:$W$28,22,FALSE),"方法A","方法B") -> 方法A | D6: =VLOOKUP(A6,Participants!$A$5:$B$28,2,FALSE) -> 是 | E6: =COUNTIFS(TaskRatings!$A$5:$A$148,A6,TaskRatings!$F$5:$F$148,B6,TaskRatings!$O$5:$O$148,"是") -> 3 | F6: =IFERROR(SUMIFS(TaskRatings!$H$5:$H$148,TaskRatings!$A$5:$A$148,A6,TaskRatings!$F$5:$F$148,B6,TaskRatings!$O$5:$O$148,"是",TaskRatings!$H$5:$H$148,">0")/COUNTIFS(TaskRatings!$A$5:$A$148,A6,TaskRatings!$F$5:$F$148,B6,TaskRatings!$O$5:$O$148,"是",TaskRatings!$H$5:$H$148,">0"),"") | G6: =IFERROR(SUMIFS(TaskRatings!$J$5:$J$148,TaskRatings!$A$5:$A$148,A6,TaskRatings!$F$5:$F$148,B6,TaskRatings!$O$5:$O$148,"是",TaskRatings!$J$5:$J$148,">0")/COUNTIFS(TaskRatings!$A$5:$A$148,A6,TaskRatings!$F$5:$F$148,B6,TaskRatings!$O$5:$O$148,"是",TaskRatings!$J$5:$J$148,">0"),"") | H6: =IFERROR(SUMIFS(TaskRatings!$L$5:$L$148,TaskRatings!$A$5:$A$148,A6,TaskRatings!$F$5:$F$148,B6,TaskRatings!$O$5:$O$148,"是",TaskRatings!$L$5:$L$148,">0")/COUNTIFS(TaskRatings!$A$5:$A$148,A6,TaskRatings!$F$5:$F$148,B6,TaskRatings!$O$5:$O$148,"是",TaskRatings!$L$5:$L$148,">0"),"") | I6: =IFERROR(SUMIFS(BlockRatings_AQ!$H$5:$H$148,BlockRatings_AQ!$A$5:$A$148,A6,BlockRatings_AQ!$F$5:$F$148,B6,BlockRatings_AQ!$R$5:$R$148,"是",BlockRatings_AQ!$H$5:$H$148,">0")/COUNTIFS(BlockRatings_AQ!$A$5:$A$148,A6,BlockRatings_AQ!$F$5:$F$148,B6,BlockRatings_AQ!$R$5:$R$148,"是",BlockRatings_AQ!$H$5:$H$148,">0"),"") | J6: =IFERROR(SUMIFS(BlockRatings_AQ!$I$5:$I$148,BlockRatings_AQ!$A$5:$A$148,A6,BlockRatings_AQ!$F$5:$F$148,B6,BlockRatings_AQ!$R$5:$R$148,"是",BlockRatings_AQ!$I$5:$I$148,">0")/COUNTIFS(BlockRatings_AQ!$A$5:$A$148,A6,BlockRatings_AQ!$F$5:$F$148,B6,BlockRatings_AQ!$R$5:$R$148,"是",BlockRatings_AQ!$I$5:$I$148,">0"),"") | K6: =IFERROR(SUMIFS(BlockRatings_AQ!$J$5:$J$148,BlockRatings_AQ!$A$5:$A$148,A6,BlockRatings_AQ!$F$5:$F$148,B6,BlockRatings_AQ!$R$5:$R$148,"是",BlockRatings_AQ!$J$5:$J$148,">0")/COUNTIFS(BlockRatings_AQ!$A$5:$A$148,A6,BlockRatings_AQ!$F$5:$F$148,B6,BlockRatings_AQ!$R$5:$R$148,"是",BlockRatings_AQ!$J$5:$J$148,">0"),"") | L6: =IF(COUNT(I6:K6)=3,AVERAGE(I6:K6),"") | M6: =IFERROR(SUMIFS(BlockRatings_AQ!$L$5:$L$148,BlockRatings_AQ!$A$5:$A$148,A6,BlockRatings_AQ!$F$5:$F$148,B6,BlockRatings_AQ!$R$5:$R$148,"是",BlockRatings_AQ!$L$5:$L$148,">0")/COUNTIFS(BlockRatings_AQ!$A$5:$A$148,A6,BlockRatings_AQ!$F$5:$F$148,B6,BlockRatings_AQ!$R$5:$R$148,"是",BlockRatings_AQ!$L$5:$L$148,">0"),"") | N6: =IFERROR(SUMIFS(BlockRatings_AQ!$M$5:$M$148,BlockRatings_AQ!$A$5:$A$148,A6,BlockRatings_AQ!$F$5:$F$148,B6,BlockRatings_AQ!$R$5:$R$148,"是",BlockRatings_AQ!$M$5:$M$148,">0")/COUNTIFS(BlockRatings_AQ!$A$5:$A$148,A6,BlockRatings_AQ!$F$5:$F$148,B6,BlockRatings_AQ!$R$5:$R$148,"是",BlockRatings_AQ!$M$5:$M$148,">0"),"") | O6: =IFERROR(SUMIFS(BlockRatings_AQ!$N$5:$N$148,BlockRatings_AQ!$A$5:$A$148,A6,BlockRatings_AQ!$F$5:$F$148,B6,BlockRatings_AQ!$R$5:$R$148,"是",BlockRatings_AQ!$N$5:$N$148,">0")/COUNTIFS(BlockRatings_AQ!$A$5:$A$148,A6,BlockRatings_AQ!$F$5:$F$148,B6,BlockRatings_AQ!$R$5:$R$148,"是",BlockRatings_AQ!$N$5:$N$148,">0"),"") | P6: =IF(COUNT(M6:O6)=3,AVERAGE(M6:O6),"") | Q6: =IFERROR(SUMIFS(MethodRatings!$E$5:$E$52,MethodRatings!$A$5:$A$52,A6,MethodRatings!$D$5:$D$52,B6,MethodRatings!$E$5:$E$52,">0")/COUNTIFS(MethodRatings!$A$5:$A$52,A6,MethodRatings!$D$5:$D$52,B6,MethodRatings!$E$5:$E$52,">0"),"") | R6: =IFERROR(SUMIFS(MethodRatings!$F$5:$F$52,MethodRatings!$A$5:$A$52,A6,MethodRatings!$D$5:$D$52,B6,MethodRatings!$F$5:$F$52,">0")/COUNTIFS(MethodRatings!$A$5:$A$52,A6,MethodRatings!$D$5:$D$52,B6,MethodRatings!$F$5:$F$52,">0"),"") | S6: =IFERROR(SUMIFS(MethodRatings!$G$5:$G$52,MethodRatings!$A$5:$A$52,A6,MethodRatings!$D$5:$D$52,B6,MethodRatings!$G$5:$G$52,">0")/COUNTIFS(MethodRatings!$A$5:$A$52,A6,MethodRatings!$D$5:$D$52,B6,MethodRatings!$G$5:$G$52,">0"),"") | T6: =IF(COUNT(Q6:S6)=3,AVERAGE(Q6:S6),"") | U6: =IFERROR(SUMIFS(MethodRatings!$I$5:$I$52,MethodRatings!$A$5:$A$52,A6,MethodRatings!$D$5:$D$52,B6,MethodRatings!$I$5:$I$52,">0")/COUNTIFS(MethodRatings!$A$5:$A$52,A6,MethodRatings!$D$5:$D$52,B6,MethodRatings!$I$5:$I$52,">0"),"") | V6: =IFERROR(SUMIFS(MethodRatings!$J$5:$J$52,MethodRatings!$A$5:$A$52,A6,MethodRatings!$D$5:$D$52,B6,MethodRatings!$J$5:$J$52,">0")/COUNTIFS(MethodRatings!$A$5:$A$52,A6,MethodRatings!$D$5:$D$52,B6,MethodRatings!$J$5:$J$52,">0"),"") | W6: =IFERROR(SUMIFS(MethodRatings!$K$5:$K$52,MethodRatings!$A$5:$A$52,A6,MethodRatings!$D$5:$D$52,B6,MethodRatings!$K$5:$K$52,">0")/COUNTIFS(MethodRatings!$A$5:$A$52,A6,MethodRatings!$D$5:$D$52,B6,MethodRatings!$K$5:$K$52,">0"),"") | X6: =IF(COUNT(U6:W6)=3,AVERAGE(U6:W6),"") | Y6: =IFERROR(SUMIFS(MethodRatings!$M$5:$M$52,MethodRatings!$A$5:$A$52,A6,MethodRatings!$D$5:$D$52,B6,MethodRatings!$M$5:$M$52,">0")/COUNTIFS(MethodRatings!$A$5:$A$52,A6,MethodRatings!$D$5:$D$52,B6,MethodRatings!$M$5:$M$52,">0"),"") | Z6: =IFERROR(SUMIFS(MethodRatings!$N$5:$N$52,MethodRatings!$A$5:$A$52,A6,MethodRatings!$D$5:$D$52,B6,MethodRatings!$N$5:$N$52,">0")/COUNTIFS(MethodRatings!$A$5:$A$52,A6,MethodRatings!$D$5:$D$52,B6,MethodRatings!$N$5:$N$52,">0"),"") | AA6: =IFERROR(SUMIFS(MethodRatings!$O$5:$O$52,MethodRatings!$A$5:$A$52,A6,MethodRatings!$D$5:$D$52,B6,MethodRatings!$O$5:$O$52,">0")/COUNTIFS(MethodRatings!$A$5:$A$52,A6,MethodRatings!$D$5:$D$52,B6,MethodRatings!$O$5:$O$52,">0"),"") | AB6: =IF(COUNT(I6:K6)=3,SUM(I6:K6),"") | AC6: =IF(COUNT(M6:O6)=3,SUM(M6:O6),"") | AD6: =IF(COUNT(Q6:S6)=3,SUM(Q6:S6),"") | AE6: =IF(COUNT(U6:W6)=3,SUM(U6:W6),"") | AF6: =IF((COUNT(F6:K6)+COUNT(M6:O6)+COUNT(Q6:S6)+COUNT(U6:W6)+COUNT(Y6:AA6))=18,"完整","缺失") -> 缺失
A7: P003 | B7: EgoAnchor | C7: =IF(B7=VLOOKUP(A7,Participants!$A$5:$W$28,22,FALSE),"方法A","方法B") -> 方法A | D7: =VLOOKUP(A7,Participants!$A$5:$B$28,2,FALSE) -> 是 | E7: =COUNTIFS(TaskRatings!$A$5:$A$148,A7,TaskRatings!$F$5:$F$148,B7,TaskRatings!$O$5:$O$148,"是") -> 3 | F7: =IFERROR(SUMIFS(TaskRatings!$H$5:$H$148,TaskRatings!$A$5:$A$148,A7,TaskRatings!$F$5:$F$148,B7,TaskRatings!$O$5:$O$148,"是",TaskRatings!$H$5:$H$148,">0")/COUNTIFS(TaskRatings!$A$5:$A$148,A7,TaskRatings!$F$5:$F$148,B7,TaskRatings!$O$5:$O$148,"是",TaskRatings!$H$5:$H$148,">0"),"") | G7: =IFERROR(SUMIFS(TaskRatings!$J$5:$J$148,TaskRatings!$A$5:$A$148,A7,TaskRatings!$F$5:$F$148,B7,TaskRatings!$O$5:$O$148,"是",TaskRatings!$J$5:$J$148,">0")/COUNTIFS(TaskRatings!$A$5:$A$148,A7,TaskRatings!$F$5:$F$148,B7,TaskRatings!$O$5:$O$148,"是",TaskRatings!$J$5:$J$148,">0"),"") | H7: =IFERROR(SUMIFS(TaskRatings!$L$5:$L$148,TaskRatings!$A$5:$A$148,A7,TaskRatings!$F$5:$F$148,B7,TaskRatings!$O$5:$O$148,"是",TaskRatings!$L$5:$L$148,">0")/COUNTIFS(TaskRatings!$A$5:$A$148,A7,TaskRatings!$F$5:$F$148,B7,TaskRatings!$O$5:$O$148,"是",TaskRatings!$L$5:$L$148,">0"),"") | I7: =IFERROR(SUMIFS(BlockRatings_AQ!$H$5:$H$148,BlockRatings_AQ!$A$5:$A$148,A7,BlockRatings_AQ!$F$5:$F$148,B7,BlockRatings_AQ!$R$5:$R$148,"是",BlockRatings_AQ!$H$5:$H$148,">0")/COUNTIFS(BlockRatings_AQ!$A$5:$A$148,A7,BlockRatings_AQ!$F$5:$F$148,B7,BlockRatings_AQ!$R$5:$R$148,"是",BlockRatings_AQ!$H$5:$H$148,">0"),"") | J7: =IFERROR(SUMIFS(BlockRatings_AQ!$I$5:$I$148,BlockRatings_AQ!$A$5:$A$148,A7,BlockRatings_AQ!$F$5:$F$148,B7,BlockRatings_AQ!$R$5:$R$148,"是",BlockRatings_AQ!$I$5:$I$148,">0")/COUNTIFS(BlockRatings_AQ!$A$5:$A$148,A7,BlockRatings_AQ!$F$5:$F$148,B7,BlockRatings_AQ!$R$5:$R$148,"是",BlockRatings_AQ!$I$5:$I$148,">0"),"") | K7: =IFERROR(SUMIFS(BlockRatings_AQ!$J$5:$J$148,BlockRatings_AQ!$A$5:$A$148,A7,BlockRatings_AQ!$F$5:$F$148,B7,BlockRatings_AQ!$R$5:$R$148,"是",BlockRatings_AQ!$J$5:$J$148,">0")/COUNTIFS(BlockRatings_AQ!$A$5:$A$148,A7,BlockRatings_AQ!$F$5:$F$148,B7,BlockRatings_AQ!$R$5:$R$148,"是",BlockRatings_AQ!$J$5:$J$148,">0"),"") | L7: =IF(COUNT(I7:K7)=3,AVERAGE(I7:K7),"") | M7: =IFERROR(SUMIFS(BlockRatings_AQ!$L$5:$L$148,BlockRatings_AQ!$A$5:$A$148,A7,BlockRatings_AQ!$F$5:$F$148,B7,BlockRatings_AQ!$R$5:$R$148,"是",BlockRatings_AQ!$L$5:$L$148,">0")/COUNTIFS(BlockRatings_AQ!$A$5:$A$148,A7,BlockRatings_AQ!$F$5:$F$148,B7,BlockRatings_AQ!$R$5:$R$148,"是",BlockRatings_AQ!$L$5:$L$148,">0"),"") | N7: =IFERROR(SUMIFS(BlockRatings_AQ!$M$5:$M$148,BlockRatings_AQ!$A$5:$A$148,A7,BlockRatings_AQ!$F$5:$F$148,B7,BlockRatings_AQ!$R$5:$R$148,"是",BlockRatings_AQ!$M$5:$M$148,">0")/COUNTIFS(BlockRatings_AQ!$A$5:$A$148,A7,BlockRatings_AQ!$F$5:$F$148,B7,BlockRatings_AQ!$R$5:$R$148,"是",BlockRatings_AQ!$M$5:$M$148,">0"),"") | O7: =IFERROR(SUMIFS(BlockRatings_AQ!$N$5:$N$148,BlockRatings_AQ!$A$5:$A$148,A7,BlockRatings_AQ!$F$5:$F$148,B7,BlockRatings_AQ!$R$5:$R$148,"是",BlockRatings_AQ!$N$5:$N$148,">0")/COUNTIFS(BlockRatings_AQ!$A$5:$A$148,A7,BlockRatings_AQ!$F$5:$F$148,B7,BlockRatings_AQ!$R$5:$R$148,"是",BlockRatings_AQ!$N$5:$N$148,">0"),"") | P7: =IF(COUNT(M7:O7)=3,AVERAGE(M7:O7),"") | Q7: =IFERROR(SUMIFS(MethodRatings!$E$5:$E$52,MethodRatings!$A$5:$A$52,A7,MethodRatings!$D$5:$D$52,B7,MethodRatings!$E$5:$E$52,">0")/COUNTIFS(MethodRatings!$A$5:$A$52,A7,MethodRatings!$D$5:$D$52,B7,MethodRatings!$E$5:$E$52,">0"),"") | R7: =IFERROR(SUMIFS(MethodRatings!$F$5:$F$52,MethodRatings!$A$5:$A$52,A7,MethodRatings!$D$5:$D$52,B7,MethodRatings!$F$5:$F$52,">0")/COUNTIFS(MethodRatings!$A$5:$A$52,A7,MethodRatings!$D$5:$D$52,B7,MethodRatings!$F$5:$F$52,">0"),"") | S7: =IFERROR(SUMIFS(MethodRatings!$G$5:$G$52,MethodRatings!$A$5:$A$52,A7,MethodRatings!$D$5:$D$52,B7,MethodRatings!$G$5:$G$52,">0")/COUNTIFS(MethodRatings!$A$5:$A$52,A7,MethodRatings!$D$5:$D$52,B7,MethodRatings!$G$5:$G$52,">0"),"") | T7: =IF(COUNT(Q7:S7)=3,AVERAGE(Q7:S7),"") | U7: =IFERROR(SUMIFS(MethodRatings!$I$5:$I$52,MethodRatings!$A$5:$A$52,A7,MethodRatings!$D$5:$D$52,B7,MethodRatings!$I$5:$I$52,">0")/COUNTIFS(MethodRatings!$A$5:$A$52,A7,MethodRatings!$D$5:$D$52,B7,MethodRatings!$I$5:$I$52,">0"),"") | V7: =IFERROR(SUMIFS(MethodRatings!$J$5:$J$52,MethodRatings!$A$5:$A$52,A7,MethodRatings!$D$5:$D$52,B7,MethodRatings!$J$5:$J$52,">0")/COUNTIFS(MethodRatings!$A$5:$A$52,A7,MethodRatings!$D$5:$D$52,B7,MethodRatings!$J$5:$J$52,">0"),"") | W7: =IFERROR(SUMIFS(MethodRatings!$K$5:$K$52,MethodRatings!$A$5:$A$52,A7,MethodRatings!$D$5:$D$52,B7,MethodRatings!$K$5:$K$52,">0")/COUNTIFS(MethodRatings!$A$5:$A$52,A7,MethodRatings!$D$5:$D$52,B7,MethodRatings!$K$5:$K$52,">0"),"") | X7: =IF(COUNT(U7:W7)=3,AVERAGE(U7:W7),"") | Y7: =IFERROR(SUMIFS(MethodRatings!$M$5:$M$52,MethodRatings!$A$5:$A$52,A7,MethodRatings!$D$5:$D$52,B7,MethodRatings!$M$5:$M$52,">0")/COUNTIFS(MethodRatings!$A$5:$A$52,A7,MethodRatings!$D$5:$D$52,B7,MethodRatings!$M$5:$M$52,">0"),"") | Z7: =IFERROR(SUMIFS(MethodRatings!$N$5:$N$52,MethodRatings!$A$5:$A$52,A7,MethodRatings!$D$5:$D$52,B7,MethodRatings!$N$5:$N$52,">0")/COUNTIFS(MethodRatings!$A$5:$A$52,A7,MethodRatings!$D$5:$D$52,B7,MethodRatings!$N$5:$N$52,">0"),"") | AA7: =IFERROR(SUMIFS(MethodRatings!$O$5:$O$52,MethodRatings!$A$5:$A$52,A7,MethodRatings!$D$5:$D$52,B7,MethodRatings!$O$5:$O$52,">0")/COUNTIFS(MethodRatings!$A$5:$A$52,A7,MethodRatings!$D$5:$D$52,B7,MethodRatings!$O$5:$O$52,">0"),"") | AB7: =IF(COUNT(I7:K7)=3,SUM(I7:K7),"") | AC7: =IF(COUNT(M7:O7)=3,SUM(M7:O7),"") | AD7: =IF(COUNT(Q7:S7)=3,SUM(Q7:S7),"") | AE7: =IF(COUNT(U7:W7)=3,SUM(U7:W7),"") | AF7: =IF((COUNT(F7:K7)+COUNT(M7:O7)+COUNT(Q7:S7)+COUNT(U7:W7)+COUNT(Y7:AA7))=18,"完整","缺失") -> 缺失
A8: P004 | B8: EgoAnchor | C8: =IF(B8=VLOOKUP(A8,Participants!$A$5:$W$28,22,FALSE),"方法A","方法B") -> 方法A | D8: =VLOOKUP(A8,Participants!$A$5:$B$28,2,FALSE) -> 是 | E8: =COUNTIFS(TaskRatings!$A$5:$A$148,A8,TaskRatings!$F$5:$F$148,B8,TaskRatings!$O$5:$O$148,"是") -> 3 | F8: =IFERROR(SUMIFS(TaskRatings!$H$5:$H$148,TaskRatings!$A$5:$A$148,A8,TaskRatings!$F$5:$F$148,B8,TaskRatings!$O$5:$O$148,"是",TaskRatings!$H$5:$H$148,">0")/COUNTIFS(TaskRatings!$A$5:$A$148,A8,TaskRatings!$F$5:$F$148,B8,TaskRatings!$O$5:$O$148,"是",TaskRatings!$H$5:$H$148,">0"),"") | G8: =IFERROR(SUMIFS(TaskRatings!$J$5:$J$148,TaskRatings!$A$5:$A$148,A8,TaskRatings!$F$5:$F$148,B8,TaskRatings!$O$5:$O$148,"是",TaskRatings!$J$5:$J$148,">0")/COUNTIFS(TaskRatings!$A$5:$A$148,A8,TaskRatings!$F$5:$F$148,B8,TaskRatings!$O$5:$O$148,"是",TaskRatings!$J$5:$J$148,">0"),"") | H8: =IFERROR(SUMIFS(TaskRatings!$L$5:$L$148,TaskRatings!$A$5:$A$148,A8,TaskRatings!$F$5:$F$148,B8,TaskRatings!$O$5:$O$148,"是",TaskRatings!$L$5:$L$148,">0")/COUNTIFS(TaskRatings!$A$5:$A$148,A8,TaskRatings!$F$5:$F$148,B8,TaskRatings!$O$5:$O$148,"是",TaskRatings!$L$5:$L$148,">0"),"") | I8: =IFERROR(SUMIFS(BlockRatings_AQ!$H$5:$H$148,BlockRatings_AQ!$A$5:$A$148,A8,BlockRatings_AQ!$F$5:$F$148,B8,BlockRatings_AQ!$R$5:$R$148,"是",BlockRatings_AQ!$H$5:$H$148,">0")/COUNTIFS(BlockRatings_AQ!$A$5:$A$148,A8,BlockRatings_AQ!$F$5:$F$148,B8,BlockRatings_AQ!$R$5:$R$148,"是",BlockRatings_AQ!$H$5:$H$148,">0"),"") | J8: =IFERROR(SUMIFS(BlockRatings_AQ!$I$5:$I$148,BlockRatings_AQ!$A$5:$A$148,A8,BlockRatings_AQ!$F$5:$F$148,B8,BlockRatings_AQ!$R$5:$R$148,"是",BlockRatings_AQ!$I$5:$I$148,">0")/COUNTIFS(BlockRatings_AQ!$A$5:$A$148,A8,BlockRatings_AQ!$F$5:$F$148,B8,BlockRatings_AQ!$R$5:$R$148,"是",BlockRatings_AQ!$I$5:$I$148,">0"),"") | K8: =IFERROR(SUMIFS(BlockRatings_AQ!$J$5:$J$148,BlockRatings_AQ!$A$5:$A$148,A8,BlockRatings_AQ!$F$5:$F$148,B8,BlockRatings_AQ!$R$5:$R$148,"是",BlockRatings_AQ!$J$5:$J$148,">0")/COUNTIFS(BlockRatings_AQ!$A$5:$A$148,A8,BlockRatings_AQ!$F$5:$F$148,B8,BlockRatings_AQ!$R$5:$R$148,"是",BlockRatings_AQ!$J$5:$J$148,">0"),"") | L8: =IF(COUNT(I8:K8)=3,AVERAGE(I8:K8),"") | M8: =IFERROR(SUMIFS(BlockRatings_AQ!$L$5:$L$148,BlockRatings_AQ!$A$5:$A$148,A8,BlockRatings_AQ!$F$5:$F$148,B8,BlockRatings_AQ!$R$5:$R$148,"是",BlockRatings_AQ!$L$5:$L$148,">0")/COUNTIFS(BlockRatings_AQ!$A$5:$A$148,A8,BlockRatings_AQ!$F$5:$F$148,B8,BlockRatings_AQ!$R$5:$R$148,"是",BlockRatings_AQ!$L$5:$L$148,">0"),"") | N8: =IFERROR(SUMIFS(BlockRatings_AQ!$M$5:$M$148,BlockRatings_AQ!$A$5:$A$148,A8,BlockRatings_AQ!$F$5:$F$148,B8,BlockRatings_AQ!$R$5:$R$148,"是",BlockRatings_AQ!$M$5:$M$148,">0")/COUNTIFS(BlockRatings_AQ!$A$5:$A$148,A8,BlockRatings_AQ!$F$5:$F$148,B8,BlockRatings_AQ!$R$5:$R$148,"是",BlockRatings_AQ!$M$5:$M$148,">0"),"") | O8: =IFERROR(SUMIFS(BlockRatings_AQ!$N$5:$N$148,BlockRatings_AQ!$A$5:$A$148,A8,BlockRatings_AQ!$F$5:$F$148,B8,BlockRatings_AQ!$R$5:$R$148,"是",BlockRatings_AQ!$N$5:$N$148,">0")/COUNTIFS(BlockRatings_AQ!$A$5:$A$148,A8,BlockRatings_AQ!$F$5:$F$148,B8,BlockRatings_AQ!$R$5:$R$148,"是",BlockRatings_AQ!$N$5:$N$148,">0"),"") | P8: =IF(COUNT(M8:O8)=3,AVERAGE(M8:O8),"") | Q8: =IFERROR(SUMIFS(MethodRatings!$E$5:$E$52,MethodRatings!$A$5:$A$52,A8,MethodRatings!$D$5:$D$52,B8,MethodRatings!$E$5:$E$52,">0")/COUNTIFS(MethodRatings!$A$5:$A$52,A8,MethodRatings!$D$5:$D$52,B8,MethodRatings!$E$5:$E$52,">0"),"") | R8: =IFERROR(SUMIFS(MethodRatings!$F$5:$F$52,MethodRatings!$A$5:$A$52,A8,MethodRatings!$D$5:$D$52,B8,MethodRatings!$F$5:$F$52,">0")/COUNTIFS(MethodRatings!$A$5:$A$52,A8,MethodRatings!$D$5:$D$52,B8,MethodRatings!$F$5:$F$52,">0"),"") | S8: =IFERROR(SUMIFS(MethodRatings!$G$5:$G$52,MethodRatings!$A$5:$A$52,A8,MethodRatings!$D$5:$D$52,B8,MethodRatings!$G$5:$G$52,">0")/COUNTIFS(MethodRatings!$A$5:$A$52,A8,MethodRatings!$D$5:$D$52,B8,MethodRatings!$G$5:$G$52,">0"),"") | T8: =IF(COUNT(Q8:S8)=3,AVERAGE(Q8:S8),"") | U8: =IFERROR(SUMIFS(MethodRatings!$I$5:$I$52,MethodRatings!$A$5:$A$52,A8,MethodRatings!$D$5:$D$52,B8,MethodRatings!$I$5:$I$52,">0")/COUNTIFS(MethodRatings!$A$5:$A$52,A8,MethodRatings!$D$5:$D$52,B8,MethodRatings!$I$5:$I$52,">0"),"") | V8: =IFERROR(SUMIFS(MethodRatings!$J$5:$J$52,MethodRatings!$A$5:$A$52,A8,MethodRatings!$D$5:$D$52,B8,MethodRatings!$J$5:$J$52,">0")/COUNTIFS(MethodRatings!$A$5:$A$52,A8,MethodRatings!$D$5:$D$52,B8,MethodRatings!$J$5:$J$52,">0"),"") | W8: =IFERROR(SUMIFS(MethodRatings!$K$5:$K$52,MethodRatings!$A$5:$A$52,A8,MethodRatings!$D$5:$D$52,B8,MethodRatings!$K$5:$K$52,">0")/COUNTIFS(MethodRatings!$A$5:$A$52,A8,MethodRatings!$D$5:$D$52,B8,MethodRatings!$K$5:$K$52,">0"),"") | X8: =IF(COUNT(U8:W8)=3,AVERAGE(U8:W8),"") | Y8: =IFERROR(SUMIFS(MethodRatings!$M$5:$M$52,MethodRatings!$A$5:$A$52,A8,MethodRatings!$D$5:$D$52,B8,MethodRatings!$M$5:$M$52,">0")/COUNTIFS(MethodRatings!$A$5:$A$52,A8,MethodRatings!$D$5:$D$52,B8,MethodRatings!$M$5:$M$52,">0"),"") | Z8: =IFERROR(SUMIFS(MethodRatings!$N$5:$N$52,MethodRatings!$A$5:$A$52,A8,MethodRatings!$D$5:$D$52,B8,MethodRatings!$N$5:$N$52,">0")/COUNTIFS(MethodRatings!$A$5:$A$52,A8,MethodRatings!$D$5:$D$52,B8,MethodRatings!$N$5:$N$52,">0"),"") | AA8: =IFERROR(SUMIFS(MethodRatings!$O$5:$O$52,MethodRatings!$A$5:$A$52,A8,MethodRatings!$D$5:$D$52,B8,MethodRatings!$O$5:$O$52,">0")/COUNTIFS(MethodRatings!$A$5:$A$52,A8,MethodRatings!$D$5:$D$52,B8,MethodRatings!$O$5:$O$52,">0"),"") | AB8: =IF(COUNT(I8:K8)=3,SUM(I8:K8),"") | AC8: =IF(COUNT(M8:O8)=3,SUM(M8:O8),"") | AD8: =IF(COUNT(Q8:S8)=3,SUM(Q8:S8),"") | AE8: =IF(COUNT(U8:W8)=3,SUM(U8:W8),"") | AF8: =IF((COUNT(F8:K8)+COUNT(M8:O8)+COUNT(Q8:S8)+COUNT(U8:W8)+COUNT(Y8:AA8))=18,"完整","缺失") -> 缺失
A9: P005 | B9: EgoAnchor | C9: =IF(B9=VLOOKUP(A9,Participants!$A$5:$W$28,22,FALSE),"方法A","方法B") -> 方法A | D9: =VLOOKUP(A9,Participants!$A$5:$B$28,2,FALSE) -> 是 | E9: =COUNTIFS(TaskRatings!$A$5:$A$148,A9,TaskRatings!$F$5:$F$148,B9,TaskRatings!$O$5:$O$148,"是") -> 3 | F9: =IFERROR(SUMIFS(TaskRatings!$H$5:$H$148,TaskRatings!$A$5:$A$148,A9,TaskRatings!$F$5:$F$148,B9,TaskRatings!$O$5:$O$148,"是",TaskRatings!$H$5:$H$148,">0")/COUNTIFS(TaskRatings!$A$5:$A$148,A9,TaskRatings!$F$5:$F$148,B9,TaskRatings!$O$5:$O$148,"是",TaskRatings!$H$5:$H$148,">0"),"") | G9: =IFERROR(SUMIFS(TaskRatings!$J$5:$J$148,TaskRatings!$A$5:$A$148,A9,TaskRatings!$F$5:$F$148,B9,TaskRatings!$O$5:$O$148,"是",TaskRatings!$J$5:$J$148,">0")/COUNTIFS(TaskRatings!$A$5:$A$148,A9,TaskRatings!$F$5:$F$148,B9,TaskRatings!$O$5:$O$148,"是",TaskRatings!$J$5:$J$148,">0"),"") | H9: =IFERROR(SUMIFS(TaskRatings!$L$5:$L$148,TaskRatings!$A$5:$A$148,A9,TaskRatings!$F$5:$F$148,B9,TaskRatings!$O$5:$O$148,"是",TaskRatings!$L$5:$L$148,">0")/COUNTIFS(TaskRatings!$A$5:$A$148,A9,TaskRatings!$F$5:$F$148,B9,TaskRatings!$O$5:$O$148,"是",TaskRatings!$L$5:$L$148,">0"),"") | I9: =IFERROR(SUMIFS(BlockRatings_AQ!$H$5:$H$148,BlockRatings_AQ!$A$5:$A$148,A9,BlockRatings_AQ!$F$5:$F$148,B9,BlockRatings_AQ!$R$5:$R$148,"是",BlockRatings_AQ!$H$5:$H$148,">0")/COUNTIFS(BlockRatings_AQ!$A$5:$A$148,A9,BlockRatings_AQ!$F$5:$F$148,B9,BlockRatings_AQ!$R$5:$R$148,"是",BlockRatings_AQ!$H$5:$H$148,">0"),"") | J9: =IFERROR(SUMIFS(BlockRatings_AQ!$I$5:$I$148,BlockRatings_AQ!$A$5:$A$148,A9,BlockRatings_AQ!$F$5:$F$148,B9,BlockRatings_AQ!$R$5:$R$148,"是",BlockRatings_AQ!$I$5:$I$148,">0")/COUNTIFS(BlockRatings_AQ!$A$5:$A$148,A9,BlockRatings_AQ!$F$5:$F$148,B9,BlockRatings_AQ!$R$5:$R$148,"是",BlockRatings_AQ!$I$5:$I$148,">0"),"") | K9: =IFERROR(SUMIFS(BlockRatings_AQ!$J$5:$J$148,BlockRatings_AQ!$A$5:$A$148,A9,BlockRatings_AQ!$F$5:$F$148,B9,BlockRatings_AQ!$R$5:$R$148,"是",BlockRatings_AQ!$J$5:$J$148,">0")/COUNTIFS(BlockRatings_AQ!$A$5:$A$148,A9,BlockRatings_AQ!$F$5:$F$148,B9,BlockRatings_AQ!$R$5:$R$148,"是",BlockRatings_AQ!$J$5:$J$148,">0"),"") | L9: =IF(COUNT(I9:K9)=3,AVERAGE(I9:K9),"") | M9: =IFERROR(SUMIFS(BlockRatings_AQ!$L$5:$L$148,BlockRatings_AQ!$A$5:$A$148,A9,BlockRatings_AQ!$F$5:$F$148,B9,BlockRatings_AQ!$R$5:$R$148,"是",BlockRatings_AQ!$L$5:$L$148,">0")/COUNTIFS(BlockRatings_AQ!$A$5:$A$148,A9,BlockRatings_AQ!$F$5:$F$148,B9,BlockRatings_AQ!$R$5:$R$148,"是",BlockRatings_AQ!$L$5:$L$148,">0"),"") | N9: =IFERROR(SUMIFS(BlockRatings_AQ!$M$5:$M$148,BlockRatings_AQ!$A$5:$A$148,A9,BlockRatings_AQ!$F$5:$F$148,B9,BlockRatings_AQ!$R$5:$R$148,"是",BlockRatings_AQ!$M$5:$M$148,">0")/COUNTIFS(BlockRatings_AQ!$A$5:$A$148,A9,BlockRatings_AQ!$F$5:$F$148,B9,BlockRatings_AQ!$R$5:$R$148,"是",BlockRatings_AQ!$M$5:$M$148,">0"),"") | O9: =IFERROR(SUMIFS(BlockRatings_AQ!$N$5:$N$148,BlockRatings_AQ!$A$5:$A$148,A9,BlockRatings_AQ!$F$5:$F$148,B9,BlockRatings_AQ!$R$5:$R$148,"是",BlockRatings_AQ!$N$5:$N$148,">0")/COUNTIFS(BlockRatings_AQ!$A$5:$A$148,A9,BlockRatings_AQ!$F$5:$F$148,B9,BlockRatings_AQ!$R$5:$R$148,"是",BlockRatings_AQ!$N$5:$N$148,">0"),"") | P9: =IF(COUNT(M9:O9)=3,AVERAGE(M9:O9),"") | Q9: =IFERROR(SUMIFS(MethodRatings!$E$5:$E$52,MethodRatings!$A$5:$A$52,A9,MethodRatings!$D$5:$D$52,B9,MethodRatings!$E$5:$E$52,">0")/COUNTIFS(MethodRatings!$A$5:$A$52,A9,MethodRatings!$D$5:$D$52,B9,MethodRatings!$E$5:$E$52,">0"),"") | R9: =IFERROR(SUMIFS(MethodRatings!$F$5:$F$52,MethodRatings!$A$5:$A$52,A9,MethodRatings!$D$5:$D$52,B9,MethodRatings!$F$5:$F$52,">0")/COUNTIFS(MethodRatings!$A$5:$A$52,A9,MethodRatings!$D$5:$D$52,B9,MethodRatings!$F$5:$F$52,">0"),"") | S9: =IFERROR(SUMIFS(MethodRatings!$G$5:$G$52,MethodRatings!$A$5:$A$52,A9,MethodRatings!$D$5:$D$52,B9,MethodRatings!$G$5:$G$52,">0")/COUNTIFS(MethodRatings!$A$5:$A$52,A9,MethodRatings!$D$5:$D$52,B9,MethodRatings!$G$5:$G$52,">0"),"") | T9: =IF(COUNT(Q9:S9)=3,AVERAGE(Q9:S9),"") | U9: =IFERROR(SUMIFS(MethodRatings!$I$5:$I$52,MethodRatings!$A$5:$A$52,A9,MethodRatings!$D$5:$D$52,B9,MethodRatings!$I$5:$I$52,">0")/COUNTIFS(MethodRatings!$A$5:$A$52,A9,MethodRatings!$D$5:$D$52,B9,MethodRatings!$I$5:$I$52,">0"),"") | V9: =IFERROR(SUMIFS(MethodRatings!$J$5:$J$52,MethodRatings!$A$5:$A$52,A9,MethodRatings!$D$5:$D$52,B9,MethodRatings!$J$5:$J$52,">0")/COUNTIFS(MethodRatings!$A$5:$A$52,A9,MethodRatings!$D$5:$D$52,B9,MethodRatings!$J$5:$J$52,">0"),"") | W9: =IFERROR(SUMIFS(MethodRatings!$K$5:$K$52,MethodRatings!$A$5:$A$52,A9,MethodRatings!$D$5:$D$52,B9,MethodRatings!$K$5:$K$52,">0")/COUNTIFS(MethodRatings!$A$5:$A$52,A9,MethodRatings!$D$5:$D$52,B9,MethodRatings!$K$5:$K$52,">0"),"") | X9: =IF(COUNT(U9:W9)=3,AVERAGE(U9:W9),"") | Y9: =IFERROR(SUMIFS(MethodRatings!$M$5:$M$52,MethodRatings!$A$5:$A$52,A9,MethodRatings!$D$5:$D$52,B9,MethodRatings!$M$5:$M$52,">0")/COUNTIFS(MethodRatings!$A$5:$A$52,A9,MethodRatings!$D$5:$D$52,B9,MethodRatings!$M$5:$M$52,">0"),"") | Z9: =IFERROR(SUMIFS(MethodRatings!$N$5:$N$52,MethodRatings!$A$5:$A$52,A9,MethodRatings!$D$5:$D$52,B9,MethodRatings!$N$5:$N$52,">0")/COUNTIFS(MethodRatings!$A$5:$A$52,A9,MethodRatings!$D$5:$D$52,B9,MethodRatings!$N$5:$N$52,">0"),"") | AA9: =IFERROR(SUMIFS(MethodRatings!$O$5:$O$52,MethodRatings!$A$5:$A$52,A9,MethodRatings!$D$5:$D$52,B9,MethodRatings!$O$5:$O$52,">0")/COUNTIFS(MethodRatings!$A$5:$A$52,A9,MethodRatings!$D$5:$D$52,B9,MethodRatings!$O$5:$O$52,">0"),"") | AB9: =IF(COUNT(I9:K9)=3,SUM(I9:K9),"") | AC9: =IF(COUNT(M9:O9)=3,SUM(M9:O9),"") | AD9: =IF(COUNT(Q9:S9)=3,SUM(Q9:S9),"") | AE9: =IF(COUNT(U9:W9)=3,SUM(U9:W9),"") | AF9: =IF((COUNT(F9:K9)+COUNT(M9:O9)+COUNT(Q9:S9)+COUNT(U9:W9)+COUNT(Y9:AA9))=18,"完整","缺失") -> 缺失
A10: P006 | B10: EgoAnchor | C10: =IF(B10=VLOOKUP(A10,Participants!$A$5:$W$28,22,FALSE),"方法A","方法B") -> 方法A | D10: =VLOOKUP(A10,Participants!$A$5:$B$28,2,FALSE) -> 是 | E10: =COUNTIFS(TaskRatings!$A$5:$A$148,A10,TaskRatings!$F$5:$F$148,B10,TaskRatings!$O$5:$O$148,"是") -> 3 | F10: =IFERROR(SUMIFS(TaskRatings!$H$5:$H$148,TaskRatings!$A$5:$A$148,A10,TaskRatings!$F$5:$F$148,B10,TaskRatings!$O$5:$O$148,"是",TaskRatings!$H$5:$H$148,">0")/COUNTIFS(TaskRatings!$A$5:$A$148,A10,TaskRatings!$F$5:$F$148,B10,TaskRatings!$O$5:$O$148,"是",TaskRatings!$H$5:$H$148,">0"),"") | G10: =IFERROR(SUMIFS(TaskRatings!$J$5:$J$148,TaskRatings!$A$5:$A$148,A10,TaskRatings!$F$5:$F$148,B10,TaskRatings!$O$5:$O$148,"是",TaskRatings!$J$5:$J$148,">0")/COUNTIFS(TaskRatings!$A$5:$A$148,A10,TaskRatings!$F$5:$F$148,B10,TaskRatings!$O$5:$O$148,"是",TaskRatings!$J$5:$J$148,">0"),"") | H10: =IFERROR(SUMIFS(TaskRatings!$L$5:$L$148,TaskRatings!$A$5:$A$148,A10,TaskRatings!$F$5:$F$148,B10,TaskRatings!$O$5:$O$148,"是",TaskRatings!$L$5:$L$148,">0")/COUNTIFS(TaskRatings!$A$5:$A$148,A10,TaskRatings!$F$5:$F$148,B10,TaskRatings!$O$5:$O$148,"是",TaskRatings!$L$5:$L$148,">0"),"") | I10: =IFERROR(SUMIFS(BlockRatings_AQ!$H$5:$H$148,BlockRatings_AQ!$A$5:$A$148,A10,BlockRatings_AQ!$F$5:$F$148,B10,BlockRatings_AQ!$R$5:$R$148,"是",BlockRatings_AQ!$H$5:$H$148,">0")/COUNTIFS(BlockRatings_AQ!$A$5:$A$148,A10,BlockRatings_AQ!$F$5:$F$148,B10,BlockRatings_AQ!$R$5:$R$148,"是",BlockRatings_AQ!$H$5:$H$148,">0"),"") | J10: =IFERROR(SUMIFS(BlockRatings_AQ!$I$5:$I$148,BlockRatings_AQ!$A$5:$A$148,A10,BlockRatings_AQ!$F$5:$F$148,B10,BlockRatings_AQ!$R$5:$R$148,"是",BlockRatings_AQ!$I$5:$I$148,">0")/COUNTIFS(BlockRatings_AQ!$A$5:$A$148,A10,BlockRatings_AQ!$F$5:$F$148,B10,BlockRatings_AQ!$R$5:$R$148,"是",BlockRatings_AQ!$I$5:$I$148,">0"),"") | K10: =IFERROR(SUMIFS(BlockRatings_AQ!$J$5:$J$148,BlockRatings_AQ!$A$5:$A$148,A10,BlockRatings_AQ!$F$5:$F$148,B10,BlockRatings_AQ!$R$5:$R$148,"是",BlockRatings_AQ!$J$5:$J$148,">0")/COUNTIFS(BlockRatings_AQ!$A$5:$A$148,A10,BlockRatings_AQ!$F$5:$F$148,B10,BlockRatings_AQ!$R$5:$R$148,"是",BlockRatings_AQ!$J$5:$J$148,">0"),"") | L10: =IF(COUNT(I10:K10)=3,AVERAGE(I10:K10),"") | M10: =IFERROR(SUMIFS(BlockRatings_AQ!$L$5:$L$148,BlockRatings_AQ!$A$5:$A$148,A10,BlockRatings_AQ!$F$5:$F$148,B10,BlockRatings_AQ!$R$5:$R$148,"是",BlockRatings_AQ!$L$5:$L$148,">0")/COUNTIFS(BlockRatings_AQ!$A$5:$A$148,A10,BlockRatings_AQ!$F$5:$F$148,B10,BlockRatings_AQ!$R$5:$R$148,"是",BlockRatings_AQ!$L$5:$L$148,">0"),"") | N10: =IFERROR(SUMIFS(BlockRatings_AQ!$M$5:$M$148,BlockRatings_AQ!$A$5:$A$148,A10,BlockRatings_AQ!$F$5:$F$148,B10,BlockRatings_AQ!$R$5:$R$148,"是",BlockRatings_AQ!$M$5:$M$148,">0")/COUNTIFS(BlockRatings_AQ!$A$5:$A$148,A10,BlockRatings_AQ!$F$5:$F$148,B10,BlockRatings_AQ!$R$5:$R$148,"是",BlockRatings_AQ!$M$5:$M$148,">0"),"") | O10: =IFERROR(SUMIFS(BlockRatings_AQ!$N$5:$N$148,BlockRatings_AQ!$A$5:$A$148,A10,BlockRatings_AQ!$F$5:$F$148,B10,BlockRatings_AQ!$R$5:$R$148,"是",BlockRatings_AQ!$N$5:$N$148,">0")/COUNTIFS(BlockRatings_AQ!$A$5:$A$148,A10,BlockRatings_AQ!$F$5:$F$148,B10,BlockRatings_AQ!$R$5:$R$148,"是",BlockRatings_AQ!$N$5:$N$148,">0"),"") | P10: =IF(COUNT(M10:O10)=3,AVERAGE(M10:O10),"") | Q10: =IFERROR(SUMIFS(MethodRatings!$E$5:$E$52,MethodRatings!$A$5:$A$52,A10,MethodRatings!$D$5:$D$52,B10,MethodRatings!$E$5:$E$52,">0")/COUNTIFS(MethodRatings!$A$5:$A$52,A10,MethodRatings!$D$5:$D$52,B10,MethodRatings!$E$5:$E$52,">0"),"") | R10: =IFERROR(SUMIFS(MethodRatings!$F$5:$F$52,MethodRatings!$A$5:$A$52,A10,MethodRatings!$D$5:$D$52,B10,MethodRatings!$F$5:$F$52,">0")/COUNTIFS(MethodRatings!$A$5:$A$52,A10,MethodRatings!$D$5:$D$52,B10,MethodRatings!$F$5:$F$52,">0"),"") | S10: =IFERROR(SUMIFS(MethodRatings!$G$5:$G$52,MethodRatings!$A$5:$A$52,A10,MethodRatings!$D$5:$D$52,B10,MethodRatings!$G$5:$G$52,">0")/COUNTIFS(MethodRatings!$A$5:$A$52,A10,MethodRatings!$D$5:$D$52,B10,MethodRatings!$G$5:$G$52,">0"),"") | T10: =IF(COUNT(Q10:S10)=3,AVERAGE(Q10:S10),"") | U10: =IFERROR(SUMIFS(MethodRatings!$I$5:$I$52,MethodRatings!$A$5:$A$52,A10,MethodRatings!$D$5:$D$52,B10,MethodRatings!$I$5:$I$52,">0")/COUNTIFS(MethodRatings!$A$5:$A$52,A10,MethodRatings!$D$5:$D$52,B10,MethodRatings!$I$5:$I$52,">0"),"") | V10: =IFERROR(SUMIFS(MethodRatings!$J$5:$J$52,MethodRatings!$A$5:$A$52,A10,MethodRatings!$D$5:$D$52,B10,MethodRatings!$J$5:$J$52,">0")/COUNTIFS(MethodRatings!$A$5:$A$52,A10,MethodRatings!$D$5:$D$52,B10,MethodRatings!$J$5:$J$52,">0"),"") | W10: =IFERROR(SUMIFS(MethodRatings!$K$5:$K$52,MethodRatings!$A$5:$A$52,A10,MethodRatings!$D$5:$D$52,B10,MethodRatings!$K$5:$K$52,">0")/COUNTIFS(MethodRatings!$A$5:$A$52,A10,MethodRatings!$D$5:$D$52,B10,MethodRatings!$K$5:$K$52,">0"),"") | X10: =IF(COUNT(U10:W10)=3,AVERAGE(U10:W10),"") | Y10: =IFERROR(SUMIFS(MethodRatings!$M$5:$M$52,MethodRatings!$A$5:$A$52,A10,MethodRatings!$D$5:$D$52,B10,MethodRatings!$M$5:$M$52,">0")/COUNTIFS(MethodRatings!$A$5:$A$52,A10,MethodRatings!$D$5:$D$52,B10,MethodRatings!$M$5:$M$52,">0"),"") | Z10: =IFERROR(SUMIFS(MethodRatings!$N$5:$N$52,MethodRatings!$A$5:$A$52,A10,MethodRatings!$D$5:$D$52,B10,MethodRatings!$N$5:$N$52,">0")/COUNTIFS(MethodRatings!$A$5:$A$52,A10,MethodRatings!$D$5:$D$52,B10,MethodRatings!$N$5:$N$52,">0"),"") | AA10: =IFERROR(SUMIFS(MethodRatings!$O$5:$O$52,MethodRatings!$A$5:$A$52,A10,MethodRatings!$D$5:$D$52,B10,MethodRatings!$O$5:$O$52,">0")/COUNTIFS(MethodRatings!$A$5:$A$52,A10,MethodRatings!$D$5:$D$52,B10,MethodRatings!$O$5:$O$52,">0"),"") | AB10: =IF(COUNT(I10:K10)=3,SUM(I10:K10),"") | AC10: =IF(COUNT(M10:O10)=3,SUM(M10:O10),"") | AD10: =IF(COUNT(Q10:S10)=3,SUM(Q10:S10),"") | AE10: =IF(COUNT(U10:W10)=3,SUM(U10:W10),"") | AF10: =IF((COUNT(F10:K10)+COUNT(M10:O10)+COUNT(Q10:S10)+COUNT(U10:W10)+COUNT(Y10:AA10))=18,"完整","缺失") -> 缺失
A11: P007 | B11: EgoAnchor | C11: =IF(B11=VLOOKUP(A11,Participants!$A$5:$W$28,22,FALSE),"方法A","方法B") -> 方法A | D11: =VLOOKUP(A11,Participants!$A$5:$B$28,2,FALSE) -> 是 | E11: =COUNTIFS(TaskRatings!$A$5:$A$148,A11,TaskRatings!$F$5:$F$148,B11,TaskRatings!$O$5:$O$148,"是") -> 3 | F11: =IFERROR(SUMIFS(TaskRatings!$H$5:$H$148,TaskRatings!$A$5:$A$148,A11,TaskRatings!$F$5:$F$148,B11,TaskRatings!$O$5:$O$148,"是",TaskRatings!$H$5:$H$148,">0")/COUNTIFS(TaskRatings!$A$5:$A$148,A11,TaskRatings!$F$5:$F$148,B11,TaskRatings!$O$5:$O$148,"是",TaskRatings!$H$5:$H$148,">0"),"") | G11: =IFERROR(SUMIFS(TaskRatings!$J$5:$J$148,TaskRatings!$A$5:$A$148,A11,TaskRatings!$F$5:$F$148,B11,TaskRatings!$O$5:$O$148,"是",TaskRatings!$J$5:$J$148,">0")/COUNTIFS(TaskRatings!$A$5:$A$148,A11,TaskRatings!$F$5:$F$148,B11,TaskRatings!$O$5:$O$148,"是",TaskRatings!$J$5:$J$148,">0"),"") | H11: =IFERROR(SUMIFS(TaskRatings!$L$5:$L$148,TaskRatings!$A$5:$A$148,A11,TaskRatings!$F$5:$F$148,B11,TaskRatings!$O$5:$O$148,"是",TaskRatings!$L$5:$L$148,">0")/COUNTIFS(TaskRatings!$A$5:$A$148,A11,TaskRatings!$F$5:$F$148,B11,TaskRatings!$O$5:$O$148,"是",TaskRatings!$L$5:$L$148,">0"),"") | I11: =IFERROR(SUMIFS(BlockRatings_AQ!$H$5:$H$148,BlockRatings_AQ!$A$5:$A$148,A11,BlockRatings_AQ!$F$5:$F$148,B11,BlockRatings_AQ!$R$5:$R$148,"是",BlockRatings_AQ!$H$5:$H$148,">0")/COUNTIFS(BlockRatings_AQ!$A$5:$A$148,A11,BlockRatings_AQ!$F$5:$F$148,B11,BlockRatings_AQ!$R$5:$R$148,"是",BlockRatings_AQ!$H$5:$H$148,">0"),"") | J11: =IFERROR(SUMIFS(BlockRatings_AQ!$I$5:$I$148,BlockRatings_AQ!$A$5:$A$148,A11,BlockRatings_AQ!$F$5:$F$148,B11,BlockRatings_AQ!$R$5:$R$148,"是",BlockRatings_AQ!$I$5:$I$148,">0")/COUNTIFS(BlockRatings_AQ!$A$5:$A$148,A11,BlockRatings_AQ!$F$5:$F$148,B11,BlockRatings_AQ!$R$5:$R$148,"是",BlockRatings_AQ!$I$5:$I$148,">0"),"") | K11: =IFERROR(SUMIFS(BlockRatings_AQ!$J$5:$J$148,BlockRatings_AQ!$A$5:$A$148,A11,BlockRatings_AQ!$F$5:$F$148,B11,BlockRatings_AQ!$R$5:$R$148,"是",BlockRatings_AQ!$J$5:$J$148,">0")/COUNTIFS(BlockRatings_AQ!$A$5:$A$148,A11,BlockRatings_AQ!$F$5:$F$148,B11,BlockRatings_AQ!$R$5:$R$148,"是",BlockRatings_AQ!$J$5:$J$148,">0"),"") | L11: =IF(COUNT(I11:K11)=3,AVERAGE(I11:K11),"") | M11: =IFERROR(SUMIFS(BlockRatings_AQ!$L$5:$L$148,BlockRatings_AQ!$A$5:$A$148,A11,BlockRatings_AQ!$F$5:$F$148,B11,BlockRatings_AQ!$R$5:$R$148,"是",BlockRatings_AQ!$L$5:$L$148,">0")/COUNTIFS(BlockRatings_AQ!$A$5:$A$148,A11,BlockRatings_AQ!$F$5:$F$148,B11,BlockRatings_AQ!$R$5:$R$148,"是",BlockRatings_AQ!$L$5:$L$148,">0"),"") | N11: =IFERROR(SUMIFS(BlockRatings_AQ!$M$5:$M$148,BlockRatings_AQ!$A$5:$A$148,A11,BlockRatings_AQ!$F$5:$F$148,B11,BlockRatings_AQ!$R$5:$R$148,"是",BlockRatings_AQ!$M$5:$M$148,">0")/COUNTIFS(BlockRatings_AQ!$A$5:$A$148,A11,BlockRatings_AQ!$F$5:$F$148,B11,BlockRatings_AQ!$R$5:$R$148,"是",BlockRatings_AQ!$M$5:$M$148,">0"),"") | O11: =IFERROR(SUMIFS(BlockRatings_AQ!$N$5:$N$148,BlockRatings_AQ!$A$5:$A$148,A11,BlockRatings_AQ!$F$5:$F$148,B11,BlockRatings_AQ!$R$5:$R$148,"是",BlockRatings_AQ!$N$5:$N$148,">0")/COUNTIFS(BlockRatings_AQ!$A$5:$A$148,A11,BlockRatings_AQ!$F$5:$F$148,B11,BlockRatings_AQ!$R$5:$R$148,"是",BlockRatings_AQ!$N$5:$N$148,">0"),"") | P11: =IF(COUNT(M11:O11)=3,AVERAGE(M11:O11),"") | Q11: =IFERROR(SUMIFS(MethodRatings!$E$5:$E$52,MethodRatings!$A$5:$A$52,A11,MethodRatings!$D$5:$D$52,B11,MethodRatings!$E$5:$E$52,">0")/COUNTIFS(MethodRatings!$A$5:$A$52,A11,MethodRatings!$D$5:$D$52,B11,MethodRatings!$E$5:$E$52,">0"),"") | R11: =IFERROR(SUMIFS(MethodRatings!$F$5:$F$52,MethodRatings!$A$5:$A$52,A11,MethodRatings!$D$5:$D$52,B11,MethodRatings!$F$5:$F$52,">0")/COUNTIFS(MethodRatings!$A$5:$A$52,A11,MethodRatings!$D$5:$D$52,B11,MethodRatings!$F$5:$F$52,">0"),"") | S11: =IFERROR(SUMIFS(MethodRatings!$G$5:$G$52,MethodRatings!$A$5:$A$52,A11,MethodRatings!$D$5:$D$52,B11,MethodRatings!$G$5:$G$52,">0")/COUNTIFS(MethodRatings!$A$5:$A$52,A11,MethodRatings!$D$5:$D$52,B11,MethodRatings!$G$5:$G$52,">0"),"") | T11: =IF(COUNT(Q11:S11)=3,AVERAGE(Q11:S11),"") | U11: =IFERROR(SUMIFS(MethodRatings!$I$5:$I$52,MethodRatings!$A$5:$A$52,A11,MethodRatings!$D$5:$D$52,B11,MethodRatings!$I$5:$I$52,">0")/COUNTIFS(MethodRatings!$A$5:$A$52,A11,MethodRatings!$D$5:$D$52,B11,MethodRatings!$I$5:$I$52,">0"),"") | V11: =IFERROR(SUMIFS(MethodRatings!$J$5:$J$52,MethodRatings!$A$5:$A$52,A11,MethodRatings!$D$5:$D$52,B11,MethodRatings!$J$5:$J$52,">0")/COUNTIFS(MethodRatings!$A$5:$A$52,A11,MethodRatings!$D$5:$D$52,B11,MethodRatings!$J$5:$J$52,">0"),"") | W11: =IFERROR(SUMIFS(MethodRatings!$K$5:$K$52,MethodRatings!$A$5:$A$52,A11,MethodRatings!$D$5:$D$52,B11,MethodRatings!$K$5:$K$52,">0")/COUNTIFS(MethodRatings!$A$5:$A$52,A11,MethodRatings!$D$5:$D$52,B11,MethodRatings!$K$5:$K$52,">0"),"") | X11: =IF(COUNT(U11:W11)=3,AVERAGE(U11:W11),"") | Y11: =IFERROR(SUMIFS(MethodRatings!$M$5:$M$52,MethodRatings!$A$5:$A$52,A11,MethodRatings!$D$5:$D$52,B11,MethodRatings!$M$5:$M$52,">0")/COUNTIFS(MethodRatings!$A$5:$A$52,A11,MethodRatings!$D$5:$D$52,B11,MethodRatings!$M$5:$M$52,">0"),"") | Z11: =IFERROR(SUMIFS(MethodRatings!$N$5:$N$52,MethodRatings!$A$5:$A$52,A11,MethodRatings!$D$5:$D$52,B11,MethodRatings!$N$5:$N$52,">0")/COUNTIFS(MethodRatings!$A$5:$A$52,A11,MethodRatings!$D$5:$D$52,B11,MethodRatings!$N$5:$N$52,">0"),"") | AA11: =IFERROR(SUMIFS(MethodRatings!$O$5:$O$52,MethodRatings!$A$5:$A$52,A11,MethodRatings!$D$5:$D$52,B11,MethodRatings!$O$5:$O$52,">0")/COUNTIFS(MethodRatings!$A$5:$A$52,A11,MethodRatings!$D$5:$D$52,B11,MethodRatings!$O$5:$O$52,">0"),"") | AB11: =IF(COUNT(I11:K11)=3,SUM(I11:K11),"") | AC11: =IF(COUNT(M11:O11)=3,SUM(M11:O11),"") | AD11: =IF(COUNT(Q11:S11)=3,SUM(Q11:S11),"") | AE11: =IF(COUNT(U11:W11)=3,SUM(U11:W11),"") | AF11: =IF((COUNT(F11:K11)+COUNT(M11:O11)+COUNT(Q11:S11)+COUNT(U11:W11)+COUNT(Y11:AA11))=18,"完整","缺失") -> 缺失
A12: P008 | B12: EgoAnchor | C12: =IF(B12=VLOOKUP(A12,Participants!$A$5:$W$28,22,FALSE),"方法A","方法B") -> 方法A | D12: =VLOOKUP(A12,Participants!$A$5:$B$28,2,FALSE) -> 是 | E12: =COUNTIFS(TaskRatings!$A$5:$A$148,A12,TaskRatings!$F$5:$F$148,B12,TaskRatings!$O$5:$O$148,"是") -> 3 | F12: =IFERROR(SUMIFS(TaskRatings!$H$5:$H$148,TaskRatings!$A$5:$A$148,A12,TaskRatings!$F$5:$F$148,B12,TaskRatings!$O$5:$O$148,"是",TaskRatings!$H$5:$H$148,">0")/COUNTIFS(TaskRatings!$A$5:$A$148,A12,TaskRatings!$F$5:$F$148,B12,TaskRatings!$O$5:$O$148,"是",TaskRatings!$H$5:$H$148,">0"),"") | G12: =IFERROR(SUMIFS(TaskRatings!$J$5:$J$148,TaskRatings!$A$5:$A$148,A12,TaskRatings!$F$5:$F$148,B12,TaskRatings!$O$5:$O$148,"是",TaskRatings!$J$5:$J$148,">0")/COUNTIFS(TaskRatings!$A$5:$A$148,A12,TaskRatings!$F$5:$F$148,B12,TaskRatings!$O$5:$O$148,"是",TaskRatings!$J$5:$J$148,">0"),"") | H12: =IFERROR(SUMIFS(TaskRatings!$L$5:$L$148,TaskRatings!$A$5:$A$148,A12,TaskRatings!$F$5:$F$148,B12,TaskRatings!$O$5:$O$148,"是",TaskRatings!$L$5:$L$148,">0")/COUNTIFS(TaskRatings!$A$5:$A$148,A12,TaskRatings!$F$5:$F$148,B12,TaskRatings!$O$5:$O$148,"是",TaskRatings!$L$5:$L$148,">0"),"") | I12: =IFERROR(SUMIFS(BlockRatings_AQ!$H$5:$H$148,BlockRatings_AQ!$A$5:$A$148,A12,BlockRatings_AQ!$F$5:$F$148,B12,BlockRatings_AQ!$R$5:$R$148,"是",BlockRatings_AQ!$H$5:$H$148,">0")/COUNTIFS(BlockRatings_AQ!$A$5:$A$148,A12,BlockRatings_AQ!$F$5:$F$148,B12,BlockRatings_AQ!$R$5:$R$148,"是",BlockRatings_AQ!$H$5:$H$148,">0"),"") | J12: =IFERROR(SUMIFS(BlockRatings_AQ!$I$5:$I$148,BlockRatings_AQ!$A$5:$A$148,A12,BlockRatings_AQ!$F$5:$F$148,B12,BlockRatings_AQ!$R$5:$R$148,"是",BlockRatings_AQ!$I$5:$I$148,">0")/COUNTIFS(BlockRatings_AQ!$A$5:$A$148,A12,BlockRatings_AQ!$F$5:$F$148,B12,BlockRatings_AQ!$R$5:$R$148,"是",BlockRatings_AQ!$I$5:$I$148,">0"),"") | K12: =IFERROR(SUMIFS(BlockRatings_AQ!$J$5:$J$148,BlockRatings_AQ!$A$5:$A$148,A12,BlockRatings_AQ!$F$5:$F$148,B12,BlockRatings_AQ!$R$5:$R$148,"是",BlockRatings_AQ!$J$5:$J$148,">0")/COUNTIFS(BlockRatings_AQ!$A$5:$A$148,A12,BlockRatings_AQ!$F$5:$F$148,B12,BlockRatings_AQ!$R$5:$R$148,"是",BlockRatings_AQ!$J$5:$J$148,">0"),"") | L12: =IF(COUNT(I12:K12)=3,AVERAGE(I12:K12),"") | M12: =IFERROR(SUMIFS(BlockRatings_AQ!$L$5:$L$148,BlockRatings_AQ!$A$5:$A$148,A12,BlockRatings_AQ!$F$5:$F$148,B12,BlockRatings_AQ!$R$5:$R$148,"是",BlockRatings_AQ!$L$5:$L$148,">0")/COUNTIFS(BlockRatings_AQ!$A$5:$A$148,A12,BlockRatings_AQ!$F$5:$F$148,B12,BlockRatings_AQ!$R$5:$R$148,"是",BlockRatings_AQ!$L$5:$L$148,">0"),"") | N12: =IFERROR(SUMIFS(BlockRatings_AQ!$M$5:$M$148,BlockRatings_AQ!$A$5:$A$148,A12,BlockRatings_AQ!$F$5:$F$148,B12,BlockRatings_AQ!$R$5:$R$148,"是",BlockRatings_AQ!$M$5:$M$148,">0")/COUNTIFS(BlockRatings_AQ!$A$5:$A$148,A12,BlockRatings_AQ!$F$5:$F$148,B12,BlockRatings_AQ!$R$5:$R$148,"是",BlockRatings_AQ!$M$5:$M$148,">0"),"") | O12: =IFERROR(SUMIFS(BlockRatings_AQ!$N$5:$N$148,BlockRatings_AQ!$A$5:$A$148,A12,BlockRatings_AQ!$F$5:$F$148,B12,BlockRatings_AQ!$R$5:$R$148,"是",BlockRatings_AQ!$N$5:$N$148,">0")/COUNTIFS(BlockRatings_AQ!$A$5:$A$148,A12,BlockRatings_AQ!$F$5:$F$148,B12,BlockRatings_AQ!$R$5:$R$148,"是",BlockRatings_AQ!$N$5:$N$148,">0"),"") | P12: =IF(COUNT(M12:O12)=3,AVERAGE(M12:O12),"") | Q12: =IFERROR(SUMIFS(MethodRatings!$E$5:$E$52,MethodRatings!$A$5:$A$52,A12,MethodRatings!$D$5:$D$52,B12,MethodRatings!$E$5:$E$52,">0")/COUNTIFS(MethodRatings!$A$5:$A$52,A12,MethodRatings!$D$5:$D$52,B12,MethodRatings!$E$5:$E$52,">0"),"") | R12: =IFERROR(SUMIFS(MethodRatings!$F$5:$F$52,MethodRatings!$A$5:$A$52,A12,MethodRatings!$D$5:$D$52,B12,MethodRatings!$F$5:$F$52,">0")/COUNTIFS(MethodRatings!$A$5:$A$52,A12,MethodRatings!$D$5:$D$52,B12,MethodRatings!$F$5:$F$52,">0"),"") | S12: =IFERROR(SUMIFS(MethodRatings!$G$5:$G$52,MethodRatings!$A$5:$A$52,A12,MethodRatings!$D$5:$D$52,B12,MethodRatings!$G$5:$G$52,">0")/COUNTIFS(MethodRatings!$A$5:$A$52,A12,MethodRatings!$D$5:$D$52,B12,MethodRatings!$G$5:$G$52,">0"),"") | T12: =IF(COUNT(Q12:S12)=3,AVERAGE(Q12:S12),"") | U12: =IFERROR(SUMIFS(MethodRatings!$I$5:$I$52,MethodRatings!$A$5:$A$52,A12,MethodRatings!$D$5:$D$52,B12,MethodRatings!$I$5:$I$52,">0")/COUNTIFS(MethodRatings!$A$5:$A$52,A12,MethodRatings!$D$5:$D$52,B12,MethodRatings!$I$5:$I$52,">0"),"") | V12: =IFERROR(SUMIFS(MethodRatings!$J$5:$J$52,MethodRatings!$A$5:$A$52,A12,MethodRatings!$D$5:$D$52,B12,MethodRatings!$J$5:$J$52,">0")/COUNTIFS(MethodRatings!$A$5:$A$52,A12,MethodRatings!$D$5:$D$52,B12,MethodRatings!$J$5:$J$52,">0"),"") | W12: =IFERROR(SUMIFS(MethodRatings!$K$5:$K$52,MethodRatings!$A$5:$A$52,A12,MethodRatings!$D$5:$D$52,B12,MethodRatings!$K$5:$K$52,">0")/COUNTIFS(MethodRatings!$A$5:$A$52,A12,MethodRatings!$D$5:$D$52,B12,MethodRatings!$K$5:$K$52,">0"),"") | X12: =IF(COUNT(U12:W12)=3,AVERAGE(U12:W12),"") | Y12: =IFERROR(SUMIFS(MethodRatings!$M$5:$M$52,MethodRatings!$A$5:$A$52,A12,MethodRatings!$D$5:$D$52,B12,MethodRatings!$M$5:$M$52,">0")/COUNTIFS(MethodRatings!$A$5:$A$52,A12,MethodRatings!$D$5:$D$52,B12,MethodRatings!$M$5:$M$52,">0"),"") | Z12: =IFERROR(SUMIFS(MethodRatings!$N$5:$N$52,MethodRatings!$A$5:$A$52,A12,MethodRatings!$D$5:$D$52,B12,MethodRatings!$N$5:$N$52,">0")/COUNTIFS(MethodRatings!$A$5:$A$52,A12,MethodRatings!$D$5:$D$52,B12,MethodRatings!$N$5:$N$52,">0"),"") | AA12: =IFERROR(SUMIFS(MethodRatings!$O$5:$O$52,MethodRatings!$A$5:$A$52,A12,MethodRatings!$D$5:$D$52,B12,MethodRatings!$O$5:$O$52,">0")/COUNTIFS(MethodRatings!$A$5:$A$52,A12,MethodRatings!$D$5:$D$52,B12,MethodRatings!$O$5:$O$52,">0"),"") | AB12: =IF(COUNT(I12:K12)=3,SUM(I12:K12),"") | AC12: =IF(COUNT(M12:O12)=3,SUM(M12:O12),"") | AD12: =IF(COUNT(Q12:S12)=3,SUM(Q12:S12),"") | AE12: =IF(COUNT(U12:W12)=3,SUM(U12:W12),"") | AF12: =IF((COUNT(F12:K12)+COUNT(M12:O12)+COUNT(Q12:S12)+COUNT(U12:W12)+COUNT(Y12:AA12))=18,"完整","缺失") -> 缺失
A13: P009 | B13: EgoAnchor | C13: =IF(B13=VLOOKUP(A13,Participants!$A$5:$W$28,22,FALSE),"方法A","方法B") -> 方法A | D13: =VLOOKUP(A13,Participants!$A$5:$B$28,2,FALSE) -> 是 | E13: =COUNTIFS(TaskRatings!$A$5:$A$148,A13,TaskRatings!$F$5:$F$148,B13,TaskRatings!$O$5:$O$148,"是") -> 3 | F13: =IFERROR(SUMIFS(TaskRatings!$H$5:$H$148,TaskRatings!$A$5:$A$148,A13,TaskRatings!$F$5:$F$148,B13,TaskRatings!$O$5:$O$148,"是",TaskRatings!$H$5:$H$148,">0")/COUNTIFS(TaskRatings!$A$5:$A$148,A13,TaskRatings!$F$5:$F$148,B13,TaskRatings!$O$5:$O$148,"是",TaskRatings!$H$5:$H$148,">0"),"") | G13: =IFERROR(SUMIFS(TaskRatings!$J$5:$J$148,TaskRatings!$A$5:$A$148,A13,TaskRatings!$F$5:$F$148,B13,TaskRatings!$O$5:$O$148,"是",TaskRatings!$J$5:$J$148,">0")/COUNTIFS(TaskRatings!$A$5:$A$148,A13,TaskRatings!$F$5:$F$148,B13,TaskRatings!$O$5:$O$148,"是",TaskRatings!$J$5:$J$148,">0"),"") | H13: =IFERROR(SUMIFS(TaskRatings!$L$5:$L$148,TaskRatings!$A$5:$A$148,A13,TaskRatings!$F$5:$F$148,B13,TaskRatings!$O$5:$O$148,"是",TaskRatings!$L$5:$L$148,">0")/COUNTIFS(TaskRatings!$A$5:$A$148,A13,TaskRatings!$F$5:$F$148,B13,TaskRatings!$O$5:$O$148,"是",TaskRatings!$L$5:$L$148,">0"),"") | I13: =IFERROR(SUMIFS(BlockRatings_AQ!$H$5:$H$148,BlockRatings_AQ!$A$5:$A$148,A13,BlockRatings_AQ!$F$5:$F$148,B13,BlockRatings_AQ!$R$5:$R$148,"是",BlockRatings_AQ!$H$5:$H$148,">0")/COUNTIFS(BlockRatings_AQ!$A$5:$A$148,A13,BlockRatings_AQ!$F$5:$F$148,B13,BlockRatings_AQ!$R$5:$R$148,"是",BlockRatings_AQ!$H$5:$H$148,">0"),"") | J13: =IFERROR(SUMIFS(BlockRatings_AQ!$I$5:$I$148,BlockRatings_AQ!$A$5:$A$148,A13,BlockRatings_AQ!$F$5:$F$148,B13,BlockRatings_AQ!$R$5:$R$148,"是",BlockRatings_AQ!$I$5:$I$148,">0")/COUNTIFS(BlockRatings_AQ!$A$5:$A$148,A13,BlockRatings_AQ!$F$5:$F$148,B13,BlockRatings_AQ!$R$5:$R$148,"是",BlockRatings_AQ!$I$5:$I$148,">0"),"") | K13: =IFERROR(SUMIFS(BlockRatings_AQ!$J$5:$J$148,BlockRatings_AQ!$A$5:$A$148,A13,BlockRatings_AQ!$F$5:$F$148,B13,BlockRatings_AQ!$R$5:$R$148,"是",BlockRatings_AQ!$J$5:$J$148,">0")/COUNTIFS(BlockRatings_AQ!$A$5:$A$148,A13,BlockRatings_AQ!$F$5:$F$148,B13,BlockRatings_AQ!$R$5:$R$148,"是",BlockRatings_AQ!$J$5:$J$148,">0"),"") | L13: =IF(COUNT(I13:K13)=3,AVERAGE(I13:K13),"") | M13: =IFERROR(SUMIFS(BlockRatings_AQ!$L$5:$L$148,BlockRatings_AQ!$A$5:$A$148,A13,BlockRatings_AQ!$F$5:$F$148,B13,BlockRatings_AQ!$R$5:$R$148,"是",BlockRatings_AQ!$L$5:$L$148,">0")/COUNTIFS(BlockRatings_AQ!$A$5:$A$148,A13,BlockRatings_AQ!$F$5:$F$148,B13,BlockRatings_AQ!$R$5:$R$148,"是",BlockRatings_AQ!$L$5:$L$148,">0"),"") | N13: =IFERROR(SUMIFS(BlockRatings_AQ!$M$5:$M$148,BlockRatings_AQ!$A$5:$A$148,A13,BlockRatings_AQ!$F$5:$F$148,B13,BlockRatings_AQ!$R$5:$R$148,"是",BlockRatings_AQ!$M$5:$M$148,">0")/COUNTIFS(BlockRatings_AQ!$A$5:$A$148,A13,BlockRatings_AQ!$F$5:$F$148,B13,BlockRatings_AQ!$R$5:$R$148,"是",BlockRatings_AQ!$M$5:$M$148,">0"),"") | O13: =IFERROR(SUMIFS(BlockRatings_AQ!$N$5:$N$148,BlockRatings_AQ!$A$5:$A$148,A13,BlockRatings_AQ!$F$5:$F$148,B13,BlockRatings_AQ!$R$5:$R$148,"是",BlockRatings_AQ!$N$5:$N$148,">0")/COUNTIFS(BlockRatings_AQ!$A$5:$A$148,A13,BlockRatings_AQ!$F$5:$F$148,B13,BlockRatings_AQ!$R$5:$R$148,"是",BlockRatings_AQ!$N$5:$N$148,">0"),"") | P13: =IF(COUNT(M13:O13)=3,AVERAGE(M13:O13),"") | Q13: =IFERROR(SUMIFS(MethodRatings!$E$5:$E$52,MethodRatings!$A$5:$A$52,A13,MethodRatings!$D$5:$D$52,B13,MethodRatings!$E$5:$E$52,">0")/COUNTIFS(MethodRatings!$A$5:$A$52,A13,MethodRatings!$D$5:$D$52,B13,MethodRatings!$E$5:$E$52,">0"),"") | R13: =IFERROR(SUMIFS(MethodRatings!$F$5:$F$52,MethodRatings!$A$5:$A$52,A13,MethodRatings!$D$5:$D$52,B13,MethodRatings!$F$5:$F$52,">0")/COUNTIFS(MethodRatings!$A$5:$A$52,A13,MethodRatings!$D$5:$D$52,B13,MethodRatings!$F$5:$F$52,">0"),"") | S13: =IFERROR(SUMIFS(MethodRatings!$G$5:$G$52,MethodRatings!$A$5:$A$52,A13,MethodRatings!$D$5:$D$52,B13,MethodRatings!$G$5:$G$52,">0")/COUNTIFS(MethodRatings!$A$5:$A$52,A13,MethodRatings!$D$5:$D$52,B13,MethodRatings!$G$5:$G$52,">0"),"") | T13: =IF(COUNT(Q13:S13)=3,AVERAGE(Q13:S13),"") | U13: =IFERROR(SUMIFS(MethodRatings!$I$5:$I$52,MethodRatings!$A$5:$A$52,A13,MethodRatings!$D$5:$D$52,B13,MethodRatings!$I$5:$I$52,">0")/COUNTIFS(MethodRatings!$A$5:$A$52,A13,MethodRatings!$D$5:$D$52,B13,MethodRatings!$I$5:$I$52,">0"),"") | V13: =IFERROR(SUMIFS(MethodRatings!$J$5:$J$52,MethodRatings!$A$5:$A$52,A13,MethodRatings!$D$5:$D$52,B13,MethodRatings!$J$5:$J$52,">0")/COUNTIFS(MethodRatings!$A$5:$A$52,A13,MethodRatings!$D$5:$D$52,B13,MethodRatings!$J$5:$J$52,">0"),"") | W13: =IFERROR(SUMIFS(MethodRatings!$K$5:$K$52,MethodRatings!$A$5:$A$52,A13,MethodRatings!$D$5:$D$52,B13,MethodRatings!$K$5:$K$52,">0")/COUNTIFS(MethodRatings!$A$5:$A$52,A13,MethodRatings!$D$5:$D$52,B13,MethodRatings!$K$5:$K$52,">0"),"") | X13: =IF(COUNT(U13:W13)=3,AVERAGE(U13:W13),"") | Y13: =IFERROR(SUMIFS(MethodRatings!$M$5:$M$52,MethodRatings!$A$5:$A$52,A13,MethodRatings!$D$5:$D$52,B13,MethodRatings!$M$5:$M$52,">0")/COUNTIFS(MethodRatings!$A$5:$A$52,A13,MethodRatings!$D$5:$D$52,B13,MethodRatings!$M$5:$M$52,">0"),"") | Z13: =IFERROR(SUMIFS(MethodRatings!$N$5:$N$52,MethodRatings!$A$5:$A$52,A13,MethodRatings!$D$5:$D$52,B13,MethodRatings!$N$5:$N$52,">0")/COUNTIFS(MethodRatings!$A$5:$A$52,A13,MethodRatings!$D$5:$D$52,B13,MethodRatings!$N$5:$N$52,">0"),"") | AA13: =IFERROR(SUMIFS(MethodRatings!$O$5:$O$52,MethodRatings!$A$5:$A$52,A13,MethodRatings!$D$5:$D$52,B13,MethodRatings!$O$5:$O$52,">0")/COUNTIFS(MethodRatings!$A$5:$A$52,A13,MethodRatings!$D$5:$D$52,B13,MethodRatings!$O$5:$O$52,">0"),"") | AB13: =IF(COUNT(I13:K13)=3,SUM(I13:K13),"") | AC13: =IF(COUNT(M13:O13)=3,SUM(M13:O13),"") | AD13: =IF(COUNT(Q13:S13)=3,SUM(Q13:S13),"") | AE13: =IF(COUNT(U13:W13)=3,SUM(U13:W13),"") | AF13: =IF((COUNT(F13:K13)+COUNT(M13:O13)+COUNT(Q13:S13)+COUNT(U13:W13)+COUNT(Y13:AA13))=18,"完整","缺失") -> 缺失
A14: P010 | B14: EgoAnchor | C14: =IF(B14=VLOOKUP(A14,Participants!$A$5:$W$28,22,FALSE),"方法A","方法B") -> 方法A | D14: =VLOOKUP(A14,Participants!$A$5:$B$28,2,FALSE) -> 是 | E14: =COUNTIFS(TaskRatings!$A$5:$A$148,A14,TaskRatings!$F$5:$F$148,B14,TaskRatings!$O$5:$O$148,"是") -> 3 | F14: =IFERROR(SUMIFS(TaskRatings!$H$5:$H$148,TaskRatings!$A$5:$A$148,A14,TaskRatings!$F$5:$F$148,B14,TaskRatings!$O$5:$O$148,"是",TaskRatings!$H$5:$H$148,">0")/COUNTIFS(TaskRatings!$A$5:$A$148,A14,TaskRatings!$F$5:$F$148,B14,TaskRatings!$O$5:$O$148,"是",TaskRatings!$H$5:$H$148,">0"),"") | G14: =IFERROR(SUMIFS(TaskRatings!$J$5:$J$148,TaskRatings!$A$5:$A$148,A14,TaskRatings!$F$5:$F$148,B14,TaskRatings!$O$5:$O$148,"是",TaskRatings!$J$5:$J$148,">0")/COUNTIFS(TaskRatings!$A$5:$A$148,A14,TaskRatings!$F$5:$F$148,B14,TaskRatings!$O$5:$O$148,"是",TaskRatings!$J$5:$J$148,">0"),"") | H14: =IFERROR(SUMIFS(TaskRatings!$L$5:$L$148,TaskRatings!$A$5:$A$148,A14,TaskRatings!$F$5:$F$148,B14,TaskRatings!$O$5:$O$148,"是",TaskRatings!$L$5:$L$148,">0")/COUNTIFS(TaskRatings!$A$5:$A$148,A14,TaskRatings!$F$5:$F$148,B14,TaskRatings!$O$5:$O$148,"是",TaskRatings!$L$5:$L$148,">0"),"") | I14: =IFERROR(SUMIFS(BlockRatings_AQ!$H$5:$H$148,BlockRatings_AQ!$A$5:$A$148,A14,BlockRatings_AQ!$F$5:$F$148,B14,BlockRatings_AQ!$R$5:$R$148,"是",BlockRatings_AQ!$H$5:$H$148,">0")/COUNTIFS(BlockRatings_AQ!$A$5:$A$148,A14,BlockRatings_AQ!$F$5:$F$148,B14,BlockRatings_AQ!$R$5:$R$148,"是",BlockRatings_AQ!$H$5:$H$148,">0"),"") | J14: =IFERROR(SUMIFS(BlockRatings_AQ!$I$5:$I$148,BlockRatings_AQ!$A$5:$A$148,A14,BlockRatings_AQ!$F$5:$F$148,B14,BlockRatings_AQ!$R$5:$R$148,"是",BlockRatings_AQ!$I$5:$I$148,">0")/COUNTIFS(BlockRatings_AQ!$A$5:$A$148,A14,BlockRatings_AQ!$F$5:$F$148,B14,BlockRatings_AQ!$R$5:$R$148,"是",BlockRatings_AQ!$I$5:$I$148,">0"),"") | K14: =IFERROR(SUMIFS(BlockRatings_AQ!$J$5:$J$148,BlockRatings_AQ!$A$5:$A$148,A14,BlockRatings_AQ!$F$5:$F$148,B14,BlockRatings_AQ!$R$5:$R$148,"是",BlockRatings_AQ!$J$5:$J$148,">0")/COUNTIFS(BlockRatings_AQ!$A$5:$A$148,A14,BlockRatings_AQ!$F$5:$F$148,B14,BlockRatings_AQ!$R$5:$R$148,"是",BlockRatings_AQ!$J$5:$J$148,">0"),"") | L14: =IF(COUNT(I14:K14)=3,AVERAGE(I14:K14),"") | M14: =IFERROR(SUMIFS(BlockRatings_AQ!$L$5:$L$148,BlockRatings_AQ!$A$5:$A$148,A14,BlockRatings_AQ!$F$5:$F$148,B14,BlockRatings_AQ!$R$5:$R$148,"是",BlockRatings_AQ!$L$5:$L$148,">0")/COUNTIFS(BlockRatings_AQ!$A$5:$A$148,A14,BlockRatings_AQ!$F$5:$F$148,B14,BlockRatings_AQ!$R$5:$R$148,"是",BlockRatings_AQ!$L$5:$L$148,">0"),"") | N14: =IFERROR(SUMIFS(BlockRatings_AQ!$M$5:$M$148,BlockRatings_AQ!$A$5:$A$148,A14,BlockRatings_AQ!$F$5:$F$148,B14,BlockRatings_AQ!$R$5:$R$148,"是",BlockRatings_AQ!$M$5:$M$148,">0")/COUNTIFS(BlockRatings_AQ!$A$5:$A$148,A14,BlockRatings_AQ!$F$5:$F$148,B14,BlockRatings_AQ!$R$5:$R$148,"是",BlockRatings_AQ!$M$5:$M$148,">0"),"") | O14: =IFERROR(SUMIFS(BlockRatings_AQ!$N$5:$N$148,BlockRatings_AQ!$A$5:$A$148,A14,BlockRatings_AQ!$F$5:$F$148,B14,BlockRatings_AQ!$R$5:$R$148,"是",BlockRatings_AQ!$N$5:$N$148,">0")/COUNTIFS(BlockRatings_AQ!$A$5:$A$148,A14,BlockRatings_AQ!$F$5:$F$148,B14,BlockRatings_AQ!$R$5:$R$148,"是",BlockRatings_AQ!$N$5:$N$148,">0"),"") | P14: =IF(COUNT(M14:O14)=3,AVERAGE(M14:O14),"") | Q14: =IFERROR(SUMIFS(MethodRatings!$E$5:$E$52,MethodRatings!$A$5:$A$52,A14,MethodRatings!$D$5:$D$52,B14,MethodRatings!$E$5:$E$52,">0")/COUNTIFS(MethodRatings!$A$5:$A$52,A14,MethodRatings!$D$5:$D$52,B14,MethodRatings!$E$5:$E$52,">0"),"") | R14: =IFERROR(SUMIFS(MethodRatings!$F$5:$F$52,MethodRatings!$A$5:$A$52,A14,MethodRatings!$D$5:$D$52,B14,MethodRatings!$F$5:$F$52,">0")/COUNTIFS(MethodRatings!$A$5:$A$52,A14,MethodRatings!$D$5:$D$52,B14,MethodRatings!$F$5:$F$52,">0"),"") | S14: =IFERROR(SUMIFS(MethodRatings!$G$5:$G$52,MethodRatings!$A$5:$A$52,A14,MethodRatings!$D$5:$D$52,B14,MethodRatings!$G$5:$G$52,">0")/COUNTIFS(MethodRatings!$A$5:$A$52,A14,MethodRatings!$D$5:$D$52,B14,MethodRatings!$G$5:$G$52,">0"),"") | T14: =IF(COUNT(Q14:S14)=3,AVERAGE(Q14:S14),"") | U14: =IFERROR(SUMIFS(MethodRatings!$I$5:$I$52,MethodRatings!$A$5:$A$52,A14,MethodRatings!$D$5:$D$52,B14,MethodRatings!$I$5:$I$52,">0")/COUNTIFS(MethodRatings!$A$5:$A$52,A14,MethodRatings!$D$5:$D$52,B14,MethodRatings!$I$5:$I$52,">0"),"") | V14: =IFERROR(SUMIFS(MethodRatings!$J$5:$J$52,MethodRatings!$A$5:$A$52,A14,MethodRatings!$D$5:$D$52,B14,MethodRatings!$J$5:$J$52,">0")/COUNTIFS(MethodRatings!$A$5:$A$52,A14,MethodRatings!$D$5:$D$52,B14,MethodRatings!$J$5:$J$52,">0"),"") | W14: =IFERROR(SUMIFS(MethodRatings!$K$5:$K$52,MethodRatings!$A$5:$A$52,A14,MethodRatings!$D$5:$D$52,B14,MethodRatings!$K$5:$K$52,">0")/COUNTIFS(MethodRatings!$A$5:$A$52,A14,MethodRatings!$D$5:$D$52,B14,MethodRatings!$K$5:$K$52,">0"),"") | X14: =IF(COUNT(U14:W14)=3,AVERAGE(U14:W14),"") | Y14: =IFERROR(SUMIFS(MethodRatings!$M$5:$M$52,MethodRatings!$A$5:$A$52,A14,MethodRatings!$D$5:$D$52,B14,MethodRatings!$M$5:$M$52,">0")/COUNTIFS(MethodRatings!$A$5:$A$52,A14,MethodRatings!$D$5:$D$52,B14,MethodRatings!$M$5:$M$52,">0"),"") | Z14: =IFERROR(SUMIFS(MethodRatings!$N$5:$N$52,MethodRatings!$A$5:$A$52,A14,MethodRatings!$D$5:$D$52,B14,MethodRatings!$N$5:$N$52,">0")/COUNTIFS(MethodRatings!$A$5:$A$52,A14,MethodRatings!$D$5:$D$52,B14,MethodRatings!$N$5:$N$52,">0"),"") | AA14: =IFERROR(SUMIFS(MethodRatings!$O$5:$O$52,MethodRatings!$A$5:$A$52,A14,MethodRatings!$D$5:$D$52,B14,MethodRatings!$O$5:$O$52,">0")/COUNTIFS(MethodRatings!$A$5:$A$52,A14,MethodRatings!$D$5:$D$52,B14,MethodRatings!$O$5:$O$52,">0"),"") | AB14: =IF(COUNT(I14:K14)=3,SUM(I14:K14),"") | AC14: =IF(COUNT(M14:O14)=3,SUM(M14:O14),"") | AD14: =IF(COUNT(Q14:S14)=3,SUM(Q14:S14),"") | AE14: =IF(COUNT(U14:W14)=3,SUM(U14:W14),"") | AF14: =IF((COUNT(F14:K14)+COUNT(M14:O14)+COUNT(Q14:S14)+COUNT(U14:W14)+COUNT(Y14:AA14))=18,"完整","缺失") -> 缺失
A15: P011 | B15: EgoAnchor | C15: =IF(B15=VLOOKUP(A15,Participants!$A$5:$W$28,22,FALSE),"方法A","方法B") -> 方法A | D15: =VLOOKUP(A15,Participants!$A$5:$B$28,2,FALSE) -> 是 | E15: =COUNTIFS(TaskRatings!$A$5:$A$148,A15,TaskRatings!$F$5:$F$148,B15,TaskRatings!$O$5:$O$148,"是") -> 3 | F15: =IFERROR(SUMIFS(TaskRatings!$H$5:$H$148,TaskRatings!$A$5:$A$148,A15,TaskRatings!$F$5:$F$148,B15,TaskRatings!$O$5:$O$148,"是",TaskRatings!$H$5:$H$148,">0")/COUNTIFS(TaskRatings!$A$5:$A$148,A15,TaskRatings!$F$5:$F$148,B15,TaskRatings!$O$5:$O$148,"是",TaskRatings!$H$5:$H$148,">0"),"") | G15: =IFERROR(SUMIFS(TaskRatings!$J$5:$J$148,TaskRatings!$A$5:$A$148,A15,TaskRatings!$F$5:$F$148,B15,TaskRatings!$O$5:$O$148,"是",TaskRatings!$J$5:$J$148,">0")/COUNTIFS(TaskRatings!$A$5:$A$148,A15,TaskRatings!$F$5:$F$148,B15,TaskRatings!$O$5:$O$148,"是",TaskRatings!$J$5:$J$148,">0"),"") | H15: =IFERROR(SUMIFS(TaskRatings!$L$5:$L$148,TaskRatings!$A$5:$A$148,A15,TaskRatings!$F$5:$F$148,B15,TaskRatings!$O$5:$O$148,"是",TaskRatings!$L$5:$L$148,">0")/COUNTIFS(TaskRatings!$A$5:$A$148,A15,TaskRatings!$F$5:$F$148,B15,TaskRatings!$O$5:$O$148,"是",TaskRatings!$L$5:$L$148,">0"),"") | I15: =IFERROR(SUMIFS(BlockRatings_AQ!$H$5:$H$148,BlockRatings_AQ!$A$5:$A$148,A15,BlockRatings_AQ!$F$5:$F$148,B15,BlockRatings_AQ!$R$5:$R$148,"是",BlockRatings_AQ!$H$5:$H$148,">0")/COUNTIFS(BlockRatings_AQ!$A$5:$A$148,A15,BlockRatings_AQ!$F$5:$F$148,B15,BlockRatings_AQ!$R$5:$R$148,"是",BlockRatings_AQ!$H$5:$H$148,">0"),"") | J15: =IFERROR(SUMIFS(BlockRatings_AQ!$I$5:$I$148,BlockRatings_AQ!$A$5:$A$148,A15,BlockRatings_AQ!$F$5:$F$148,B15,BlockRatings_AQ!$R$5:$R$148,"是",BlockRatings_AQ!$I$5:$I$148,">0")/COUNTIFS(BlockRatings_AQ!$A$5:$A$148,A15,BlockRatings_AQ!$F$5:$F$148,B15,BlockRatings_AQ!$R$5:$R$148,"是",BlockRatings_AQ!$I$5:$I$148,">0"),"") | K15: =IFERROR(SUMIFS(BlockRatings_AQ!$J$5:$J$148,BlockRatings_AQ!$A$5:$A$148,A15,BlockRatings_AQ!$F$5:$F$148,B15,BlockRatings_AQ!$R$5:$R$148,"是",BlockRatings_AQ!$J$5:$J$148,">0")/COUNTIFS(BlockRatings_AQ!$A$5:$A$148,A15,BlockRatings_AQ!$F$5:$F$148,B15,BlockRatings_AQ!$R$5:$R$148,"是",BlockRatings_AQ!$J$5:$J$148,">0"),"") | L15: =IF(COUNT(I15:K15)=3,AVERAGE(I15:K15),"") | M15: =IFERROR(SUMIFS(BlockRatings_AQ!$L$5:$L$148,BlockRatings_AQ!$A$5:$A$148,A15,BlockRatings_AQ!$F$5:$F$148,B15,BlockRatings_AQ!$R$5:$R$148,"是",BlockRatings_AQ!$L$5:$L$148,">0")/COUNTIFS(BlockRatings_AQ!$A$5:$A$148,A15,BlockRatings_AQ!$F$5:$F$148,B15,BlockRatings_AQ!$R$5:$R$148,"是",BlockRatings_AQ!$L$5:$L$148,">0"),"") | N15: =IFERROR(SUMIFS(BlockRatings_AQ!$M$5:$M$148,BlockRatings_AQ!$A$5:$A$148,A15,BlockRatings_AQ!$F$5:$F$148,B15,BlockRatings_AQ!$R$5:$R$148,"是",BlockRatings_AQ!$M$5:$M$148,">0")/COUNTIFS(BlockRatings_AQ!$A$5:$A$148,A15,BlockRatings_AQ!$F$5:$F$148,B15,BlockRatings_AQ!$R$5:$R$148,"是",BlockRatings_AQ!$M$5:$M$148,">0"),"") | O15: =IFERROR(SUMIFS(BlockRatings_AQ!$N$5:$N$148,BlockRatings_AQ!$A$5:$A$148,A15,BlockRatings_AQ!$F$5:$F$148,B15,BlockRatings_AQ!$R$5:$R$148,"是",BlockRatings_AQ!$N$5:$N$148,">0")/COUNTIFS(BlockRatings_AQ!$A$5:$A$148,A15,BlockRatings_AQ!$F$5:$F$148,B15,BlockRatings_AQ!$R$5:$R$148,"是",BlockRatings_AQ!$N$5:$N$148,">0"),"") | P15: =IF(COUNT(M15:O15)=3,AVERAGE(M15:O15),"") | Q15: =IFERROR(SUMIFS(MethodRatings!$E$5:$E$52,MethodRatings!$A$5:$A$52,A15,MethodRatings!$D$5:$D$52,B15,MethodRatings!$E$5:$E$52,">0")/COUNTIFS(MethodRatings!$A$5:$A$52,A15,MethodRatings!$D$5:$D$52,B15,MethodRatings!$E$5:$E$52,">0"),"") | R15: =IFERROR(SUMIFS(MethodRatings!$F$5:$F$52,MethodRatings!$A$5:$A$52,A15,MethodRatings!$D$5:$D$52,B15,MethodRatings!$F$5:$F$52,">0")/COUNTIFS(MethodRatings!$A$5:$A$52,A15,MethodRatings!$D$5:$D$52,B15,MethodRatings!$F$5:$F$52,">0"),"") | S15: =IFERROR(SUMIFS(MethodRatings!$G$5:$G$52,MethodRatings!$A$5:$A$52,A15,MethodRatings!$D$5:$D$52,B15,MethodRatings!$G$5:$G$52,">0")/COUNTIFS(MethodRatings!$A$5:$A$52,A15,MethodRatings!$D$5:$D$52,B15,MethodRatings!$G$5:$G$52,">0"),"") | T15: =IF(COUNT(Q15:S15)=3,AVERAGE(Q15:S15),"") | U15: =IFERROR(SUMIFS(MethodRatings!$I$5:$I$52,MethodRatings!$A$5:$A$52,A15,MethodRatings!$D$5:$D$52,B15,MethodRatings!$I$5:$I$52,">0")/COUNTIFS(MethodRatings!$A$5:$A$52,A15,MethodRatings!$D$5:$D$52,B15,MethodRatings!$I$5:$I$52,">0"),"") | V15: =IFERROR(SUMIFS(MethodRatings!$J$5:$J$52,MethodRatings!$A$5:$A$52,A15,MethodRatings!$D$5:$D$52,B15,MethodRatings!$J$5:$J$52,">0")/COUNTIFS(MethodRatings!$A$5:$A$52,A15,MethodRatings!$D$5:$D$52,B15,MethodRatings!$J$5:$J$52,">0"),"") | W15: =IFERROR(SUMIFS(MethodRatings!$K$5:$K$52,MethodRatings!$A$5:$A$52,A15,MethodRatings!$D$5:$D$52,B15,MethodRatings!$K$5:$K$52,">0")/COUNTIFS(MethodRatings!$A$5:$A$52,A15,MethodRatings!$D$5:$D$52,B15,MethodRatings!$K$5:$K$52,">0"),"") | X15: =IF(COUNT(U15:W15)=3,AVERAGE(U15:W15),"") | Y15: =IFERROR(SUMIFS(MethodRatings!$M$5:$M$52,MethodRatings!$A$5:$A$52,A15,MethodRatings!$D$5:$D$52,B15,MethodRatings!$M$5:$M$52,">0")/COUNTIFS(MethodRatings!$A$5:$A$52,A15,MethodRatings!$D$5:$D$52,B15,MethodRatings!$M$5:$M$52,">0"),"") | Z15: =IFERROR(SUMIFS(MethodRatings!$N$5:$N$52,MethodRatings!$A$5:$A$52,A15,MethodRatings!$D$5:$D$52,B15,MethodRatings!$N$5:$N$52,">0")/COUNTIFS(MethodRatings!$A$5:$A$52,A15,MethodRatings!$D$5:$D$52,B15,MethodRatings!$N$5:$N$52,">0"),"") | AA15: =IFERROR(SUMIFS(MethodRatings!$O$5:$O$52,MethodRatings!$A$5:$A$52,A15,MethodRatings!$D$5:$D$52,B15,MethodRatings!$O$5:$O$52,">0")/COUNTIFS(MethodRatings!$A$5:$A$52,A15,MethodRatings!$D$5:$D$52,B15,MethodRatings!$O$5:$O$52,">0"),"") | AB15: =IF(COUNT(I15:K15)=3,SUM(I15:K15),"") | AC15: =IF(COUNT(M15:O15)=3,SUM(M15:O15),"") | AD15: =IF(COUNT(Q15:S15)=3,SUM(Q15:S15),"") | AE15: =IF(COUNT(U15:W15)=3,SUM(U15:W15),"") | AF15: =IF((COUNT(F15:K15)+COUNT(M15:O15)+COUNT(Q15:S15)+COUNT(U15:W15)+COUNT(Y15:AA15))=18,"完整","缺失") -> 缺失
A16: P012 | B16: EgoAnchor | C16: =IF(B16=VLOOKUP(A16,Participants!$A$5:$W$28,22,FALSE),"方法A","方法B") -> 方法A | D16: =VLOOKUP(A16,Participants!$A$5:$B$28,2,FALSE) -> 是 | E16: =COUNTIFS(TaskRatings!$A$5:$A$148,A16,TaskRatings!$F$5:$F$148,B16,TaskRatings!$O$5:$O$148,"是") -> 3 | F16: =IFERROR(SUMIFS(TaskRatings!$H$5:$H$148,TaskRatings!$A$5:$A$148,A16,TaskRatings!$F$5:$F$148,B16,TaskRatings!$O$5:$O$148,"是",TaskRatings!$H$5:$H$148,">0")/COUNTIFS(TaskRatings!$A$5:$A$148,A16,TaskRatings!$F$5:$F$148,B16,TaskRatings!$O$5:$O$148,"是",TaskRatings!$H$5:$H$148,">0"),"") | G16: =IFERROR(SUMIFS(TaskRatings!$J$5:$J$148,TaskRatings!$A$5:$A$148,A16,TaskRatings!$F$5:$F$148,B16,TaskRatings!$O$5:$O$148,"是",TaskRatings!$J$5:$J$148,">0")/COUNTIFS(TaskRatings!$A$5:$A$148,A16,TaskRatings!$F$5:$F$148,B16,TaskRatings!$O$5:$O$148,"是",TaskRatings!$J$5:$J$148,">0"),"") | H16: =IFERROR(SUMIFS(TaskRatings!$L$5:$L$148,TaskRatings!$A$5:$A$148,A16,TaskRatings!$F$5:$F$148,B16,TaskRatings!$O$5:$O$148,"是",TaskRatings!$L$5:$L$148,">0")/COUNTIFS(TaskRatings!$A$5:$A$148,A16,TaskRatings!$F$5:$F$148,B16,TaskRatings!$O$5:$O$148,"是",TaskRatings!$L$5:$L$148,">0"),"") | I16: =IFERROR(SUMIFS(BlockRatings_AQ!$H$5:$H$148,BlockRatings_AQ!$A$5:$A$148,A16,BlockRatings_AQ!$F$5:$F$148,B16,BlockRatings_AQ!$R$5:$R$148,"是",BlockRatings_AQ!$H$5:$H$148,">0")/COUNTIFS(BlockRatings_AQ!$A$5:$A$148,A16,BlockRatings_AQ!$F$5:$F$148,B16,BlockRatings_AQ!$R$5:$R$148,"是",BlockRatings_AQ!$H$5:$H$148,">0"),"") | J16: =IFERROR(SUMIFS(BlockRatings_AQ!$I$5:$I$148,BlockRatings_AQ!$A$5:$A$148,A16,BlockRatings_AQ!$F$5:$F$148,B16,BlockRatings_AQ!$R$5:$R$148,"是",BlockRatings_AQ!$I$5:$I$148,">0")/COUNTIFS(BlockRatings_AQ!$A$5:$A$148,A16,BlockRatings_AQ!$F$5:$F$148,B16,BlockRatings_AQ!$R$5:$R$148,"是",BlockRatings_AQ!$I$5:$I$148,">0"),"") | K16: =IFERROR(SUMIFS(BlockRatings_AQ!$J$5:$J$148,BlockRatings_AQ!$A$5:$A$148,A16,BlockRatings_AQ!$F$5:$F$148,B16,BlockRatings_AQ!$R$5:$R$148,"是",BlockRatings_AQ!$J$5:$J$148,">0")/COUNTIFS(BlockRatings_AQ!$A$5:$A$148,A16,BlockRatings_AQ!$F$5:$F$148,B16,BlockRatings_AQ!$R$5:$R$148,"是",BlockRatings_AQ!$J$5:$J$148,">0"),"") | L16: =IF(COUNT(I16:K16)=3,AVERAGE(I16:K16),"") | M16: =IFERROR(SUMIFS(BlockRatings_AQ!$L$5:$L$148,BlockRatings_AQ!$A$5:$A$148,A16,BlockRatings_AQ!$F$5:$F$148,B16,BlockRatings_AQ!$R$5:$R$148,"是",BlockRatings_AQ!$L$5:$L$148,">0")/COUNTIFS(BlockRatings_AQ!$A$5:$A$148,A16,BlockRatings_AQ!$F$5:$F$148,B16,BlockRatings_AQ!$R$5:$R$148,"是",BlockRatings_AQ!$L$5:$L$148,">0"),"") | N16: =IFERROR(SUMIFS(BlockRatings_AQ!$M$5:$M$148,BlockRatings_AQ!$A$5:$A$148,A16,BlockRatings_AQ!$F$5:$F$148,B16,BlockRatings_AQ!$R$5:$R$148,"是",BlockRatings_AQ!$M$5:$M$148,">0")/COUNTIFS(BlockRatings_AQ!$A$5:$A$148,A16,BlockRatings_AQ!$F$5:$F$148,B16,BlockRatings_AQ!$R$5:$R$148,"是",BlockRatings_AQ!$M$5:$M$148,">0"),"") | O16: =IFERROR(SUMIFS(BlockRatings_AQ!$N$5:$N$148,BlockRatings_AQ!$A$5:$A$148,A16,BlockRatings_AQ!$F$5:$F$148,B16,BlockRatings_AQ!$R$5:$R$148,"是",BlockRatings_AQ!$N$5:$N$148,">0")/COUNTIFS(BlockRatings_AQ!$A$5:$A$148,A16,BlockRatings_AQ!$F$5:$F$148,B16,BlockRatings_AQ!$R$5:$R$148,"是",BlockRatings_AQ!$N$5:$N$148,">0"),"") | P16: =IF(COUNT(M16:O16)=3,AVERAGE(M16:O16),"") | Q16: =IFERROR(SUMIFS(MethodRatings!$E$5:$E$52,MethodRatings!$A$5:$A$52,A16,MethodRatings!$D$5:$D$52,B16,MethodRatings!$E$5:$E$52,">0")/COUNTIFS(MethodRatings!$A$5:$A$52,A16,MethodRatings!$D$5:$D$52,B16,MethodRatings!$E$5:$E$52,">0"),"") | R16: =IFERROR(SUMIFS(MethodRatings!$F$5:$F$52,MethodRatings!$A$5:$A$52,A16,MethodRatings!$D$5:$D$52,B16,MethodRatings!$F$5:$F$52,">0")/COUNTIFS(MethodRatings!$A$5:$A$52,A16,MethodRatings!$D$5:$D$52,B16,MethodRatings!$F$5:$F$52,">0"),"") | S16: =IFERROR(SUMIFS(MethodRatings!$G$5:$G$52,MethodRatings!$A$5:$A$52,A16,MethodRatings!$D$5:$D$52,B16,MethodRatings!$G$5:$G$52,">0")/COUNTIFS(MethodRatings!$A$5:$A$52,A16,MethodRatings!$D$5:$D$52,B16,MethodRatings!$G$5:$G$52,">0"),"") | T16: =IF(COUNT(Q16:S16)=3,AVERAGE(Q16:S16),"") | U16: =IFERROR(SUMIFS(MethodRatings!$I$5:$I$52,MethodRatings!$A$5:$A$52,A16,MethodRatings!$D$5:$D$52,B16,MethodRatings!$I$5:$I$52,">0")/COUNTIFS(MethodRatings!$A$5:$A$52,A16,MethodRatings!$D$5:$D$52,B16,MethodRatings!$I$5:$I$52,">0"),"") | V16: =IFERROR(SUMIFS(MethodRatings!$J$5:$J$52,MethodRatings!$A$5:$A$52,A16,MethodRatings!$D$5:$D$52,B16,MethodRatings!$J$5:$J$52,">0")/COUNTIFS(MethodRatings!$A$5:$A$52,A16,MethodRatings!$D$5:$D$52,B16,MethodRatings!$J$5:$J$52,">0"),"") | W16: =IFERROR(SUMIFS(MethodRatings!$K$5:$K$52,MethodRatings!$A$5:$A$52,A16,MethodRatings!$D$5:$D$52,B16,MethodRatings!$K$5:$K$52,">0")/COUNTIFS(MethodRatings!$A$5:$A$52,A16,MethodRatings!$D$5:$D$52,B16,MethodRatings!$K$5:$K$52,">0"),"") | X16: =IF(COUNT(U16:W16)=3,AVERAGE(U16:W16),"") | Y16: =IFERROR(SUMIFS(MethodRatings!$M$5:$M$52,MethodRatings!$A$5:$A$52,A16,MethodRatings!$D$5:$D$52,B16,MethodRatings!$M$5:$M$52,">0")/COUNTIFS(MethodRatings!$A$5:$A$52,A16,MethodRatings!$D$5:$D$52,B16,MethodRatings!$M$5:$M$52,">0"),"") | Z16: =IFERROR(SUMIFS(MethodRatings!$N$5:$N$52,MethodRatings!$A$5:$A$52,A16,MethodRatings!$D$5:$D$52,B16,MethodRatings!$N$5:$N$52,">0")/COUNTIFS(MethodRatings!$A$5:$A$52,A16,MethodRatings!$D$5:$D$52,B16,MethodRatings!$N$5:$N$52,">0"),"") | AA16: =IFERROR(SUMIFS(MethodRatings!$O$5:$O$52,MethodRatings!$A$5:$A$52,A16,MethodRatings!$D$5:$D$52,B16,MethodRatings!$O$5:$O$52,">0")/COUNTIFS(MethodRatings!$A$5:$A$52,A16,MethodRatings!$D$5:$D$52,B16,MethodRatings!$O$5:$O$52,">0"),"") | AB16: =IF(COUNT(I16:K16)=3,SUM(I16:K16),"") | AC16: =IF(COUNT(M16:O16)=3,SUM(M16:O16),"") | AD16: =IF(COUNT(Q16:S16)=3,SUM(Q16:S16),"") | AE16: =IF(COUNT(U16:W16)=3,SUM(U16:W16),"") | AF16: =IF((COUNT(F16:K16)+COUNT(M16:O16)+COUNT(Q16:S16)+COUNT(U16:W16)+COUNT(Y16:AA16))=18,"完整","缺失") -> 缺失
... A52: P024 | B52: One-Euro | C52: =IF(B52=VLOOKUP(A52,Participants!$A$5:$W$28,22,FALSE),"方法A","方法B") -> 方法A | D52: =VLOOKUP(A52,Participants!$A$5:$B$28,2,FALSE) -> 是 | E52: =COUNTIFS(TaskRatings!$A$5:$A$148,A52,TaskRatings!$F$5:$F$148,B52,TaskRatings!$O$5:$O$148,"是") -> 3 | F52: =IFERROR(SUMIFS(TaskRatings!$H$5:$H$148,TaskRatings!$A$5:$A$148,A52,TaskRatings!$F$5:$F$148,B52,TaskRatings!$O$5:$O$148,"是",TaskRatings!$H$5:$H$148,">0")/COUNTIFS(TaskRatings!$A$5:$A$148,A52,TaskRatings!$F$5:$F$148,B52,TaskRatings!$O$5:$O$148,"是",TaskRatings!$H$5:$H$148,">0"),"") | G52: =IFERROR(SUMIFS(TaskRatings!$J$5:$J$148,TaskRatings!$A$5:$A$148,A52,TaskRatings!$F$5:$F$148,B52,TaskRatings!$O$5:$O$148,"是",TaskRatings!$J$5:$J$148,">0")/COUNTIFS(TaskRatings!$A$5:$A$148,A52,TaskRatings!$F$5:$F$148,B52,TaskRatings!$O$5:$O$148,"是",TaskRatings!$J$5:$J$148,">0"),"") | H52: =IFERROR(SUMIFS(TaskRatings!$L$5:$L$148,TaskRatings!$A$5:$A$148,A52,TaskRatings!$F$5:$F$148,B52,TaskRatings!$O$5:$O$148,"是",TaskRatings!$L$5:$L$148,">0")/COUNTIFS(TaskRatings!$A$5:$A$148,A52,TaskRatings!$F$5:$F$148,B52,TaskRatings!$O$5:$O$148,"是",TaskRatings!$L$5:$L$148,">0"),"") | I52: =IFERROR(SUMIFS(BlockRatings_AQ!$H$5:$H$148,BlockRatings_AQ!$A$5:$A$148,A52,BlockRatings_AQ!$F$5:$F$148,B52,BlockRatings_AQ!$R$5:$R$148,"是",BlockRatings_AQ!$H$5:$H$148,">0")/COUNTIFS(BlockRatings_AQ!$A$5:$A$148,A52,BlockRatings_AQ!$F$5:$F$148,B52,BlockRatings_AQ!$R$5:$R$148,"是",BlockRatings_AQ!$H$5:$H$148,">0"),"") | J52: =IFERROR(SUMIFS(BlockRatings_AQ!$I$5:$I$148,BlockRatings_AQ!$A$5:$A$148,A52,BlockRatings_AQ!$F$5:$F$148,B52,BlockRatings_AQ!$R$5:$R$148,"是",BlockRatings_AQ!$I$5:$I$148,">0")/COUNTIFS(BlockRatings_AQ!$A$5:$A$148,A52,BlockRatings_AQ!$F$5:$F$148,B52,BlockRatings_AQ!$R$5:$R$148,"是",BlockRatings_AQ!$I$5:$I$148,">0"),"") | K52: =IFERROR(SUMIFS(BlockRatings_AQ!$J$5:$J$148,BlockRatings_AQ!$A$5:$A$148,A52,BlockRatings_AQ!$F$5:$F$148,B52,BlockRatings_AQ!$R$5:$R$148,"是",BlockRatings_AQ!$J$5:$J$148,">0")/COUNTIFS(BlockRatings_AQ!$A$5:$A$148,A52,BlockRatings_AQ!$F$5:$F$148,B52,BlockRatings_AQ!$R$5:$R$148,"是",BlockRatings_AQ!$J$5:$J$148,">0"),"") | L52: =IF(COUNT(I52:K52)=3,AVERAGE(I52:K52),"") | M52: =IFERROR(SUMIFS(BlockRatings_AQ!$L$5:$L$148,BlockRatings_AQ!$A$5:$A$148,A52,BlockRatings_AQ!$F$5:$F$148,B52,BlockRatings_AQ!$R$5:$R$148,"是",BlockRatings_AQ!$L$5:$L$148,">0")/COUNTIFS(BlockRatings_AQ!$A$5:$A$148,A52,BlockRatings_AQ!$F$5:$F$148,B52,BlockRatings_AQ!$R$5:$R$148,"是",BlockRatings_AQ!$L$5:$L$148,">0"),"") | N52: =IFERROR(SUMIFS(BlockRatings_AQ!$M$5:$M$148,BlockRatings_AQ!$A$5:$A$148,A52,BlockRatings_AQ!$F$5:$F$148,B52,BlockRatings_AQ!$R$5:$R$148,"是",BlockRatings_AQ!$M$5:$M$148,">0")/COUNTIFS(BlockRatings_AQ!$A$5:$A$148,A52,BlockRatings_AQ!$F$5:$F$148,B52,BlockRatings_AQ!$R$5:$R$148,"是",BlockRatings_AQ!$M$5:$M$148,">0"),"") | O52: =IFERROR(SUMIFS(BlockRatings_AQ!$N$5:$N$148,BlockRatings_AQ!$A$5:$A$148,A52,BlockRatings_AQ!$F$5:$F$148,B52,BlockRatings_AQ!$R$5:$R$148,"是",BlockRatings_AQ!$N$5:$N$148,">0")/COUNTIFS(BlockRatings_AQ!$A$5:$A$148,A52,BlockRatings_AQ!$F$5:$F$148,B52,BlockRatings_AQ!$R$5:$R$148,"是",BlockRatings_AQ!$N$5:$N$148,">0"),"") | P52: =IF(COUNT(M52:O52)=3,AVERAGE(M52:O52),"") | Q52: =IFERROR(SUMIFS(MethodRatings!$E$5:$E$52,MethodRatings!$A$5:$A$52,A52,MethodRatings!$D$5:$D$52,B52,MethodRatings!$E$5:$E$52,">0")/COUNTIFS(MethodRatings!$A$5:$A$52,A52,MethodRatings!$D$5:$D$52,B52,MethodRatings!$E$5:$E$52,">0"),"") | R52: =IFERROR(SUMIFS(MethodRatings!$F$5:$F$52,MethodRatings!$A$5:$A$52,A52,MethodRatings!$D$5:$D$52,B52,MethodRatings!$F$5:$F$52,">0")/COUNTIFS(MethodRatings!$A$5:$A$52,A52,MethodRatings!$D$5:$D$52,B52,MethodRatings!$F$5:$F$52,">0"),"") | S52: =IFERROR(SUMIFS(MethodRatings!$G$5:$G$52,MethodRatings!$A$5:$A$52,A52,MethodRatings!$D$5:$D$52,B52,MethodRatings!$G$5:$G$52,">0")/COUNTIFS(MethodRatings!$A$5:$A$52,A52,MethodRatings!$D$5:$D$52,B52,MethodRatings!$G$5:$G$52,">0"),"") | T52: =IF(COUNT(Q52:S52)=3,AVERAGE(Q52:S52),"") | U52: =IFERROR(SUMIFS(MethodRatings!$I$5:$I$52,MethodRatings!$A$5:$A$52,A52,MethodRatings!$D$5:$D$52,B52,MethodRatings!$I$5:$I$52,">0")/COUNTIFS(MethodRatings!$A$5:$A$52,A52,MethodRatings!$D$5:$D$52,B52,MethodRatings!$I$5:$I$52,">0"),"") | V52: =IFERROR(SUMIFS(MethodRatings!$J$5:$J$52,MethodRatings!$A$5:$A$52,A52,MethodRatings!$D$5:$D$52,B52,MethodRatings!$J$5:$J$52,">0")/COUNTIFS(MethodRatings!$A$5:$A$52,A52,MethodRatings!$D$5:$D$52,B52,MethodRatings!$J$5:$J$52,">0"),"") | W52: =IFERROR(SUMIFS(MethodRatings!$K$5:$K$52,MethodRatings!$A$5:$A$52,A52,MethodRatings!$D$5:$D$52,B52,MethodRatings!$K$5:$K$52,">0")/COUNTIFS(MethodRatings!$A$5:$A$52,A52,MethodRatings!$D$5:$D$52,B52,MethodRatings!$K$5:$K$52,">0"),"") | X52: =IF(COUNT(U52:W52)=3,AVERAGE(U52:W52),"") | Y52: =IFERROR(SUMIFS(MethodRatings!$M$5:$M$52,MethodRatings!$A$5:$A$52,A52,MethodRatings!$D$5:$D$52,B52,MethodRatings!$M$5:$M$52,">0")/COUNTIFS(MethodRatings!$A$5:$A$52,A52,MethodRatings!$D$5:$D$52,B52,MethodRatings!$M$5:$M$52,">0"),"") | Z52: =IFERROR(SUMIFS(MethodRatings!$N$5:$N$52,MethodRatings!$A$5:$A$52,A52,MethodRatings!$D$5:$D$52,B52,MethodRatings!$N$5:$N$52,">0")/COUNTIFS(MethodRatings!$A$5:$A$52,A52,MethodRatings!$D$5:$D$52,B52,MethodRatings!$N$5:$N$52,">0"),"") | AA52: =IFERROR(SUMIFS(MethodRatings!$O$5:$O$52,MethodRatings!$A$5:$A$52,A52,MethodRatings!$D$5:$D$52,B52,MethodRatings!$O$5:$O$52,">0")/COUNTIFS(MethodRatings!$A$5:$A$52,A52,MethodRatings!$D$5:$D$52,B52,MethodRatings!$O$5:$O$52,">0"),"") | AB52: =IF(COUNT(I52:K52)=3,SUM(I52:K52),"") | AC52: =IF(COUNT(M52:O52)=3,SUM(M52:O52),"") | AD52: =IF(COUNT(Q52:S52)=3,SUM(Q52:S52),"") | AE52: =IF(COUNT(U52:W52)=3,SUM(U52:W52),"") | AF52: =IF((COUNT(F52:K52)+COUNT(M52:O52)+COUNT(Q52:S52)+COUNT(U52:W52)+COUNT(Y52:AA52))=18,"完整","缺失") -> 缺失

Sheet PairedDifferences
A1: EgoAnchor − One-Euro 参与者内配对差（自动计算）
A2: 正值表示EgoAnchor评分更高。用于计算配对差中位数、正/负/结平和效应量。正式模型的估计值仍从R/Python混合模型输出回填。
A4: Participant_ID | B4: T1_Diff | C4: T2_Diff | D4: T3_Diff | E4: EmbeddingQuality_Diff | F4: InteractionQuality_Diff | G4: STIAS_Diff | H4: CR1_Diff | I4: CR2_Diff | J4: CR3_Diff | K4: CRIQ_Mean_Diff | L4: CI1_Diff | M4: CI2_Diff | N4: SB1_Diff
A5: P001 | B5: =IF(AND(ParticipantConditionSummary!F5<>"",ParticipantConditionSummary!F29<>""),ParticipantConditionSummary!F5-ParticipantConditionSummary!F29,"") | C5: =IF(AND(ParticipantConditionSummary!G5<>"",ParticipantConditionSummary!G29<>""),ParticipantConditionSummary!G5-ParticipantConditionSummary!G29,"") | D5: =IF(AND(ParticipantConditionSummary!H5<>"",ParticipantConditionSummary!H29<>""),ParticipantConditionSummary!H5-ParticipantConditionSummary!H29,"") | E5: =IF(AND(ParticipantConditionSummary!L5<>"",ParticipantConditionSummary!L29<>""),ParticipantConditionSummary!L5-ParticipantConditionSummary!L29,"") | F5: =IF(AND(ParticipantConditionSummary!P5<>"",ParticipantConditionSummary!P29<>""),ParticipantConditionSummary!P5-ParticipantConditionSummary!P29,"") | G5: =IF(AND(ParticipantConditionSummary!T5<>"",ParticipantConditionSummary!T29<>""),ParticipantConditionSummary!T5-ParticipantConditionSummary!T29,"") | H5: =IF(AND(ParticipantConditionSummary!U5<>"",ParticipantConditionSummary!U29<>""),ParticipantConditionSummary!U5-ParticipantConditionSummary!U29,"") | I5: =IF(AND(ParticipantConditionSummary!V5<>"",ParticipantConditionSummary!V29<>""),ParticipantConditionSummary!V5-ParticipantConditionSummary!V29,"") | J5: =IF(AND(ParticipantConditionSummary!W5<>"",ParticipantConditionSummary!W29<>""),ParticipantConditionSummary!W5-ParticipantConditionSummary!W29,"") | K5: =IF(AND(ParticipantConditionSummary!X5<>"",ParticipantConditionSummary!X29<>""),ParticipantConditionSummary!X5-ParticipantConditionSummary!X29,"") | L5: =IF(AND(ParticipantConditionSummary!Y5<>"",ParticipantConditionSummary!Y29<>""),ParticipantConditionSummary!Y5-ParticipantConditionSummary!Y29,"") | M5: =IF(AND(ParticipantConditionSummary!Z5<>"",ParticipantConditionSummary!Z29<>""),ParticipantConditionSummary!Z5-ParticipantConditionSummary!Z29,"") | N5: =IF(AND(ParticipantConditionSummary!AA5<>"",ParticipantConditionSummary!AA29<>""),ParticipantConditionSummary!AA5-ParticipantConditionSummary!AA29,"")
A6: P002 | B6: =IF(AND(ParticipantConditionSummary!F6<>"",ParticipantConditionSummary!F30<>""),ParticipantConditionSummary!F6-ParticipantConditionSummary!F30,"") | C6: =IF(AND(ParticipantConditionSummary!G6<>"",ParticipantConditionSummary!G30<>""),ParticipantConditionSummary!G6-ParticipantConditionSummary!G30,"") | D6: =IF(AND(ParticipantConditionSummary!H6<>"",ParticipantConditionSummary!H30<>""),ParticipantConditionSummary!H6-ParticipantConditionSummary!H30,"") | E6: =IF(AND(ParticipantConditionSummary!L6<>"",ParticipantConditionSummary!L30<>""),ParticipantConditionSummary!L6-ParticipantConditionSummary!L30,"") | F6: =IF(AND(ParticipantConditionSummary!P6<>"",ParticipantConditionSummary!P30<>""),ParticipantConditionSummary!P6-ParticipantConditionSummary!P30,"") | G6: =IF(AND(ParticipantConditionSummary!T6<>"",ParticipantConditionSummary!T30<>""),ParticipantConditionSummary!T6-ParticipantConditionSummary!T30,"") | H6: =IF(AND(ParticipantConditionSummary!U6<>"",ParticipantConditionSummary!U30<>""),ParticipantConditionSummary!U6-ParticipantConditionSummary!U30,"") | I6: =IF(AND(ParticipantConditionSummary!V6<>"",ParticipantConditionSummary!V30<>""),ParticipantConditionSummary!V6-ParticipantConditionSummary!V30,"") | J6: =IF(AND(ParticipantConditionSummary!W6<>"",ParticipantConditionSummary!W30<>""),ParticipantConditionSummary!W6-ParticipantConditionSummary!W30,"") | K6: =IF(AND(ParticipantConditionSummary!X6<>"",ParticipantConditionSummary!X30<>""),ParticipantConditionSummary!X6-ParticipantConditionSummary!X30,"") | L6: =IF(AND(ParticipantConditionSummary!Y6<>"",ParticipantConditionSummary!Y30<>""),ParticipantConditionSummary!Y6-ParticipantConditionSummary!Y30,"") | M6: =IF(AND(ParticipantConditionSummary!Z6<>"",ParticipantConditionSummary!Z30<>""),ParticipantConditionSummary!Z6-ParticipantConditionSummary!Z30,"") | N6: =IF(AND(ParticipantConditionSummary!AA6<>"",ParticipantConditionSummary!AA30<>""),ParticipantConditionSummary!AA6-ParticipantConditionSummary!AA30,"")
A7: P003 | B7: =IF(AND(ParticipantConditionSummary!F7<>"",ParticipantConditionSummary!F31<>""),ParticipantConditionSummary!F7-ParticipantConditionSummary!F31,"") | C7: =IF(AND(ParticipantConditionSummary!G7<>"",ParticipantConditionSummary!G31<>""),ParticipantConditionSummary!G7-ParticipantConditionSummary!G31,"") | D7: =IF(AND(ParticipantConditionSummary!H7<>"",ParticipantConditionSummary!H31<>""),ParticipantConditionSummary!H7-ParticipantConditionSummary!H31,"") | E7: =IF(AND(ParticipantConditionSummary!L7<>"",ParticipantConditionSummary!L31<>""),ParticipantConditionSummary!L7-ParticipantConditionSummary!L31,"") | F7: =IF(AND(ParticipantConditionSummary!P7<>"",ParticipantConditionSummary!P31<>""),ParticipantConditionSummary!P7-ParticipantConditionSummary!P31,"") | G7: =IF(AND(ParticipantConditionSummary!T7<>"",ParticipantConditionSummary!T31<>""),ParticipantConditionSummary!T7-ParticipantConditionSummary!T31,"") | H7: =IF(AND(ParticipantConditionSummary!U7<>"",ParticipantConditionSummary!U31<>""),ParticipantConditionSummary!U7-ParticipantConditionSummary!U31,"") | I7: =IF(AND(ParticipantConditionSummary!V7<>"",ParticipantConditionSummary!V31<>""),ParticipantConditionSummary!V7-ParticipantConditionSummary!V31,"") | J7: =IF(AND(ParticipantConditionSummary!W7<>"",ParticipantConditionSummary!W31<>""),ParticipantConditionSummary!W7-ParticipantConditionSummary!W31,"") | K7: =IF(AND(ParticipantConditionSummary!X7<>"",ParticipantConditionSummary!X31<>""),ParticipantConditionSummary!X7-ParticipantConditionSummary!X31,"") | L7: =IF(AND(ParticipantConditionSummary!Y7<>"",ParticipantConditionSummary!Y31<>""),ParticipantConditionSummary!Y7-ParticipantConditionSummary!Y31,"") | M7: =IF(AND(ParticipantConditionSummary!Z7<>"",ParticipantConditionSummary!Z31<>""),ParticipantConditionSummary!Z7-ParticipantConditionSummary!Z31,"") | N7: =IF(AND(ParticipantConditionSummary!AA7<>"",ParticipantConditionSummary!AA31<>""),ParticipantConditionSummary!AA7-ParticipantConditionSummary!AA31,"")
A8: P004 | B8: =IF(AND(ParticipantConditionSummary!F8<>"",ParticipantConditionSummary!F32<>""),ParticipantConditionSummary!F8-ParticipantConditionSummary!F32,"") | C8: =IF(AND(ParticipantConditionSummary!G8<>"",ParticipantConditionSummary!G32<>""),ParticipantConditionSummary!G8-ParticipantConditionSummary!G32,"") | D8: =IF(AND(ParticipantConditionSummary!H8<>"",ParticipantConditionSummary!H32<>""),ParticipantConditionSummary!H8-ParticipantConditionSummary!H32,"") | E8: =IF(AND(ParticipantConditionSummary!L8<>"",ParticipantConditionSummary!L32<>""),ParticipantConditionSummary!L8-ParticipantConditionSummary!L32,"") | F8: =IF(AND(ParticipantConditionSummary!P8<>"",ParticipantConditionSummary!P32<>""),ParticipantConditionSummary!P8-ParticipantConditionSummary!P32,"") | G8: =IF(AND(ParticipantConditionSummary!T8<>"",ParticipantConditionSummary!T32<>""),ParticipantConditionSummary!T8-ParticipantConditionSummary!T32,"") | H8: =IF(AND(ParticipantConditionSummary!U8<>"",ParticipantConditionSummary!U32<>""),ParticipantConditionSummary!U8-ParticipantConditionSummary!U32,"") | I8: =IF(AND(ParticipantConditionSummary!V8<>"",ParticipantConditionSummary!V32<>""),ParticipantConditionSummary!V8-ParticipantConditionSummary!V32,"") | J8: =IF(AND(ParticipantConditionSummary!W8<>"",ParticipantConditionSummary!W32<>""),ParticipantConditionSummary!W8-ParticipantConditionSummary!W32,"") | K8: =IF(AND(ParticipantConditionSummary!X8<>"",ParticipantConditionSummary!X32<>""),ParticipantConditionSummary!X8-ParticipantConditionSummary!X32,"") | L8: =IF(AND(ParticipantConditionSummary!Y8<>"",ParticipantConditionSummary!Y32<>""),ParticipantConditionSummary!Y8-ParticipantConditionSummary!Y32,"") | M8: =IF(AND(ParticipantConditionSummary!Z8<>"",ParticipantConditionSummary!Z32<>""),ParticipantConditionSummary!Z8-ParticipantConditionSummary!Z32,"") | N8: =IF(AND(ParticipantConditionSummary!AA8<>"",ParticipantConditionSummary!AA32<>""),ParticipantConditionSummary!AA8-ParticipantConditionSummary!AA32,"")
A9: P005 | B9: =IF(AND(ParticipantConditionSummary!F9<>"",ParticipantConditionSummary!F33<>""),ParticipantConditionSummary!F9-ParticipantConditionSummary!F33,"") | C9: =IF(AND(ParticipantConditionSummary!G9<>"",ParticipantConditionSummary!G33<>""),ParticipantConditionSummary!G9-ParticipantConditionSummary!G33,"") | D9: =IF(AND(ParticipantConditionSummary!H9<>"",ParticipantConditionSummary!H33<>""),ParticipantConditionSummary!H9-ParticipantConditionSummary!H33,"") | E9: =IF(AND(ParticipantConditionSummary!L9<>"",ParticipantConditionSummary!L33<>""),ParticipantConditionSummary!L9-ParticipantConditionSummary!L33,"") | F9: =IF(AND(ParticipantConditionSummary!P9<>"",ParticipantConditionSummary!P33<>""),ParticipantConditionSummary!P9-ParticipantConditionSummary!P33,"") | G9: =IF(AND(ParticipantConditionSummary!T9<>"",ParticipantConditionSummary!T33<>""),ParticipantConditionSummary!T9-ParticipantConditionSummary!T33,"") | H9: =IF(AND(ParticipantConditionSummary!U9<>"",ParticipantConditionSummary!U33<>""),ParticipantConditionSummary!U9-ParticipantConditionSummary!U33,"") | I9: =IF(AND(ParticipantConditionSummary!V9<>"",ParticipantConditionSummary!V33<>""),ParticipantConditionSummary!V9-ParticipantConditionSummary!V33,"") | J9: =IF(AND(ParticipantConditionSummary!W9<>"",ParticipantConditionSummary!W33<>""),ParticipantConditionSummary!W9-ParticipantConditionSummary!W33,"") | K9: =IF(AND(ParticipantConditionSummary!X9<>"",ParticipantConditionSummary!X33<>""),ParticipantConditionSummary!X9-ParticipantConditionSummary!X33,"") | L9: =IF(AND(ParticipantConditionSummary!Y9<>"",ParticipantConditionSummary!Y33<>""),ParticipantConditionSummary!Y9-ParticipantConditionSummary!Y33,"") | M9: =IF(AND(ParticipantConditionSummary!Z9<>"",ParticipantConditionSummary!Z33<>""),ParticipantConditionSummary!Z9-ParticipantConditionSummary!Z33,"") | N9: =IF(AND(ParticipantConditionSummary!AA9<>"",ParticipantConditionSummary!AA33<>""),ParticipantConditionSummary!AA9-ParticipantConditionSummary!AA33,"")
A10: P006 | B10: =IF(AND(ParticipantConditionSummary!F10<>"",ParticipantConditionSummary!F34<>""),ParticipantConditionSummary!F10-ParticipantConditionSummary!F34,"") | C10: =IF(AND(ParticipantConditionSummary!G10<>"",ParticipantConditionSummary!G34<>""),ParticipantConditionSummary!G10-ParticipantConditionSummary!G34,"") | D10: =IF(AND(ParticipantConditionSummary!H10<>"",ParticipantConditionSummary!H34<>""),ParticipantConditionSummary!H10-ParticipantConditionSummary!H34,"") | E10: =IF(AND(ParticipantConditionSummary!L10<>"",ParticipantConditionSummary!L34<>""),ParticipantConditionSummary!L10-ParticipantConditionSummary!L34,"") | F10: =IF(AND(ParticipantConditionSummary!P10<>"",ParticipantConditionSummary!P34<>""),ParticipantConditionSummary!P10-ParticipantConditionSummary!P34,"") | G10: =IF(AND(ParticipantConditionSummary!T10<>"",ParticipantConditionSummary!T34<>""),ParticipantConditionSummary!T10-ParticipantConditionSummary!T34,"") | H10: =IF(AND(ParticipantConditionSummary!U10<>"",ParticipantConditionSummary!U34<>""),ParticipantConditionSummary!U10-ParticipantConditionSummary!U34,"") | I10: =IF(AND(ParticipantConditionSummary!V10<>"",ParticipantConditionSummary!V34<>""),ParticipantConditionSummary!V10-ParticipantConditionSummary!V34,"") | J10: =IF(AND(ParticipantConditionSummary!W10<>"",ParticipantConditionSummary!W34<>""),ParticipantConditionSummary!W10-ParticipantConditionSummary!W34,"") | K10: =IF(AND(ParticipantConditionSummary!X10<>"",ParticipantConditionSummary!X34<>""),ParticipantConditionSummary!X10-ParticipantConditionSummary!X34,"") | L10: =IF(AND(ParticipantConditionSummary!Y10<>"",ParticipantConditionSummary!Y34<>""),ParticipantConditionSummary!Y10-ParticipantConditionSummary!Y34,"") | M10: =IF(AND(ParticipantConditionSummary!Z10<>"",ParticipantConditionSummary!Z34<>""),ParticipantConditionSummary!Z10-ParticipantConditionSummary!Z34,"") | N10: =IF(AND(ParticipantConditionSummary!AA10<>"",ParticipantConditionSummary!AA34<>""),ParticipantConditionSummary!AA10-ParticipantConditionSummary!AA34,"")
A11: P007 | B11: =IF(AND(ParticipantConditionSummary!F11<>"",ParticipantConditionSummary!F35<>""),ParticipantConditionSummary!F11-ParticipantConditionSummary!F35,"") | C11: =IF(AND(ParticipantConditionSummary!G11<>"",ParticipantConditionSummary!G35<>""),ParticipantConditionSummary!G11-ParticipantConditionSummary!G35,"") | D11: =IF(AND(ParticipantConditionSummary!H11<>"",ParticipantConditionSummary!H35<>""),ParticipantConditionSummary!H11-ParticipantConditionSummary!H35,"") | E11: =IF(AND(ParticipantConditionSummary!L11<>"",ParticipantConditionSummary!L35<>""),ParticipantConditionSummary!L11-ParticipantConditionSummary!L35,"") | F11: =IF(AND(ParticipantConditionSummary!P11<>"",ParticipantConditionSummary!P35<>""),ParticipantConditionSummary!P11-ParticipantConditionSummary!P35,"") | G11: =IF(AND(ParticipantConditionSummary!T11<>"",ParticipantConditionSummary!T35<>""),ParticipantConditionSummary!T11-ParticipantConditionSummary!T35,"") | H11: =IF(AND(ParticipantConditionSummary!U11<>"",ParticipantConditionSummary!U35<>""),ParticipantConditionSummary!U11-ParticipantConditionSummary!U35,"") | I11: =IF(AND(ParticipantConditionSummary!V11<>"",ParticipantConditionSummary!V35<>""),ParticipantConditionSummary!V11-ParticipantConditionSummary!V35,"") | J11: =IF(AND(ParticipantConditionSummary!W11<>"",ParticipantConditionSummary!W35<>""),ParticipantConditionSummary!W11-ParticipantConditionSummary!W35,"") | K11: =IF(AND(ParticipantConditionSummary!X11<>"",ParticipantConditionSummary!X35<>""),ParticipantConditionSummary!X11-ParticipantConditionSummary!X35,"") | L11: =IF(AND(ParticipantConditionSummary!Y11<>"",ParticipantConditionSummary!Y35<>""),ParticipantConditionSummary!Y11-ParticipantConditionSummary!Y35,"") | M11: =IF(AND(ParticipantConditionSummary!Z11<>"",ParticipantConditionSummary!Z35<>""),ParticipantConditionSummary!Z11-ParticipantConditionSummary!Z35,"") | N11: =IF(AND(ParticipantConditionSummary!AA11<>"",ParticipantConditionSummary!AA35<>""),ParticipantConditionSummary!AA11-ParticipantConditionSummary!AA35,"")
A12: P008 | B12: =IF(AND(ParticipantConditionSummary!F12<>"",ParticipantConditionSummary!F36<>""),ParticipantConditionSummary!F12-ParticipantConditionSummary!F36,"") | C12: =IF(AND(ParticipantConditionSummary!G12<>"",ParticipantConditionSummary!G36<>""),ParticipantConditionSummary!G12-ParticipantConditionSummary!G36,"") | D12: =IF(AND(ParticipantConditionSummary!H12<>"",ParticipantConditionSummary!H36<>""),ParticipantConditionSummary!H12-ParticipantConditionSummary!H36,"") | E12: =IF(AND(ParticipantConditionSummary!L12<>"",ParticipantConditionSummary!L36<>""),ParticipantConditionSummary!L12-ParticipantConditionSummary!L36,"") | F12: =IF(AND(ParticipantConditionSummary!P12<>"",ParticipantConditionSummary!P36<>""),ParticipantConditionSummary!P12-ParticipantConditionSummary!P36,"") | G12: =IF(AND(ParticipantConditionSummary!T12<>"",ParticipantConditionSummary!T36<>""),ParticipantConditionSummary!T12-ParticipantConditionSummary!T36,"") | H12: =IF(AND(ParticipantConditionSummary!U12<>"",ParticipantConditionSummary!U36<>""),ParticipantConditionSummary!U12-ParticipantConditionSummary!U36,"") | I12: =IF(AND(ParticipantConditionSummary!V12<>"",ParticipantConditionSummary!V36<>""),ParticipantConditionSummary!V12-ParticipantConditionSummary!V36,"") | J12: =IF(AND(ParticipantConditionSummary!W12<>"",ParticipantConditionSummary!W36<>""),ParticipantConditionSummary!W12-ParticipantConditionSummary!W36,"") | K12: =IF(AND(ParticipantConditionSummary!X12<>"",ParticipantConditionSummary!X36<>""),ParticipantConditionSummary!X12-ParticipantConditionSummary!X36,"") | L12: =IF(AND(ParticipantConditionSummary!Y12<>"",ParticipantConditionSummary!Y36<>""),ParticipantConditionSummary!Y12-ParticipantConditionSummary!Y36,"") | M12: =IF(AND(ParticipantConditionSummary!Z12<>"",ParticipantConditionSummary!Z36<>""),ParticipantConditionSummary!Z12-ParticipantConditionSummary!Z36,"") | N12: =IF(AND(ParticipantConditionSummary!AA12<>"",ParticipantConditionSummary!AA36<>""),ParticipantConditionSummary!AA12-ParticipantConditionSummary!AA36,"")
A13: P009 | B13: =IF(AND(ParticipantConditionSummary!F13<>"",ParticipantConditionSummary!F37<>""),ParticipantConditionSummary!F13-ParticipantConditionSummary!F37,"") | C13: =IF(AND(ParticipantConditionSummary!G13<>"",ParticipantConditionSummary!G37<>""),ParticipantConditionSummary!G13-ParticipantConditionSummary!G37,"") | D13: =IF(AND(ParticipantConditionSummary!H13<>"",ParticipantConditionSummary!H37<>""),ParticipantConditionSummary!H13-ParticipantConditionSummary!H37,"") | E13: =IF(AND(ParticipantConditionSummary!L13<>"",ParticipantConditionSummary!L37<>""),ParticipantConditionSummary!L13-ParticipantConditionSummary!L37,"") | F13: =IF(AND(ParticipantConditionSummary!P13<>"",ParticipantConditionSummary!P37<>""),ParticipantConditionSummary!P13-ParticipantConditionSummary!P37,"") | G13: =IF(AND(ParticipantConditionSummary!T13<>"",ParticipantConditionSummary!T37<>""),ParticipantConditionSummary!T13-ParticipantConditionSummary!T37,"") | H13: =IF(AND(ParticipantConditionSummary!U13<>"",ParticipantConditionSummary!U37<>""),ParticipantConditionSummary!U13-ParticipantConditionSummary!U37,"") | I13: =IF(AND(ParticipantConditionSummary!V13<>"",ParticipantConditionSummary!V37<>""),ParticipantConditionSummary!V13-ParticipantConditionSummary!V37,"") | J13: =IF(AND(ParticipantConditionSummary!W13<>"",ParticipantConditionSummary!W37<>""),ParticipantConditionSummary!W13-ParticipantConditionSummary!W37,"") | K13: =IF(AND(ParticipantConditionSummary!X13<>"",ParticipantConditionSummary!X37<>""),ParticipantConditionSummary!X13-ParticipantConditionSummary!X37,"") | L13: =IF(AND(ParticipantConditionSummary!Y13<>"",ParticipantConditionSummary!Y37<>""),ParticipantConditionSummary!Y13-ParticipantConditionSummary!Y37,"") | M13: =IF(AND(ParticipantConditionSummary!Z13<>"",ParticipantConditionSummary!Z37<>""),ParticipantConditionSummary!Z13-ParticipantConditionSummary!Z37,"") | N13: =IF(AND(ParticipantConditionSummary!AA13<>"",ParticipantConditionSummary!AA37<>""),ParticipantConditionSummary!AA13-ParticipantConditionSummary!AA37,"")
A14: P010 | B14: =IF(AND(ParticipantConditionSummary!F14<>"",ParticipantConditionSummary!F38<>""),ParticipantConditionSummary!F14-ParticipantConditionSummary!F38,"") | C14: =IF(AND(ParticipantConditionSummary!G14<>"",ParticipantConditionSummary!G38<>""),ParticipantConditionSummary!G14-ParticipantConditionSummary!G38,"") | D14: =IF(AND(ParticipantConditionSummary!H14<>"",ParticipantConditionSummary!H38<>""),ParticipantConditionSummary!H14-ParticipantConditionSummary!H38,"") | E14: =IF(AND(ParticipantConditionSummary!L14<>"",ParticipantConditionSummary!L38<>""),ParticipantConditionSummary!L14-ParticipantConditionSummary!L38,"") | F14: =IF(AND(ParticipantConditionSummary!P14<>"",ParticipantConditionSummary!P38<>""),ParticipantConditionSummary!P14-ParticipantConditionSummary!P38,"") | G14: =IF(AND(ParticipantConditionSummary!T14<>"",ParticipantConditionSummary!T38<>""),ParticipantConditionSummary!T14-ParticipantConditionSummary!T38,"") | H14: =IF(AND(ParticipantConditionSummary!U14<>"",ParticipantConditionSummary!U38<>""),ParticipantConditionSummary!U14-ParticipantConditionSummary!U38,"") | I14: =IF(AND(ParticipantConditionSummary!V14<>"",ParticipantConditionSummary!V38<>""),ParticipantConditionSummary!V14-ParticipantConditionSummary!V38,"") | J14: =IF(AND(ParticipantConditionSummary!W14<>"",ParticipantConditionSummary!W38<>""),ParticipantConditionSummary!W14-ParticipantConditionSummary!W38,"") | K14: =IF(AND(ParticipantConditionSummary!X14<>"",ParticipantConditionSummary!X38<>""),ParticipantConditionSummary!X14-ParticipantConditionSummary!X38,"") | L14: =IF(AND(ParticipantConditionSummary!Y14<>"",ParticipantConditionSummary!Y38<>""),ParticipantConditionSummary!Y14-ParticipantConditionSummary!Y38,"") | M14: =IF(AND(ParticipantConditionSummary!Z14<>"",ParticipantConditionSummary!Z38<>""),ParticipantConditionSummary!Z14-ParticipantConditionSummary!Z38,"") | N14: =IF(AND(ParticipantConditionSummary!AA14<>"",ParticipantConditionSummary!AA38<>""),ParticipantConditionSummary!AA14-ParticipantConditionSummary!AA38,"")
A15: P011 | B15: =IF(AND(ParticipantConditionSummary!F15<>"",ParticipantConditionSummary!F39<>""),ParticipantConditionSummary!F15-ParticipantConditionSummary!F39,"") | C15: =IF(AND(ParticipantConditionSummary!G15<>"",ParticipantConditionSummary!G39<>""),ParticipantConditionSummary!G15-ParticipantConditionSummary!G39,"") | D15: =IF(AND(ParticipantConditionSummary!H15<>"",ParticipantConditionSummary!H39<>""),ParticipantConditionSummary!H15-ParticipantConditionSummary!H39,"") | E15: =IF(AND(ParticipantConditionSummary!L15<>"",ParticipantConditionSummary!L39<>""),ParticipantConditionSummary!L15-ParticipantConditionSummary!L39,"") | F15: =IF(AND(ParticipantConditionSummary!P15<>"",ParticipantConditionSummary!P39<>""),ParticipantConditionSummary!P15-ParticipantConditionSummary!P39,"") | G15: =IF(AND(ParticipantConditionSummary!T15<>"",ParticipantConditionSummary!T39<>""),ParticipantConditionSummary!T15-ParticipantConditionSummary!T39,"") | H15: =IF(AND(ParticipantConditionSummary!U15<>"",ParticipantConditionSummary!U39<>""),ParticipantConditionSummary!U15-ParticipantConditionSummary!U39,"") | I15: =IF(AND(ParticipantConditionSummary!V15<>"",ParticipantConditionSummary!V39<>""),ParticipantConditionSummary!V15-ParticipantConditionSummary!V39,"") | J15: =IF(AND(ParticipantConditionSummary!W15<>"",ParticipantConditionSummary!W39<>""),ParticipantConditionSummary!W15-ParticipantConditionSummary!W39,"") | K15: =IF(AND(ParticipantConditionSummary!X15<>"",ParticipantConditionSummary!X39<>""),ParticipantConditionSummary!X15-ParticipantConditionSummary!X39,"") | L15: =IF(AND(ParticipantConditionSummary!Y15<>"",ParticipantConditionSummary!Y39<>""),ParticipantConditionSummary!Y15-ParticipantConditionSummary!Y39,"") | M15: =IF(AND(ParticipantConditionSummary!Z15<>"",ParticipantConditionSummary!Z39<>""),ParticipantConditionSummary!Z15-ParticipantConditionSummary!Z39,"") | N15: =IF(AND(ParticipantConditionSummary!AA15<>"",ParticipantConditionSummary!AA39<>""),ParticipantConditionSummary!AA15-ParticipantConditionSummary!AA39,"")
A16: P012 | B16: =IF(AND(ParticipantConditionSummary!F16<>"",ParticipantConditionSummary!F40<>""),ParticipantConditionSummary!F16-ParticipantConditionSummary!F40,"") | C16: =IF(AND(ParticipantConditionSummary!G16<>"",ParticipantConditionSummary!G40<>""),ParticipantConditionSummary!G16-ParticipantConditionSummary!G40,"") | D16: =IF(AND(ParticipantConditionSummary!H16<>"",ParticipantConditionSummary!H40<>""),ParticipantConditionSummary!H16-ParticipantConditionSummary!H40,"") | E16: =IF(AND(ParticipantConditionSummary!L16<>"",ParticipantConditionSummary!L40<>""),ParticipantConditionSummary!L16-ParticipantConditionSummary!L40,"") | F16: =IF(AND(ParticipantConditionSummary!P16<>"",ParticipantConditionSummary!P40<>""),ParticipantConditionSummary!P16-ParticipantConditionSummary!P40,"") | G16: =IF(AND(ParticipantConditionSummary!T16<>"",ParticipantConditionSummary!T40<>""),ParticipantConditionSummary!T16-ParticipantConditionSummary!T40,"") | H16: =IF(AND(ParticipantConditionSummary!U16<>"",ParticipantConditionSummary!U40<>""),ParticipantConditionSummary!U16-ParticipantConditionSummary!U40,"") | I16: =IF(AND(ParticipantConditionSummary!V16<>"",ParticipantConditionSummary!V40<>""),ParticipantConditionSummary!V16-ParticipantConditionSummary!V40,"") | J16: =IF(AND(ParticipantConditionSummary!W16<>"",ParticipantConditionSummary!W40<>""),ParticipantConditionSummary!W16-ParticipantConditionSummary!W40,"") | K16: =IF(AND(ParticipantConditionSummary!X16<>"",ParticipantConditionSummary!X40<>""),ParticipantConditionSummary!X16-ParticipantConditionSummary!X40,"") | L16: =IF(AND(ParticipantConditionSummary!Y16<>"",ParticipantConditionSummary!Y40<>""),ParticipantConditionSummary!Y16-ParticipantConditionSummary!Y40,"") | M16: =IF(AND(ParticipantConditionSummary!Z16<>"",ParticipantConditionSummary!Z40<>""),ParticipantConditionSummary!Z16-ParticipantConditionSummary!Z40,"") | N16: =IF(AND(ParticipantConditionSummary!AA16<>"",ParticipantConditionSummary!AA40<>""),ParticipantConditionSummary!AA16-ParticipantConditionSummary!AA40,"")
... A28: P024 | B28: =IF(AND(ParticipantConditionSummary!F28<>"",ParticipantConditionSummary!F52<>""),ParticipantConditionSummary!F28-ParticipantConditionSummary!F52,"") | C28: =IF(AND(ParticipantConditionSummary!G28<>"",ParticipantConditionSummary!G52<>""),ParticipantConditionSummary!G28-ParticipantConditionSummary!G52,"") | D28: =IF(AND(ParticipantConditionSummary!H28<>"",ParticipantConditionSummary!H52<>""),ParticipantConditionSummary!H28-ParticipantConditionSummary!H52,"") | E28: =IF(AND(ParticipantConditionSummary!L28<>"",ParticipantConditionSummary!L52<>""),ParticipantConditionSummary!L28-ParticipantConditionSummary!L52,"") | F28: =IF(AND(ParticipantConditionSummary!P28<>"",ParticipantConditionSummary!P52<>""),ParticipantConditionSummary!P28-ParticipantConditionSummary!P52,"") | G28: =IF(AND(ParticipantConditionSummary!T28<>"",ParticipantConditionSummary!T52<>""),ParticipantConditionSummary!T28-ParticipantConditionSummary!T52,"") | H28: =IF(AND(ParticipantConditionSummary!U28<>"",ParticipantConditionSummary!U52<>""),ParticipantConditionSummary!U28-ParticipantConditionSummary!U52,"") | I28: =IF(AND(ParticipantConditionSummary!V28<>"",ParticipantConditionSummary!V52<>""),ParticipantConditionSummary!V28-ParticipantConditionSummary!V52,"") | J28: =IF(AND(ParticipantConditionSummary!W28<>"",ParticipantConditionSummary!W52<>""),ParticipantConditionSummary!W28-ParticipantConditionSummary!W52,"") | K28: =IF(AND(ParticipantConditionSummary!X28<>"",ParticipantConditionSummary!X52<>""),ParticipantConditionSummary!X28-ParticipantConditionSummary!X52,"") | L28: =IF(AND(ParticipantConditionSummary!Y28<>"",ParticipantConditionSummary!Y52<>""),ParticipantConditionSummary!Y28-ParticipantConditionSummary!Y52,"") | M28: =IF(AND(ParticipantConditionSummary!Z28<>"",ParticipantConditionSummary!Z52<>""),ParticipantConditionSummary!Z28-ParticipantConditionSummary!Z52,"") | N28: =IF(AND(ParticipantConditionSummary!AA28<>"",ParticipantConditionSummary!AA52<>""),ParticipantConditionSummary!AA28-ParticipantConditionSummary!AA52,"")

Sheet Reliability
A1: 当前样本内部一致性（参与者方法级；N=24/方法）
A2: EQ/IQ项目先在每位参与者的三个物体上取项目均值，再计算方法内α。S-TIAS和CRIQ直接使用方法级项目。α/ω仅描述当前样本，不代表中文或对象锚定版本获得重新验证。ω由R/Python结果回填。
A4: Scale | B4: Method | C4: k | D4: N | E4: Cronbach_alpha_formula | F4: McDonald_omega | G4: Item1_Mean | H4: Item1_SD | I4: Item2_Mean | J4: Item2_SD | K4: Item3_Mean | L4: Item3_SD | M4: Total_Mean | N4: Total_SD | O4: Interpretation | P4: Reporting_Decision
A5: Embedding Quality | B5: EgoAnchor | C5: 3 | D5: =COUNT(ParticipantConditionSummary!AB5:AB28) -> 0 | E5: =IFERROR(IF(D5<3,"",3/2*(1-(VAR.S(ParticipantConditionSummary!I5:I28)+VAR.S(ParticipantConditionSummary!J5:J28)+VAR.S(ParticipantConditionSummary!K5:K28))/VAR.S(ParticipantConditionSummary!AB5:AB28))),"") | G5: =IFERROR(AVERAGE(ParticipantConditionSummary!I5:I28),"") | H5: =IFERROR(STDEV.S(ParticipantConditionSummary!I5:I28),"") -> 0 | I5: =IFERROR(AVERAGE(ParticipantConditionSummary!J5:J28),"") | J5: =IFERROR(STDEV.S(ParticipantConditionSummary!J5:J28),"") -> 0 | K5: =IFERROR(AVERAGE(ParticipantConditionSummary!K5:K28),"") | L5: =IFERROR(STDEV.S(ParticipantConditionSummary!K5:K28),"") -> 0 | M5: =IFERROR(AVERAGE(ParticipantConditionSummary!AB5:AB28),"") | N5: =IFERROR(STDEV.S(ParticipantConditionSummary!AB5:AB28),"") -> 0 | O5: =IFERROR(IF(E5="","",IF(E5>=0.8,"良好",IF(E5>=0.7,"可接受",IF(E5>=0.6,"边界","较低")))),"")
A6: Embedding Quality | B6: One-Euro | C6: 3 | D6: =COUNT(ParticipantConditionSummary!AB29:AB52) -> 0 | E6: =IFERROR(IF(D6<3,"",3/2*(1-(VAR.S(ParticipantConditionSummary!I29:I52)+VAR.S(ParticipantConditionSummary!J29:J52)+VAR.S(ParticipantConditionSummary!K29:K52))/VAR.S(ParticipantConditionSummary!AB29:AB52))),"") | G6: =IFERROR(AVERAGE(ParticipantConditionSummary!I29:I52),"") | H6: =IFERROR(STDEV.S(ParticipantConditionSummary!I29:I52),"") -> 0 | I6: =IFERROR(AVERAGE(ParticipantConditionSummary!J29:J52),"") | J6: =IFERROR(STDEV.S(ParticipantConditionSummary!J29:J52),"") -> 0 | K6: =IFERROR(AVERAGE(ParticipantConditionSummary!K29:K52),"") | L6: =IFERROR(STDEV.S(ParticipantConditionSummary!K29:K52),"") -> 0 | M6: =IFERROR(AVERAGE(ParticipantConditionSummary!AB29:AB52),"") | N6: =IFERROR(STDEV.S(ParticipantConditionSummary!AB29:AB52),"") -> 0 | O6: =IFERROR(IF(E6="","",IF(E6>=0.8,"良好",IF(E6>=0.7,"可接受",IF(E6>=0.6,"边界","较低")))),"")
A7: Interaction Quality | B7: EgoAnchor | C7: 3 | D7: =COUNT(ParticipantConditionSummary!AC5:AC28) -> 0 | E7: =IFERROR(IF(D7<3,"",3/2*(1-(VAR.S(ParticipantConditionSummary!M5:M28)+VAR.S(ParticipantConditionSummary!N5:N28)+VAR.S(ParticipantConditionSummary!O5:O28))/VAR.S(ParticipantConditionSummary!AC5:AC28))),"") | G7: =IFERROR(AVERAGE(ParticipantConditionSummary!M5:M28),"") | H7: =IFERROR(STDEV.S(ParticipantConditionSummary!M5:M28),"") -> 0 | I7: =IFERROR(AVERAGE(ParticipantConditionSummary!N5:N28),"") | J7: =IFERROR(STDEV.S(ParticipantConditionSummary!N5:N28),"") -> 0 | K7: =IFERROR(AVERAGE(ParticipantConditionSummary!O5:O28),"") | L7: =IFERROR(STDEV.S(ParticipantConditionSummary!O5:O28),"") -> 0 | M7: =IFERROR(AVERAGE(ParticipantConditionSummary!AC5:AC28),"") | N7: =IFERROR(STDEV.S(ParticipantConditionSummary!AC5:AC28),"") -> 0 | O7: =IFERROR(IF(E7="","",IF(E7>=0.8,"良好",IF(E7>=0.7,"可接受",IF(E7>=0.6,"边界","较低")))),"")
A8: Interaction Quality | B8: One-Euro | C8: 3 | D8: =COUNT(ParticipantConditionSummary!AC29:AC52) -> 0 | E8: =IFERROR(IF(D8<3,"",3/2*(1-(VAR.S(ParticipantConditionSummary!M29:M52)+VAR.S(ParticipantConditionSummary!N29:N52)+VAR.S(ParticipantConditionSummary!O29:O52))/VAR.S(ParticipantConditionSummary!AC29:AC52))),"") | G8: =IFERROR(AVERAGE(ParticipantConditionSummary!M29:M52),"") | H8: =IFERROR(STDEV.S(ParticipantConditionSummary!M29:M52),"") -> 0 | I8: =IFERROR(AVERAGE(ParticipantConditionSummary!N29:N52),"") | J8: =IFERROR(STDEV.S(ParticipantConditionSummary!N29:N52),"") -> 0 | K8: =IFERROR(AVERAGE(ParticipantConditionSummary!O29:O52),"") | L8: =IFERROR(STDEV.S(ParticipantConditionSummary!O29:O52),"") -> 0 | M8: =IFERROR(AVERAGE(ParticipantConditionSummary!AC29:AC52),"") | N8: =IFERROR(STDEV.S(ParticipantConditionSummary!AC29:AC52),"") -> 0 | O8: =IFERROR(IF(E8="","",IF(E8>=0.8,"良好",IF(E8>=0.7,"可接受",IF(E8>=0.6,"边界","较低")))),"")
A9: S-TIAS | B9: EgoAnchor | C9: 3 | D9: =COUNT(ParticipantConditionSummary!AD5:AD28) -> 0 | E9: =IFERROR(IF(D9<3,"",3/2*(1-(VAR.S(ParticipantConditionSummary!Q5:Q28)+VAR.S(ParticipantConditionSummary!R5:R28)+VAR.S(ParticipantConditionSummary!S5:S28))/VAR.S(ParticipantConditionSummary!AD5:AD28))),"") | G9: =IFERROR(AVERAGE(ParticipantConditionSummary!Q5:Q28),"") | H9: =IFERROR(STDEV.S(ParticipantConditionSummary!Q5:Q28),"") -> 0 | I9: =IFERROR(AVERAGE(ParticipantConditionSummary!R5:R28),"") | J9: =IFERROR(STDEV.S(ParticipantConditionSummary!R5:R28),"") -> 0 | K9: =IFERROR(AVERAGE(ParticipantConditionSummary!S5:S28),"") | L9: =IFERROR(STDEV.S(ParticipantConditionSummary!S5:S28),"") -> 0 | M9: =IFERROR(AVERAGE(ParticipantConditionSummary!AD5:AD28),"") | N9: =IFERROR(STDEV.S(ParticipantConditionSummary!AD5:AD28),"") -> 0 | O9: =IFERROR(IF(E9="","",IF(E9>=0.8,"良好",IF(E9>=0.7,"可接受",IF(E9>=0.6,"边界","较低")))),"")
A10: S-TIAS | B10: One-Euro | C10: 3 | D10: =COUNT(ParticipantConditionSummary!AD29:AD52) -> 0 | E10: =IFERROR(IF(D10<3,"",3/2*(1-(VAR.S(ParticipantConditionSummary!Q29:Q52)+VAR.S(ParticipantConditionSummary!R29:R52)+VAR.S(ParticipantConditionSummary!S29:S52))/VAR.S(ParticipantConditionSummary!AD29:AD52))),"") | G10: =IFERROR(AVERAGE(ParticipantConditionSummary!Q29:Q52),"") | H10: =IFERROR(STDEV.S(ParticipantConditionSummary!Q29:Q52),"") -> 0 | I10: =IFERROR(AVERAGE(ParticipantConditionSummary!R29:R52),"") | J10: =IFERROR(STDEV.S(ParticipantConditionSummary!R29:R52),"") -> 0 | K10: =IFERROR(AVERAGE(ParticipantConditionSummary!S29:S52),"") | L10: =IFERROR(STDEV.S(ParticipantConditionSummary!S29:S52),"") -> 0 | M10: =IFERROR(AVERAGE(ParticipantConditionSummary!AD29:AD52),"") | N10: =IFERROR(STDEV.S(ParticipantConditionSummary!AD29:AD52),"") -> 0 | O10: =IFERROR(IF(E10="","",IF(E10>=0.8,"良好",IF(E10>=0.7,"可接受",IF(E10>=0.6,"边界","较低")))),"")
A11: CRIQ exploratory | B11: EgoAnchor | C11: 3 | D11: =COUNT(ParticipantConditionSummary!AE5:AE28) -> 0 | E11: =IFERROR(IF(D11<3,"",3/2*(1-(VAR.S(ParticipantConditionSummary!U5:U28)+VAR.S(ParticipantConditionSummary!V5:V28)+VAR.S(ParticipantConditionSummary!W5:W28))/VAR.S(ParticipantConditionSummary!AE5:AE28))),"") | G11: =IFERROR(AVERAGE(ParticipantConditionSummary!U5:U28),"") | H11: =IFERROR(STDEV.S(ParticipantConditionSummary!U5:U28),"") -> 0 | I11: =IFERROR(AVERAGE(ParticipantConditionSummary!V5:V28),"") | J11: =IFERROR(STDEV.S(ParticipantConditionSummary!V5:V28),"") -> 0 | K11: =IFERROR(AVERAGE(ParticipantConditionSummary!W5:W28),"") | L11: =IFERROR(STDEV.S(ParticipantConditionSummary!W5:W28),"") -> 0 | M11: =IFERROR(AVERAGE(ParticipantConditionSummary!AE5:AE28),"") | N11: =IFERROR(STDEV.S(ParticipantConditionSummary!AE5:AE28),"") -> 0 | O11: =IFERROR(IF(E11="","",IF(E11>=0.8,"良好",IF(E11>=0.7,"可接受",IF(E11>=0.6,"边界","较低")))),"")
A12: CRIQ exploratory | B12: One-Euro | C12: 3 | D12: =COUNT(ParticipantConditionSummary!AE29:AE52) -> 0 | E12: =IFERROR(IF(D12<3,"",3/2*(1-(VAR.S(ParticipantConditionSummary!U29:U52)+VAR.S(ParticipantConditionSummary!V29:V52)+VAR.S(ParticipantConditionSummary!W29:W52))/VAR.S(ParticipantConditionSummary!AE29:AE52))),"") | G12: =IFERROR(AVERAGE(ParticipantConditionSummary!U29:U52),"") | H12: =IFERROR(STDEV.S(ParticipantConditionSummary!U29:U52),"") -> 0 | I12: =IFERROR(AVERAGE(ParticipantConditionSummary!V29:V52),"") | J12: =IFERROR(STDEV.S(ParticipantConditionSummary!V29:V52),"") -> 0 | K12: =IFERROR(AVERAGE(ParticipantConditionSummary!W29:W52),"") | L12: =IFERROR(STDEV.S(ParticipantConditionSummary!W29:W52),"") -> 0 | M12: =IFERROR(AVERAGE(ParticipantConditionSummary!AE29:AE52),"") | N12: =IFERROR(STDEV.S(ParticipantConditionSummary!AE29:AE52),"") -> 0 | O12: =IFERROR(IF(E12="","",IF(E12>=0.8,"良好",IF(E12>=0.7,"可接受",IF(E12>=0.6,"边界","较低")))),"")

Sheet Analysis_Results
A1: 预注册主要、机制与次要结果：描述统计和推断结果回填
A2: G–Q列自动基于参与者方法级汇总分计算描述统计和配对差。R–X列从正式R/Python分析输出回填。主要结局家族为EQ、IQ和S-TIAS，使用Holm校正；T1–T3为机制诊断家族。
A4: Family | B4: Outcome_ID | C4: Outcome_Name | D4: Level | E4: Planned_Analysis | F4: Multiplicity_Family | G4: N_OE | H4: OE_Mean | I4: OE_SD | J4: OE_Median_[Q1,Q3] | K4: N_EA | L4: EA_Mean | M4: EA_SD | N4: EA_Median_[Q1,Q3] | O4: Mean_Diff_EA-OE | P4: Median_Diff | Q4: Positive/Negative/Tie | R4: Model_Estimate_or_OR | S4: 95%_CI | T4: p_raw | U4: p_adjusted | V4: Effect_Size | W4: Decision | X4: Manuscript_Result
A5: Primary | B5: EQ | C5: Embedding Quality | D5: Block scale | E5: LMM/robust mixed model: Method*Object + order + (1|Participant) | F5: Primary-3 | G5: =COUNT(ParticipantConditionSummary!L29:L52) -> 0 | H5: =IFERROR(AVERAGE(ParticipantConditionSummary!L29:L52),"") | I5: =IFERROR(STDEV.S(ParticipantConditionSummary!L29:L52),"") -> 0 | J5: =IFERROR(TEXT(MEDIAN(ParticipantConditionSummary!L29:L52),"0.00")&" ["&TEXT(QUARTILE.INC(ParticipantConditionSummary!L29:L52,1),"0.00")&", "&TEXT(QUARTILE.INC(ParticipantConditionSummary!L29:L52,3),"0.00")&"]","") | K5: =COUNT(ParticipantConditionSummary!L5:L28) -> 0 | L5: =IFERROR(AVERAGE(ParticipantConditionSummary!L5:L28),"") | M5: =IFERROR(STDEV.S(ParticipantConditionSummary!L5:L28),"") -> 0 | N5: =IFERROR(TEXT(MEDIAN(ParticipantConditionSummary!L5:L28),"0.00")&" ["&TEXT(QUARTILE.INC(ParticipantConditionSummary!L5:L28,1),"0.00")&", "&TEXT(QUARTILE.INC(ParticipantConditionSummary!L5:L28,3),"0.00")&"]","") | O5: =IFERROR(AVERAGE(PairedDifferences!E5:E28),"") | P5: =IFERROR(MEDIAN(PairedDifferences!E5:E28),"") | Q5: =IF(COUNT(PairedDifferences!E5:E28)=0,"",COUNTIF(PairedDifferences!E5:E28,">0")&"/"&COUNTIF(PairedDifferences!E5:E28,"<0")&"/"&COUNTIF(PairedDifferences!E5:E28,0))
A6: Primary | B6: IQ | C6: Interaction Quality | D6: Block scale | E6: LMM/robust mixed model: Method*Object + order + (1|Participant) | F6: Primary-3 | G6: =COUNT(ParticipantConditionSummary!P29:P52) -> 0 | H6: =IFERROR(AVERAGE(ParticipantConditionSummary!P29:P52),"") | I6: =IFERROR(STDEV.S(ParticipantConditionSummary!P29:P52),"") -> 0 | J6: =IFERROR(TEXT(MEDIAN(ParticipantConditionSummary!P29:P52),"0.00")&" ["&TEXT(QUARTILE.INC(ParticipantConditionSummary!P29:P52,1),"0.00")&", "&TEXT(QUARTILE.INC(ParticipantConditionSummary!P29:P52,3),"0.00")&"]","") | K6: =COUNT(ParticipantConditionSummary!P5:P28) -> 0 | L6: =IFERROR(AVERAGE(ParticipantConditionSummary!P5:P28),"") | M6: =IFERROR(STDEV.S(ParticipantConditionSummary!P5:P28),"") -> 0 | N6: =IFERROR(TEXT(MEDIAN(ParticipantConditionSummary!P5:P28),"0.00")&" ["&TEXT(QUARTILE.INC(ParticipantConditionSummary!P5:P28,1),"0.00")&", "&TEXT(QUARTILE.INC(ParticipantConditionSummary!P5:P28,3),"0.00")&"]","") | O6: =IFERROR(AVERAGE(PairedDifferences!F5:F28),"") | P6: =IFERROR(MEDIAN(PairedDifferences!F5:F28),"") | Q6: =IF(COUNT(PairedDifferences!F5:F28)=0,"",COUNTIF(PairedDifferences!F5:F28,">0")&"/"&COUNTIF(PairedDifferences!F5:F28,"<0")&"/"&COUNTIF(PairedDifferences!F5:F28,0))
A7: Primary | B7: STIAS | C7: Adapted S-TIAS trust | D7: Method scale | E7: Paired test or method-level model | F7: Primary-3 | G7: =COUNT(ParticipantConditionSummary!T29:T52) -> 0 | H7: =IFERROR(AVERAGE(ParticipantConditionSummary!T29:T52),"") | I7: =IFERROR(STDEV.S(ParticipantConditionSummary!T29:T52),"") -> 0 | J7: =IFERROR(TEXT(MEDIAN(ParticipantConditionSummary!T29:T52),"0.00")&" ["&TEXT(QUARTILE.INC(ParticipantConditionSummary!T29:T52,1),"0.00")&", "&TEXT(QUARTILE.INC(ParticipantConditionSummary!T29:T52,3),"0.00")&"]","") | K7: =COUNT(ParticipantConditionSummary!T5:T28) -> 0 | L7: =IFERROR(AVERAGE(ParticipantConditionSummary!T5:T28),"") | M7: =IFERROR(STDEV.S(ParticipantConditionSummary!T5:T28),"") -> 0 | N7: =IFERROR(TEXT(MEDIAN(ParticipantConditionSummary!T5:T28),"0.00")&" ["&TEXT(QUARTILE.INC(ParticipantConditionSummary!T5:T28,1),"0.00")&", "&TEXT(QUARTILE.INC(ParticipantConditionSummary!T5:T28,3),"0.00")&"]","") | O7: =IFERROR(AVERAGE(PairedDifferences!G5:G28),"") | P7: =IFERROR(MEDIAN(PairedDifferences!G5:G28),"") | Q7: =IF(COUNT(PairedDifferences!G5:G28)=0,"",COUNTIF(PairedDifferences!G5:G28,">0")&"/"&COUNTIF(PairedDifferences!G5:G28,"<0")&"/"&COUNTIF(PairedDifferences!G5:G28,0))
A8: Mechanism | B8: T1 | C8: Static stability | D8: Task single item | E8: Cumulative-link mixed model: Method*Object + order + (1|Participant) | F8: Mechanism-3 | G8: =COUNT(ParticipantConditionSummary!F29:F52) -> 0 | H8: =IFERROR(AVERAGE(ParticipantConditionSummary!F29:F52),"") | I8: =IFERROR(STDEV.S(ParticipantConditionSummary!F29:F52),"") -> 0 | J8: =IFERROR(TEXT(MEDIAN(ParticipantConditionSummary!F29:F52),"0.00")&" ["&TEXT(QUARTILE.INC(ParticipantConditionSummary!F29:F52,1),"0.00")&", "&TEXT(QUARTILE.INC(ParticipantConditionSummary!F29:F52,3),"0.00")&"]","") | K8: =COUNT(ParticipantConditionSummary!F5:F28) -> 0 | L8: =IFERROR(AVERAGE(ParticipantConditionSummary!F5:F28),"") | M8: =IFERROR(STDEV.S(ParticipantConditionSummary!F5:F28),"") -> 0 | N8: =IFERROR(TEXT(MEDIAN(ParticipantConditionSummary!F5:F28),"0.00")&" ["&TEXT(QUARTILE.INC(ParticipantConditionSummary!F5:F28,1),"0.00")&", "&TEXT(QUARTILE.INC(ParticipantConditionSummary!F5:F28,3),"0.00")&"]","") | O8: =IFERROR(AVERAGE(PairedDifferences!B5:B28),"") | P8: =IFERROR(MEDIAN(PairedDifferences!B5:B28),"") | Q8: =IF(COUNT(PairedDifferences!B5:B28)=0,"",COUNTIF(PairedDifferences!B5:B28,">0")&"/"&COUNTIF(PairedDifferences!B5:B28,"<0")&"/"&COUNTIF(PairedDifferences!B5:B28,0))
A9: Mechanism | B9: T2 | C9: Motion attachment | D9: Task single item | E9: Cumulative-link mixed model: Method*Object + order + (1|Participant) | F9: Mechanism-3 | G9: =COUNT(ParticipantConditionSummary!G29:G52) -> 0 | H9: =IFERROR(AVERAGE(ParticipantConditionSummary!G29:G52),"") | I9: =IFERROR(STDEV.S(ParticipantConditionSummary!G29:G52),"") -> 0 | J9: =IFERROR(TEXT(MEDIAN(ParticipantConditionSummary!G29:G52),"0.00")&" ["&TEXT(QUARTILE.INC(ParticipantConditionSummary!G29:G52,1),"0.00")&", "&TEXT(QUARTILE.INC(ParticipantConditionSummary!G29:G52,3),"0.00")&"]","") | K9: =COUNT(ParticipantConditionSummary!G5:G28) -> 0 | L9: =IFERROR(AVERAGE(ParticipantConditionSummary!G5:G28),"") | M9: =IFERROR(STDEV.S(ParticipantConditionSummary!G5:G28),"") -> 0 | N9: =IFERROR(TEXT(MEDIAN(ParticipantConditionSummary!G5:G28),"0.00")&" ["&TEXT(QUARTILE.INC(ParticipantConditionSummary!G5:G28,1),"0.00")&", "&TEXT(QUARTILE.INC(ParticipantConditionSummary!G5:G28,3),"0.00")&"]","") | O9: =IFERROR(AVERAGE(PairedDifferences!C5:C28),"") | P9: =IFERROR(MEDIAN(PairedDifferences!C5:C28),"") | Q9: =IF(COUNT(PairedDifferences!C5:C28)=0,"",COUNTIF(PairedDifferences!C5:C28,">0")&"/"&COUNTIF(PairedDifferences!C5:C28,"<0")&"/"&COUNTIF(PairedDifferences!C5:C28,0))
A10: Mechanism | B10: T3 | C10: Recovery consistency | D10: Task single item | E10: Cumulative-link mixed model: Method*Object + order + (1|Participant) | F10: Mechanism-3 | G10: =COUNT(ParticipantConditionSummary!H29:H52) -> 0 | H10: =IFERROR(AVERAGE(ParticipantConditionSummary!H29:H52),"") | I10: =IFERROR(STDEV.S(ParticipantConditionSummary!H29:H52),"") -> 0 | J10: =IFERROR(TEXT(MEDIAN(ParticipantConditionSummary!H29:H52),"0.00")&" ["&TEXT(QUARTILE.INC(ParticipantConditionSummary!H29:H52,1),"0.00")&", "&TEXT(QUARTILE.INC(ParticipantConditionSummary!H29:H52,3),"0.00")&"]","") | K10: =COUNT(ParticipantConditionSummary!H5:H28) -> 0 | L10: =IFERROR(AVERAGE(ParticipantConditionSummary!H5:H28),"") | M10: =IFERROR(STDEV.S(ParticipantConditionSummary!H5:H28),"") -> 0 | N10: =IFERROR(TEXT(MEDIAN(ParticipantConditionSummary!H5:H28),"0.00")&" ["&TEXT(QUARTILE.INC(ParticipantConditionSummary!H5:H28,1),"0.00")&", "&TEXT(QUARTILE.INC(ParticipantConditionSummary!H5:H28,3),"0.00")&"]","") | O10: =IFERROR(AVERAGE(PairedDifferences!D5:D28),"") | P10: =IFERROR(MEDIAN(PairedDifferences!D5:D28),"") | Q10: =IF(COUNT(PairedDifferences!D5:D28)=0,"",COUNTIF(PairedDifferences!D5:D28,">0")&"/"&COUNTIF(PairedDifferences!D5:D28,"<0")&"/"&COUNTIF(PairedDifferences!D5:D28,0))
A11: Secondary | B11: CR1 | C11: Plausibility | D11: Method single item | E11: Paired ordinal/robust analysis | F11: Secondary | G11: =COUNT(ParticipantConditionSummary!U29:U52) -> 0 | H11: =IFERROR(AVERAGE(ParticipantConditionSummary!U29:U52),"") | I11: =IFERROR(STDEV.S(ParticipantConditionSummary!U29:U52),"") -> 0 | J11: =IFERROR(TEXT(MEDIAN(ParticipantConditionSummary!U29:U52),"0.00")&" ["&TEXT(QUARTILE.INC(ParticipantConditionSummary!U29:U52,1),"0.00")&", "&TEXT(QUARTILE.INC(ParticipantConditionSummary!U29:U52,3),"0.00")&"]","") | K11: =COUNT(ParticipantConditionSummary!U5:U28) -> 0 | L11: =IFERROR(AVERAGE(ParticipantConditionSummary!U5:U28),"") | M11: =IFERROR(STDEV.S(ParticipantConditionSummary!U5:U28),"") -> 0 | N11: =IFERROR(TEXT(MEDIAN(ParticipantConditionSummary!U5:U28),"0.00")&" ["&TEXT(QUARTILE.INC(ParticipantConditionSummary!U5:U28,1),"0.00")&", "&TEXT(QUARTILE.INC(ParticipantConditionSummary!U5:U28,3),"0.00")&"]","") | O11: =IFERROR(AVERAGE(PairedDifferences!H5:H28),"") | P11: =IFERROR(MEDIAN(PairedDifferences!H5:H28),"") | Q11: =IF(COUNT(PairedDifferences!H5:H28)=0,"",COUNTIF(PairedDifferences!H5:H28,">0")&"/"&COUNTIF(PairedDifferences!H5:H28,"<0")&"/"&COUNTIF(PairedDifferences!H5:H28,0))
A12: Secondary | B12: CR2 | C12: Synchrony | D12: Method single item | E12: Paired ordinal/robust analysis | F12: Secondary | G12: =COUNT(ParticipantConditionSummary!V29:V52) -> 0 | H12: =IFERROR(AVERAGE(ParticipantConditionSummary!V29:V52),"") | I12: =IFERROR(STDEV.S(ParticipantConditionSummary!V29:V52),"") -> 0 | J12: =IFERROR(TEXT(MEDIAN(ParticipantConditionSummary!V29:V52),"0.00")&" ["&TEXT(QUARTILE.INC(ParticipantConditionSummary!V29:V52,1),"0.00")&", "&TEXT(QUARTILE.INC(ParticipantConditionSummary!V29:V52,3),"0.00")&"]","") | K12: =COUNT(ParticipantConditionSummary!V5:V28) -> 0 | L12: =IFERROR(AVERAGE(ParticipantConditionSummary!V5:V28),"") | M12: =IFERROR(STDEV.S(ParticipantConditionSummary!V5:V28),"") -> 0 | N12: =IFERROR(TEXT(MEDIAN(ParticipantConditionSummary!V5:V28),"0.00")&" ["&TEXT(QUARTILE.INC(ParticipantConditionSummary!V5:V28,1),"0.00")&", "&TEXT(QUARTILE.INC(ParticipantConditionSummary!V5:V28,3),"0.00")&"]","") | O12: =IFERROR(AVERAGE(PairedDifferences!I5:I28),"") | P12: =IFERROR(MEDIAN(PairedDifferences!I5:I28),"") | Q12: =IF(COUNT(PairedDifferences!I5:I28)=0,"",COUNTIF(PairedDifferences!I5:I28,">0")&"/"&COUNTIF(PairedDifferences!I5:I28,"<0")&"/"&COUNTIF(PairedDifferences!I5:I28,0))
A13: Secondary | B13: CR3 | C13: Responsiveness | D13: Method single item | E13: Paired ordinal/robust analysis | F13: Secondary | G13: =COUNT(ParticipantConditionSummary!W29:W52) -> 0 | H13: =IFERROR(AVERAGE(ParticipantConditionSummary!W29:W52),"") | I13: =IFERROR(STDEV.S(ParticipantConditionSummary!W29:W52),"") -> 0 | J13: =IFERROR(TEXT(MEDIAN(ParticipantConditionSummary!W29:W52),"0.00")&" ["&TEXT(QUARTILE.INC(ParticipantConditionSummary!W29:W52,1),"0.00")&", "&TEXT(QUARTILE.INC(ParticipantConditionSummary!W29:W52,3),"0.00")&"]","") | K13: =COUNT(ParticipantConditionSummary!W5:W28) -> 0 | L13: =IFERROR(AVERAGE(ParticipantConditionSummary!W5:W28),"") | M13: =IFERROR(STDEV.S(ParticipantConditionSummary!W5:W28),"") -> 0 | N13: =IFERROR(TEXT(MEDIAN(ParticipantConditionSummary!W5:W28),"0.00")&" ["&TEXT(QUARTILE.INC(ParticipantConditionSummary!W5:W28,1),"0.00")&", "&TEXT(QUARTILE.INC(ParticipantConditionSummary!W5:W28,3),"0.00")&"]","") | O13: =IFERROR(AVERAGE(PairedDifferences!J5:J28),"") | P13: =IFERROR(MEDIAN(PairedDifferences!J5:J28),"") | Q13: =IF(COUNT(PairedDifferences!J5:J28)=0,"",COUNTIF(PairedDifferences!J5:J28,">0")&"/"&COUNTIF(PairedDifferences!J5:J28,"<0")&"/"&COUNTIF(PairedDifferences!J5:J28,0))
A14: Secondary | B14: CRIQ | C14: CRIQ exploratory mean | D14: Method scale | E14: Paired test; report only if reliability acceptable | F14: Secondary | G14: =COUNT(ParticipantConditionSummary!X29:X52) -> 0 | H14: =IFERROR(AVERAGE(ParticipantConditionSummary!X29:X52),"") | I14: =IFERROR(STDEV.S(ParticipantConditionSummary!X29:X52),"") -> 0 | J14: =IFERROR(TEXT(MEDIAN(ParticipantConditionSummary!X29:X52),"0.00")&" ["&TEXT(QUARTILE.INC(ParticipantConditionSummary!X29:X52,1),"0.00")&", "&TEXT(QUARTILE.INC(ParticipantConditionSummary!X29:X52,3),"0.00")&"]","") | K14: =COUNT(ParticipantConditionSummary!X5:X28) -> 0 | L14: =IFERROR(AVERAGE(ParticipantConditionSummary!X5:X28),"") | M14: =IFERROR(STDEV.S(ParticipantConditionSummary!X5:X28),"") -> 0 | N14: =IFERROR(TEXT(MEDIAN(ParticipantConditionSummary!X5:X28),"0.00")&" ["&TEXT(QUARTILE.INC(ParticipantConditionSummary!X5:X28,1),"0.00")&", "&TEXT(QUARTILE.INC(ParticipantConditionSummary!X5:X28,3),"0.00")&"]","") | O14: =IFERROR(AVERAGE(PairedDifferences!K5:K28),"") | P14: =IFERROR(MEDIAN(PairedDifferences!K5:K28),"") | Q14: =IF(COUNT(PairedDifferences!K5:K28)=0,"",COUNTIF(PairedDifferences!K5:K28,">0")&"/"&COUNTIF(PairedDifferences!K5:K28,"<0")&"/"&COUNTIF(PairedDifferences!K5:K28,0))
A15: Secondary | B15: CI1 | C15: Real-world consistency | D15: Method single item | E15: Paired ordinal/robust analysis | F15: Secondary | G15: =COUNT(ParticipantConditionSummary!Y29:Y52) -> 0 | H15: =IFERROR(AVERAGE(ParticipantConditionSummary!Y29:Y52),"") | I15: =IFERROR(STDEV.S(ParticipantConditionSummary!Y29:Y52),"") -> 0 | J15: =IFERROR(TEXT(MEDIAN(ParticipantConditionSummary!Y29:Y52),"0.00")&" ["&TEXT(QUARTILE.INC(ParticipantConditionSummary!Y29:Y52,1),"0.00")&", "&TEXT(QUARTILE.INC(ParticipantConditionSummary!Y29:Y52,3),"0.00")&"]","") | K15: =COUNT(ParticipantConditionSummary!Y5:Y28) -> 0 | L15: =IFERROR(AVERAGE(ParticipantConditionSummary!Y5:Y28),"") | M15: =IFERROR(STDEV.S(ParticipantConditionSummary!Y5:Y28),"") -> 0 | N15: =IFERROR(TEXT(MEDIAN(ParticipantConditionSummary!Y5:Y28),"0.00")&" ["&TEXT(QUARTILE.INC(ParticipantConditionSummary!Y5:Y28,1),"0.00")&", "&TEXT(QUARTILE.INC(ParticipantConditionSummary!Y5:Y28,3),"0.00")&"]","") | O15: =IFERROR(AVERAGE(PairedDifferences!L5:L28),"") | P15: =IFERROR(MEDIAN(PairedDifferences!L5:L28),"") | Q15: =IF(COUNT(PairedDifferences!L5:L28)=0,"",COUNTIF(PairedDifferences!L5:L28,">0")&"/"&COUNTIF(PairedDifferences!L5:L28,"<0")&"/"&COUNTIF(PairedDifferences!L5:L28,0))
A16: Secondary | B16: CI2 | C16: Behaved as expected | D16: Method single item | E16: Paired ordinal/robust analysis | F16: Secondary | G16: =COUNT(ParticipantConditionSummary!Z29:Z52) -> 0 | H16: =IFERROR(AVERAGE(ParticipantConditionSummary!Z29:Z52),"") | I16: =IFERROR(STDEV.S(ParticipantConditionSummary!Z29:Z52),"") -> 0 | J16: =IFERROR(TEXT(MEDIAN(ParticipantConditionSummary!Z29:Z52),"0.00")&" ["&TEXT(QUARTILE.INC(ParticipantConditionSummary!Z29:Z52,1),"0.00")&", "&TEXT(QUARTILE.INC(ParticipantConditionSummary!Z29:Z52,3),"0.00")&"]","") | K16: =COUNT(ParticipantConditionSummary!Z5:Z28) -> 0 | L16: =IFERROR(AVERAGE(ParticipantConditionSummary!Z5:Z28),"") | M16: =IFERROR(STDEV.S(ParticipantConditionSummary!Z5:Z28),"") -> 0 | N16: =IFERROR(TEXT(MEDIAN(ParticipantConditionSummary!Z5:Z28),"0.00")&" ["&TEXT(QUARTILE.INC(ParticipantConditionSummary!Z5:Z28,1),"0.00")&", "&TEXT(QUARTILE.INC(ParticipantConditionSummary!Z5:Z28,3),"0.00")&"]","") | O16: =IFERROR(AVERAGE(PairedDifferences!M5:M28),"") | P16: =IFERROR(MEDIAN(PairedDifferences!M5:M28),"") | Q16: =IF(COUNT(PairedDifferences!M5:M28)=0,"",COUNTIF(PairedDifferences!M5:M28,">0")&"/"&COUNTIF(PairedDifferences!M5:M28,"<0")&"/"&COUNTIF(PairedDifferences!M5:M28,0))
A17: Secondary | B17: SB1 | C17: Stability–responsiveness balance | D17: Method single item | E17: Paired ordinal/robust analysis | F17: Secondary | G17: =COUNT(ParticipantConditionSummary!AA29:AA52) -> 0 | H17: =IFERROR(AVERAGE(ParticipantConditionSummary!AA29:AA52),"") | I17: =IFERROR(STDEV.S(ParticipantConditionSummary!AA29:AA52),"") -> 0 | J17: =IFERROR(TEXT(MEDIAN(ParticipantConditionSummary!AA29:AA52),"0.00")&" ["&TEXT(QUARTILE.INC(ParticipantConditionSummary!AA29:AA52,1),"0.00")&", "&TEXT(QUARTILE.INC(ParticipantConditionSummary!AA29:AA52,3),"0.00")&"]","") | K17: =COUNT(ParticipantConditionSummary!AA5:AA28) -> 0 | L17: =IFERROR(AVERAGE(ParticipantConditionSummary!AA5:AA28),"") | M17: =IFERROR(STDEV.S(ParticipantConditionSummary!AA5:AA28),"") -> 0 | N17: =IFERROR(TEXT(MEDIAN(ParticipantConditionSummary!AA5:AA28),"0.00")&" ["&TEXT(QUARTILE.INC(ParticipantConditionSummary!AA5:AA28,1),"0.00")&", "&TEXT(QUARTILE.INC(ParticipantConditionSummary!AA5:AA28,3),"0.00")&"]","") | O17: =IFERROR(AVERAGE(PairedDifferences!N5:N28),"") | P17: =IFERROR(MEDIAN(PairedDifferences!N5:N28),"") | Q17: =IF(COUNT(PairedDifferences!N5:N28)=0,"",COUNTIF(PairedDifferences!N5:N28,">0")&"/"&COUNTIF(PairedDifferences!N5:N28,"<0")&"/"&COUNTIF(PairedDifferences!N5:N28,0))

Sheet Analysis_ByObject
A1: 逐物体区块级结果：描述统计与交互分析回填
A2: 均值和N自动从有效区块计算。Estimate/OR、CI和p值应来自同一个Method × Object混合模型，而不是对每个物体分别进行未校正检验。
A4: Outcome_ID | B4: Outcome_Name | C4: Source | D4: Object | E4: N_OE | F4: OE_Mean | G4: N_EA | H4: EA_Mean | I4: Mean_Diff | J4: Model_Estimate_or_OR | K4: 95%_CI | L4: p_raw | M4: p_adjusted | N4: Direction | O4: Notes
A5: T1 | B5: Static stability | C5: TaskRatings | D5: 鼠标 | E5: =COUNTIFS(TaskRatings!$D$5:$D$148,D5,TaskRatings!$F$5:$F$148,"One-Euro",TaskRatings!$O$5:$O$148,"是") -> 24 | F5: =IFERROR(SUMIFS(TaskRatings!$H$5:$H$148,TaskRatings!$D$5:$D$148,D5,TaskRatings!$F$5:$F$148,"One-Euro",TaskRatings!$O$5:$O$148,"是")/E5,"") -> 0 | G5: =COUNTIFS(TaskRatings!$D$5:$D$148,D5,TaskRatings!$F$5:$F$148,"EgoAnchor",TaskRatings!$O$5:$O$148,"是") -> 24 | H5: =IFERROR(SUMIFS(TaskRatings!$H$5:$H$148,TaskRatings!$D$5:$D$148,D5,TaskRatings!$F$5:$F$148,"EgoAnchor",TaskRatings!$O$5:$O$148,"是")/G5,"") -> 0 | I5: =IF(AND(F5<>"",H5<>""),H5-F5,"")
A6: T1 | B6: Static stability | C6: TaskRatings | D6: 固定订书机 | E6: =COUNTIFS(TaskRatings!$D$5:$D$148,D6,TaskRatings!$F$5:$F$148,"One-Euro",TaskRatings!$O$5:$O$148,"是") -> 24 | F6: =IFERROR(SUMIFS(TaskRatings!$H$5:$H$148,TaskRatings!$D$5:$D$148,D6,TaskRatings!$F$5:$F$148,"One-Euro",TaskRatings!$O$5:$O$148,"是")/E6,"") -> 0 | G6: =COUNTIFS(TaskRatings!$D$5:$D$148,D6,TaskRatings!$F$5:$F$148,"EgoAnchor",TaskRatings!$O$5:$O$148,"是") -> 24 | H6: =IFERROR(SUMIFS(TaskRatings!$H$5:$H$148,TaskRatings!$D$5:$D$148,D6,TaskRatings!$F$5:$F$148,"EgoAnchor",TaskRatings!$O$5:$O$148,"是")/G6,"") -> 0 | I6: =IF(AND(F6<>"",H6<>""),H6-F6,"")
A7: T1 | B7: Static stability | C7: TaskRatings | D7: 游戏手柄 | E7: =COUNTIFS(TaskRatings!$D$5:$D$148,D7,TaskRatings!$F$5:$F$148,"One-Euro",TaskRatings!$O$5:$O$148,"是") -> 24 | F7: =IFERROR(SUMIFS(TaskRatings!$H$5:$H$148,TaskRatings!$D$5:$D$148,D7,TaskRatings!$F$5:$F$148,"One-Euro",TaskRatings!$O$5:$O$148,"是")/E7,"") -> 0 | G7: =COUNTIFS(TaskRatings!$D$5:$D$148,D7,TaskRatings!$F$5:$F$148,"EgoAnchor",TaskRatings!$O$5:$O$148,"是") -> 24 | H7: =IFERROR(SUMIFS(TaskRatings!$H$5:$H$148,TaskRatings!$D$5:$D$148,D7,TaskRatings!$F$5:$F$148,"EgoAnchor",TaskRatings!$O$5:$O$148,"是")/G7,"") -> 0 | I7: =IF(AND(F7<>"",H7<>""),H7-F7,"")
A8: T2 | B8: Motion attachment | C8: TaskRatings | D8: 鼠标 | E8: =COUNTIFS(TaskRatings!$D$5:$D$148,D8,TaskRatings!$F$5:$F$148,"One-Euro",TaskRatings!$O$5:$O$148,"是") -> 24 | F8: =IFERROR(SUMIFS(TaskRatings!$J$5:$J$148,TaskRatings!$D$5:$D$148,D8,TaskRatings!$F$5:$F$148,"One-Euro",TaskRatings!$O$5:$O$148,"是")/E8,"") -> 0 | G8: =COUNTIFS(TaskRatings!$D$5:$D$148,D8,TaskRatings!$F$5:$F$148,"EgoAnchor",TaskRatings!$O$5:$O$148,"是") -> 24 | H8: =IFERROR(SUMIFS(TaskRatings!$J$5:$J$148,TaskRatings!$D$5:$D$148,D8,TaskRatings!$F$5:$F$148,"EgoAnchor",TaskRatings!$O$5:$O$148,"是")/G8,"") -> 0 | I8: =IF(AND(F8<>"",H8<>""),H8-F8,"")
A9: T2 | B9: Motion attachment | C9: TaskRatings | D9: 固定订书机 | E9: =COUNTIFS(TaskRatings!$D$5:$D$148,D9,TaskRatings!$F$5:$F$148,"One-Euro",TaskRatings!$O$5:$O$148,"是") -> 24 | F9: =IFERROR(SUMIFS(TaskRatings!$J$5:$J$148,TaskRatings!$D$5:$D$148,D9,TaskRatings!$F$5:$F$148,"One-Euro",TaskRatings!$O$5:$O$148,"是")/E9,"") -> 0 | G9: =COUNTIFS(TaskRatings!$D$5:$D$148,D9,TaskRatings!$F$5:$F$148,"EgoAnchor",TaskRatings!$O$5:$O$148,"是") -> 24 | H9: =IFERROR(SUMIFS(TaskRatings!$J$5:$J$148,TaskRatings!$D$5:$D$148,D9,TaskRatings!$F$5:$F$148,"EgoAnchor",TaskRatings!$O$5:$O$148,"是")/G9,"") -> 0 | I9: =IF(AND(F9<>"",H9<>""),H9-F9,"")
A10: T2 | B10: Motion attachment | C10: TaskRatings | D10: 游戏手柄 | E10: =COUNTIFS(TaskRatings!$D$5:$D$148,D10,TaskRatings!$F$5:$F$148,"One-Euro",TaskRatings!$O$5:$O$148,"是") -> 24 | F10: =IFERROR(SUMIFS(TaskRatings!$J$5:$J$148,TaskRatings!$D$5:$D$148,D10,TaskRatings!$F$5:$F$148,"One-Euro",TaskRatings!$O$5:$O$148,"是")/E10,"") -> 0 | G10: =COUNTIFS(TaskRatings!$D$5:$D$148,D10,TaskRatings!$F$5:$F$148,"EgoAnchor",TaskRatings!$O$5:$O$148,"是") -> 24 | H10: =IFERROR(SUMIFS(TaskRatings!$J$5:$J$148,TaskRatings!$D$5:$D$148,D10,TaskRatings!$F$5:$F$148,"EgoAnchor",TaskRatings!$O$5:$O$148,"是")/G10,"") -> 0 | I10: =IF(AND(F10<>"",H10<>""),H10-F10,"")
A11: T3 | B11: Recovery consistency | C11: TaskRatings | D11: 鼠标 | E11: =COUNTIFS(TaskRatings!$D$5:$D$148,D11,TaskRatings!$F$5:$F$148,"One-Euro",TaskRatings!$O$5:$O$148,"是") -> 24 | F11: =IFERROR(SUMIFS(TaskRatings!$L$5:$L$148,TaskRatings!$D$5:$D$148,D11,TaskRatings!$F$5:$F$148,"One-Euro",TaskRatings!$O$5:$O$148,"是")/E11,"") -> 0 | G11: =COUNTIFS(TaskRatings!$D$5:$D$148,D11,TaskRatings!$F$5:$F$148,"EgoAnchor",TaskRatings!$O$5:$O$148,"是") -> 24 | H11: =IFERROR(SUMIFS(TaskRatings!$L$5:$L$148,TaskRatings!$D$5:$D$148,D11,TaskRatings!$F$5:$F$148,"EgoAnchor",TaskRatings!$O$5:$O$148,"是")/G11,"") -> 0 | I11: =IF(AND(F11<>"",H11<>""),H11-F11,"")
A12: T3 | B12: Recovery consistency | C12: TaskRatings | D12: 固定订书机 | E12: =COUNTIFS(TaskRatings!$D$5:$D$148,D12,TaskRatings!$F$5:$F$148,"One-Euro",TaskRatings!$O$5:$O$148,"是") -> 24 | F12: =IFERROR(SUMIFS(TaskRatings!$L$5:$L$148,TaskRatings!$D$5:$D$148,D12,TaskRatings!$F$5:$F$148,"One-Euro",TaskRatings!$O$5:$O$148,"是")/E12,"") -> 0 | G12: =COUNTIFS(TaskRatings!$D$5:$D$148,D12,TaskRatings!$F$5:$F$148,"EgoAnchor",TaskRatings!$O$5:$O$148,"是") -> 24 | H12: =IFERROR(SUMIFS(TaskRatings!$L$5:$L$148,TaskRatings!$D$5:$D$148,D12,TaskRatings!$F$5:$F$148,"EgoAnchor",TaskRatings!$O$5:$O$148,"是")/G12,"") -> 0 | I12: =IF(AND(F12<>"",H12<>""),H12-F12,"")
A13: T3 | B13: Recovery consistency | C13: TaskRatings | D13: 游戏手柄 | E13: =COUNTIFS(TaskRatings!$D$5:$D$148,D13,TaskRatings!$F$5:$F$148,"One-Euro",TaskRatings!$O$5:$O$148,"是") -> 24 | F13: =IFERROR(SUMIFS(TaskRatings!$L$5:$L$148,TaskRatings!$D$5:$D$148,D13,TaskRatings!$F$5:$F$148,"One-Euro",TaskRatings!$O$5:$O$148,"是")/E13,"") -> 0 | G13: =COUNTIFS(TaskRatings!$D$5:$D$148,D13,TaskRatings!$F$5:$F$148,"EgoAnchor",TaskRatings!$O$5:$O$148,"是") -> 24 | H13: =IFERROR(SUMIFS(TaskRatings!$L$5:$L$148,TaskRatings!$D$5:$D$148,D13,TaskRatings!$F$5:$F$148,"EgoAnchor",TaskRatings!$O$5:$O$148,"是")/G13,"") -> 0 | I13: =IF(AND(F13<>"",H13<>""),H13-F13,"")
A14: EQ1 | B14: Fusion | C14: BlockRatings_AQ | D14: 鼠标 | E14: =COUNTIFS(BlockRatings_AQ!$D$5:$D$148,D14,BlockRatings_AQ!$F$5:$F$148,"One-Euro",BlockRatings_AQ!$R$5:$R$148,"是") -> 24 | F14: =IFERROR(SUMIFS(BlockRatings_AQ!$H$5:$H$148,BlockRatings_AQ!$D$5:$D$148,D14,BlockRatings_AQ!$F$5:$F$148,"One-Euro",BlockRatings_AQ!$R$5:$R$148,"是")/E14,"") -> 0 | G14: =COUNTIFS(BlockRatings_AQ!$D$5:$D$148,D14,BlockRatings_AQ!$F$5:$F$148,"EgoAnchor",BlockRatings_AQ!$R$5:$R$148,"是") -> 24 | H14: =IFERROR(SUMIFS(BlockRatings_AQ!$H$5:$H$148,BlockRatings_AQ!$D$5:$D$148,D14,BlockRatings_AQ!$F$5:$F$148,"EgoAnchor",BlockRatings_AQ!$R$5:$R$148,"是")/G14,"") -> 0 | I14: =IF(AND(F14<>"",H14<>""),H14-F14,"")
A15: EQ1 | B15: Fusion | C15: BlockRatings_AQ | D15: 固定订书机 | E15: =COUNTIFS(BlockRatings_AQ!$D$5:$D$148,D15,BlockRatings_AQ!$F$5:$F$148,"One-Euro",BlockRatings_AQ!$R$5:$R$148,"是") -> 24 | F15: =IFERROR(SUMIFS(BlockRatings_AQ!$H$5:$H$148,BlockRatings_AQ!$D$5:$D$148,D15,BlockRatings_AQ!$F$5:$F$148,"One-Euro",BlockRatings_AQ!$R$5:$R$148,"是")/E15,"") -> 0 | G15: =COUNTIFS(BlockRatings_AQ!$D$5:$D$148,D15,BlockRatings_AQ!$F$5:$F$148,"EgoAnchor",BlockRatings_AQ!$R$5:$R$148,"是") -> 24 | H15: =IFERROR(SUMIFS(BlockRatings_AQ!$H$5:$H$148,BlockRatings_AQ!$D$5:$D$148,D15,BlockRatings_AQ!$F$5:$F$148,"EgoAnchor",BlockRatings_AQ!$R$5:$R$148,"是")/G15,"") -> 0 | I15: =IF(AND(F15<>"",H15<>""),H15-F15,"")
A16: EQ1 | B16: Fusion | C16: BlockRatings_AQ | D16: 游戏手柄 | E16: =COUNTIFS(BlockRatings_AQ!$D$5:$D$148,D16,BlockRatings_AQ!$F$5:$F$148,"One-Euro",BlockRatings_AQ!$R$5:$R$148,"是") -> 24 | F16: =IFERROR(SUMIFS(BlockRatings_AQ!$H$5:$H$148,BlockRatings_AQ!$D$5:$D$148,D16,BlockRatings_AQ!$F$5:$F$148,"One-Euro",BlockRatings_AQ!$R$5:$R$148,"是")/E16,"") -> 0 | G16: =COUNTIFS(BlockRatings_AQ!$D$5:$D$148,D16,BlockRatings_AQ!$F$5:$F$148,"EgoAnchor",BlockRatings_AQ!$R$5:$R$148,"是") -> 24 | H16: =IFERROR(SUMIFS(BlockRatings_AQ!$H$5:$H$148,BlockRatings_AQ!$D$5:$D$148,D16,BlockRatings_AQ!$F$5:$F$148,"EgoAnchor",BlockRatings_AQ!$R$5:$R$148,"是")/G16,"") -> 0 | I16: =IF(AND(F16<>"",H16<>""),H16-F16,"")
A17: EQ2 | B17: Embedded | C17: BlockRatings_AQ | D17: 鼠标 | E17: =COUNTIFS(BlockRatings_AQ!$D$5:$D$148,D17,BlockRatings_AQ!$F$5:$F$148,"One-Euro",BlockRatings_AQ!$R$5:$R$148,"是") -> 24 | F17: =IFERROR(SUMIFS(BlockRatings_AQ!$I$5:$I$148,BlockRatings_AQ!$D$5:$D$148,D17,BlockRatings_AQ!$F$5:$F$148,"One-Euro",BlockRatings_AQ!$R$5:$R$148,"是")/E17,"") -> 0 | G17: =COUNTIFS(BlockRatings_AQ!$D$5:$D$148,D17,BlockRatings_AQ!$F$5:$F$148,"EgoAnchor",BlockRatings_AQ!$R$5:$R$148,"是") -> 24 | H17: =IFERROR(SUMIFS(BlockRatings_AQ!$I$5:$I$148,BlockRatings_AQ!$D$5:$D$148,D17,BlockRatings_AQ!$F$5:$F$148,"EgoAnchor",BlockRatings_AQ!$R$5:$R$148,"是")/G17,"") -> 0 | I17: =IF(AND(F17<>"",H17<>""),H17-F17,"")
A18: EQ2 | B18: Embedded | C18: BlockRatings_AQ | D18: 固定订书机 | E18: =COUNTIFS(BlockRatings_AQ!$D$5:$D$148,D18,BlockRatings_AQ!$F$5:$F$148,"One-Euro",BlockRatings_AQ!$R$5:$R$148,"是") -> 24 | F18: =IFERROR(SUMIFS(BlockRatings_AQ!$I$5:$I$148,BlockRatings_AQ!$D$5:$D$148,D18,BlockRatings_AQ!$F$5:$F$148,"One-Euro",BlockRatings_AQ!$R$5:$R$148,"是")/E18,"") -> 0 | G18: =COUNTIFS(BlockRatings_AQ!$D$5:$D$148,D18,BlockRatings_AQ!$F$5:$F$148,"EgoAnchor",BlockRatings_AQ!$R$5:$R$148,"是") -> 24 | H18: =IFERROR(SUMIFS(BlockRatings_AQ!$I$5:$I$148,BlockRatings_AQ!$D$5:$D$148,D18,BlockRatings_AQ!$F$5:$F$148,"EgoAnchor",BlockRatings_AQ!$R$5:$R$148,"是")/G18,"") -> 0 | I18: =IF(AND(F18<>"",H18<>""),H18-F18,"")
A19: EQ2 | B19: Embedded | C19: BlockRatings_AQ | D19: 游戏手柄 | E19: =COUNTIFS(BlockRatings_AQ!$D$5:$D$148,D19,BlockRatings_AQ!$F$5:$F$148,"One-Euro",BlockRatings_AQ!$R$5:$R$148,"是") -> 24 | F19: =IFERROR(SUMIFS(BlockRatings_AQ!$I$5:$I$148,BlockRatings_AQ!$D$5:$D$148,D19,BlockRatings_AQ!$F$5:$F$148,"One-Euro",BlockRatings_AQ!$R$5:$R$148,"是")/E19,"") -> 0 | G19: =COUNTIFS(BlockRatings_AQ!$D$5:$D$148,D19,BlockRatings_AQ!$F$5:$F$148,"EgoAnchor",BlockRatings_AQ!$R$5:$R$148,"是") -> 24 | H19: =IFERROR(SUMIFS(BlockRatings_AQ!$I$5:$I$148,BlockRatings_AQ!$D$5:$D$148,D19,BlockRatings_AQ!$F$5:$F$148,"EgoAnchor",BlockRatings_AQ!$R$5:$R$148,"是")/G19,"") -> 0 | I19: =IF(AND(F19<>"",H19<>""),H19-F19,"")
A20: EQ3 | B20: Scale/spatial relation | C20: BlockRatings_AQ | D20: 鼠标 | E20: =COUNTIFS(BlockRatings_AQ!$D$5:$D$148,D20,BlockRatings_AQ!$F$5:$F$148,"One-Euro",BlockRatings_AQ!$R$5:$R$148,"是") -> 24 | F20: =IFERROR(SUMIFS(BlockRatings_AQ!$J$5:$J$148,BlockRatings_AQ!$D$5:$D$148,D20,BlockRatings_AQ!$F$5:$F$148,"One-Euro",BlockRatings_AQ!$R$5:$R$148,"是")/E20,"") -> 0 | G20: =COUNTIFS(BlockRatings_AQ!$D$5:$D$148,D20,BlockRatings_AQ!$F$5:$F$148,"EgoAnchor",BlockRatings_AQ!$R$5:$R$148,"是") -> 24 | H20: =IFERROR(SUMIFS(BlockRatings_AQ!$J$5:$J$148,BlockRatings_AQ!$D$5:$D$148,D20,BlockRatings_AQ!$F$5:$F$148,"EgoAnchor",BlockRatings_AQ!$R$5:$R$148,"是")/G20,"") -> 0 | I20: =IF(AND(F20<>"",H20<>""),H20-F20,"")
A21: EQ3 | B21: Scale/spatial relation | C21: BlockRatings_AQ | D21: 固定订书机 | E21: =COUNTIFS(BlockRatings_AQ!$D$5:$D$148,D21,BlockRatings_AQ!$F$5:$F$148,"One-Euro",BlockRatings_AQ!$R$5:$R$148,"是") -> 24 | F21: =IFERROR(SUMIFS(BlockRatings_AQ!$J$5:$J$148,BlockRatings_AQ!$D$5:$D$148,D21,BlockRatings_AQ!$F$5:$F$148,"One-Euro",BlockRatings_AQ!$R$5:$R$148,"是")/E21,"") -> 0 | G21: =COUNTIFS(BlockRatings_AQ!$D$5:$D$148,D21,BlockRatings_AQ!$F$5:$F$148,"EgoAnchor",BlockRatings_AQ!$R$5:$R$148,"是") -> 24 | H21: =IFERROR(SUMIFS(BlockRatings_AQ!$J$5:$J$148,BlockRatings_AQ!$D$5:$D$148,D21,BlockRatings_AQ!$F$5:$F$148,"EgoAnchor",BlockRatings_AQ!$R$5:$R$148,"是")/G21,"") -> 0 | I21: =IF(AND(F21<>"",H21<>""),H21-F21,"")
A22: EQ3 | B22: Scale/spatial relation | C22: BlockRatings_AQ | D22: 游戏手柄 | E22: =COUNTIFS(BlockRatings_AQ!$D$5:$D$148,D22,BlockRatings_AQ!$F$5:$F$148,"One-Euro",BlockRatings_AQ!$R$5:$R$148,"是") -> 24 | F22: =IFERROR(SUMIFS(BlockRatings_AQ!$J$5:$J$148,BlockRatings_AQ!$D$5:$D$148,D22,BlockRatings_AQ!$F$5:$F$148,"One-Euro",BlockRatings_AQ!$R$5:$R$148,"是")/E22,"") -> 0 | G22: =COUNTIFS(BlockRatings_AQ!$D$5:$D$148,D22,BlockRatings_AQ!$F$5:$F$148,"EgoAnchor",BlockRatings_AQ!$R$5:$R$148,"是") -> 24 | H22: =IFERROR(SUMIFS(BlockRatings_AQ!$J$5:$J$148,BlockRatings_AQ!$D$5:$D$148,D22,BlockRatings_AQ!$F$5:$F$148,"EgoAnchor",BlockRatings_AQ!$R$5:$R$148,"是")/G22,"") -> 0 | I22: =IF(AND(F22<>"",H22<>""),H22-F22,"")
A23: EQ | B23: Embedding Quality mean | C23: BlockRatings_AQ | D23: 鼠标 | E23: =COUNTIFS(BlockRatings_AQ!$D$5:$D$148,D23,BlockRatings_AQ!$F$5:$F$148,"One-Euro",BlockRatings_AQ!$R$5:$R$148,"是") -> 24 | F23: =IFERROR(SUMIFS(BlockRatings_AQ!$K$5:$K$148,BlockRatings_AQ!$D$5:$D$148,D23,BlockRatings_AQ!$F$5:$F$148,"One-Euro",BlockRatings_AQ!$R$5:$R$148,"是")/E23,"") -> 0 | G23: =COUNTIFS(BlockRatings_AQ!$D$5:$D$148,D23,BlockRatings_AQ!$F$5:$F$148,"EgoAnchor",BlockRatings_AQ!$R$5:$R$148,"是") -> 24 | H23: =IFERROR(SUMIFS(BlockRatings_AQ!$K$5:$K$148,BlockRatings_AQ!$D$5:$D$148,D23,BlockRatings_AQ!$F$5:$F$148,"EgoAnchor",BlockRatings_AQ!$R$5:$R$148,"是")/G23,"") -> 0 | I23: =IF(AND(F23<>"",H23<>""),H23-F23,"")
A24: EQ | B24: Embedding Quality mean | C24: BlockRatings_AQ | D24: 固定订书机 | E24: =COUNTIFS(BlockRatings_AQ!$D$5:$D$148,D24,BlockRatings_AQ!$F$5:$F$148,"One-Euro",BlockRatings_AQ!$R$5:$R$148,"是") -> 24 | F24: =IFERROR(SUMIFS(BlockRatings_AQ!$K$5:$K$148,BlockRatings_AQ!$D$5:$D$148,D24,BlockRatings_AQ!$F$5:$F$148,"One-Euro",BlockRatings_AQ!$R$5:$R$148,"是")/E24,"") -> 0 | G24: =COUNTIFS(BlockRatings_AQ!$D$5:$D$148,D24,BlockRatings_AQ!$F$5:$F$148,"EgoAnchor",BlockRatings_AQ!$R$5:$R$148,"是") -> 24 | H24: =IFERROR(SUMIFS(BlockRatings_AQ!$K$5:$K$148,BlockRatings_AQ!$D$5:$D$148,D24,BlockRatings_AQ!$F$5:$F$148,"EgoAnchor",BlockRatings_AQ!$R$5:$R$148,"是")/G24,"") -> 0 | I24: =IF(AND(F24<>"",H24<>""),H24-F24,"")
A25: EQ | B25: Embedding Quality mean | C25: BlockRatings_AQ | D25: 游戏手柄 | E25: =COUNTIFS(BlockRatings_AQ!$D$5:$D$148,D25,BlockRatings_AQ!$F$5:$F$148,"One-Euro",BlockRatings_AQ!$R$5:$R$148,"是") -> 24 | F25: =IFERROR(SUMIFS(BlockRatings_AQ!$K$5:$K$148,BlockRatings_AQ!$D$5:$D$148,D25,BlockRatings_AQ!$F$5:$F$148,"One-Euro",BlockRatings_AQ!$R$5:$R$148,"是")/E25,"") -> 0 | G25: =COUNTIFS(BlockRatings_AQ!$D$5:$D$148,D25,BlockRatings_AQ!$F$5:$F$148,"EgoAnchor",BlockRatings_AQ!$R$5:$R$148,"是") -> 24 | H25: =IFERROR(SUMIFS(BlockRatings_AQ!$K$5:$K$148,BlockRatings_AQ!$D$5:$D$148,D25,BlockRatings_AQ!$F$5:$F$148,"EgoAnchor",BlockRatings_AQ!$R$5:$R$148,"是")/G25,"") -> 0 | I25: =IF(AND(F25<>"",H25<>""),H25-F25,"")
A26: IQ1 | B26: Intuitive interaction | C26: BlockRatings_AQ | D26: 鼠标 | E26: =COUNTIFS(BlockRatings_AQ!$D$5:$D$148,D26,BlockRatings_AQ!$F$5:$F$148,"One-Euro",BlockRatings_AQ!$R$5:$R$148,"是") -> 24 | F26: =IFERROR(SUMIFS(BlockRatings_AQ!$L$5:$L$148,BlockRatings_AQ!$D$5:$D$148,D26,BlockRatings_AQ!$F$5:$F$148,"One-Euro",BlockRatings_AQ!$R$5:$R$148,"是")/E26,"") -> 0 | G26: =COUNTIFS(BlockRatings_AQ!$D$5:$D$148,D26,BlockRatings_AQ!$F$5:$F$148,"EgoAnchor",BlockRatings_AQ!$R$5:$R$148,"是") -> 24 | H26: =IFERROR(SUMIFS(BlockRatings_AQ!$L$5:$L$148,BlockRatings_AQ!$D$5:$D$148,D26,BlockRatings_AQ!$F$5:$F$148,"EgoAnchor",BlockRatings_AQ!$R$5:$R$148,"是")/G26,"") -> 0 | I26: =IF(AND(F26<>"",H26<>""),H26-F26,"")
A27: IQ1 | B27: Intuitive interaction | C27: BlockRatings_AQ | D27: 固定订书机 | E27: =COUNTIFS(BlockRatings_AQ!$D$5:$D$148,D27,BlockRatings_AQ!$F$5:$F$148,"One-Euro",BlockRatings_AQ!$R$5:$R$148,"是") -> 24 | F27: =IFERROR(SUMIFS(BlockRatings_AQ!$L$5:$L$148,BlockRatings_AQ!$D$5:$D$148,D27,BlockRatings_AQ!$F$5:$F$148,"One-Euro",BlockRatings_AQ!$R$5:$R$148,"是")/E27,"") -> 0 | G27: =COUNTIFS(BlockRatings_AQ!$D$5:$D$148,D27,BlockRatings_AQ!$F$5:$F$148,"EgoAnchor",BlockRatings_AQ!$R$5:$R$148,"是") -> 24 | H27: =IFERROR(SUMIFS(BlockRatings_AQ!$L$5:$L$148,BlockRatings_AQ!$D$5:$D$148,D27,BlockRatings_AQ!$F$5:$F$148,"EgoAnchor",BlockRatings_AQ!$R$5:$R$148,"是")/G27,"") -> 0 | I27: =IF(AND(F27<>"",H27<>""),H27-F27,"")
A28: IQ1 | B28: Intuitive interaction | C28: BlockRatings_AQ | D28: 游戏手柄 | E28: =COUNTIFS(BlockRatings_AQ!$D$5:$D$148,D28,BlockRatings_AQ!$F$5:$F$148,"One-Euro",BlockRatings_AQ!$R$5:$R$148,"是") -> 24 | F28: =IFERROR(SUMIFS(BlockRatings_AQ!$L$5:$L$148,BlockRatings_AQ!$D$5:$D$148,D28,BlockRatings_AQ!$F$5:$F$148,"One-Euro",BlockRatings_AQ!$R$5:$R$148,"是")/E28,"") -> 0 | G28: =COUNTIFS(BlockRatings_AQ!$D$5:$D$148,D28,BlockRatings_AQ!$F$5:$F$148,"EgoAnchor",BlockRatings_AQ!$R$5:$R$148,"是") -> 24 | H28: =IFERROR(SUMIFS(BlockRatings_AQ!$L$5:$L$148,BlockRatings_AQ!$D$5:$D$148,D28,BlockRatings_AQ!$F$5:$F$148,"EgoAnchor",BlockRatings_AQ!$R$5:$R$148,"是")/G28,"") -> 0 | I28: =IF(AND(F28<>"",H28<>""),H28-F28,"")
A29: IQ2 | B29: Prompt response | C29: BlockRatings_AQ | D29: 鼠标 | E29: =COUNTIFS(BlockRatings_AQ!$D$5:$D$148,D29,BlockRatings_AQ!$F$5:$F$148,"One-Euro",BlockRatings_AQ!$R$5:$R$148,"是") -> 24 | F29: =IFERROR(SUMIFS(BlockRatings_AQ!$M$5:$M$148,BlockRatings_AQ!$D$5:$D$148,D29,BlockRatings_AQ!$F$5:$F$148,"One-Euro",BlockRatings_AQ!$R$5:$R$148,"是")/E29,"") -> 0 | G29: =COUNTIFS(BlockRatings_AQ!$D$5:$D$148,D29,BlockRatings_AQ!$F$5:$F$148,"EgoAnchor",BlockRatings_AQ!$R$5:$R$148,"是") -> 24 | H29: =IFERROR(SUMIFS(BlockRatings_AQ!$M$5:$M$148,BlockRatings_AQ!$D$5:$D$148,D29,BlockRatings_AQ!$F$5:$F$148,"EgoAnchor",BlockRatings_AQ!$R$5:$R$148,"是")/G29,"") -> 0 | I29: =IF(AND(F29<>"",H29<>""),H29-F29,"")
A30: IQ2 | B30: Prompt response | C30: BlockRatings_AQ | D30: 固定订书机 | E30: =COUNTIFS(BlockRatings_AQ!$D$5:$D$148,D30,BlockRatings_AQ!$F$5:$F$148,"One-Euro",BlockRatings_AQ!$R$5:$R$148,"是") -> 24 | F30: =IFERROR(SUMIFS(BlockRatings_AQ!$M$5:$M$148,BlockRatings_AQ!$D$5:$D$148,D30,BlockRatings_AQ!$F$5:$F$148,"One-Euro",BlockRatings_AQ!$R$5:$R$148,"是")/E30,"") -> 0 | G30: =COUNTIFS(BlockRatings_AQ!$D$5:$D$148,D30,BlockRatings_AQ!$F$5:$F$148,"EgoAnchor",BlockRatings_AQ!$R$5:$R$148,"是") -> 24 | H30: =IFERROR(SUMIFS(BlockRatings_AQ!$M$5:$M$148,BlockRatings_AQ!$D$5:$D$148,D30,BlockRatings_AQ!$F$5:$F$148,"EgoAnchor",BlockRatings_AQ!$R$5:$R$148,"是")/G30,"") -> 0 | I30: =IF(AND(F30<>"",H30<>""),H30-F30,"")
A31: IQ2 | B31: Prompt response | C31: BlockRatings_AQ | D31: 游戏手柄 | E31: =COUNTIFS(BlockRatings_AQ!$D$5:$D$148,D31,BlockRatings_AQ!$F$5:$F$148,"One-Euro",BlockRatings_AQ!$R$5:$R$148,"是") -> 24 | F31: =IFERROR(SUMIFS(BlockRatings_AQ!$M$5:$M$148,BlockRatings_AQ!$D$5:$D$148,D31,BlockRatings_AQ!$F$5:$F$148,"One-Euro",BlockRatings_AQ!$R$5:$R$148,"是")/E31,"") -> 0 | G31: =COUNTIFS(BlockRatings_AQ!$D$5:$D$148,D31,BlockRatings_AQ!$F$5:$F$148,"EgoAnchor",BlockRatings_AQ!$R$5:$R$148,"是") -> 24 | H31: =IFERROR(SUMIFS(BlockRatings_AQ!$M$5:$M$148,BlockRatings_AQ!$D$5:$D$148,D31,BlockRatings_AQ!$F$5:$F$148,"EgoAnchor",BlockRatings_AQ!$R$5:$R$148,"是")/G31,"") -> 0 | I31: =IF(AND(F31<>"",H31<>""),H31-F31,"")
A32: IQ3 | B32: Smooth motion | C32: BlockRatings_AQ | D32: 鼠标 | E32: =COUNTIFS(BlockRatings_AQ!$D$5:$D$148,D32,BlockRatings_AQ!$F$5:$F$148,"One-Euro",BlockRatings_AQ!$R$5:$R$148,"是") -> 24 | F32: =IFERROR(SUMIFS(BlockRatings_AQ!$N$5:$N$148,BlockRatings_AQ!$D$5:$D$148,D32,BlockRatings_AQ!$F$5:$F$148,"One-Euro",BlockRatings_AQ!$R$5:$R$148,"是")/E32,"") -> 0 | G32: =COUNTIFS(BlockRatings_AQ!$D$5:$D$148,D32,BlockRatings_AQ!$F$5:$F$148,"EgoAnchor",BlockRatings_AQ!$R$5:$R$148,"是") -> 24 | H32: =IFERROR(SUMIFS(BlockRatings_AQ!$N$5:$N$148,BlockRatings_AQ!$D$5:$D$148,D32,BlockRatings_AQ!$F$5:$F$148,"EgoAnchor",BlockRatings_AQ!$R$5:$R$148,"是")/G32,"") -> 0 | I32: =IF(AND(F32<>"",H32<>""),H32-F32,"")
A33: IQ3 | B33: Smooth motion | C33: BlockRatings_AQ | D33: 固定订书机 | E33: =COUNTIFS(BlockRatings_AQ!$D$5:$D$148,D33,BlockRatings_AQ!$F$5:$F$148,"One-Euro",BlockRatings_AQ!$R$5:$R$148,"是") -> 24 | F33: =IFERROR(SUMIFS(BlockRatings_AQ!$N$5:$N$148,BlockRatings_AQ!$D$5:$D$148,D33,BlockRatings_AQ!$F$5:$F$148,"One-Euro",BlockRatings_AQ!$R$5:$R$148,"是")/E33,"") -> 0 | G33: =COUNTIFS(BlockRatings_AQ!$D$5:$D$148,D33,BlockRatings_AQ!$F$5:$F$148,"EgoAnchor",BlockRatings_AQ!$R$5:$R$148,"是") -> 24 | H33: =IFERROR(SUMIFS(BlockRatings_AQ!$N$5:$N$148,BlockRatings_AQ!$D$5:$D$148,D33,BlockRatings_AQ!$F$5:$F$148,"EgoAnchor",BlockRatings_AQ!$R$5:$R$148,"是")/G33,"") -> 0 | I33: =IF(AND(F33<>"",H33<>""),H33-F33,"")
A34: IQ3 | B34: Smooth motion | C34: BlockRatings_AQ | D34: 游戏手柄 | E34: =COUNTIFS(BlockRatings_AQ!$D$5:$D$148,D34,BlockRatings_AQ!$F$5:$F$148,"One-Euro",BlockRatings_AQ!$R$5:$R$148,"是") -> 24 | F34: =IFERROR(SUMIFS(BlockRatings_AQ!$N$5:$N$148,BlockRatings_AQ!$D$5:$D$148,D34,BlockRatings_AQ!$F$5:$F$148,"One-Euro",BlockRatings_AQ!$R$5:$R$148,"是")/E34,"") -> 0 | G34: =COUNTIFS(BlockRatings_AQ!$D$5:$D$148,D34,BlockRatings_AQ!$F$5:$F$148,"EgoAnchor",BlockRatings_AQ!$R$5:$R$148,"是") -> 24 | H34: =IFERROR(SUMIFS(BlockRatings_AQ!$N$5:$N$148,BlockRatings_AQ!$D$5:$D$148,D34,BlockRatings_AQ!$F$5:$F$148,"EgoAnchor",BlockRatings_AQ!$R$5:$R$148,"是")/G34,"") -> 0 | I34: =IF(AND(F34<>"",H34<>""),H34-F34,"")
A35: IQ | B35: Interaction Quality mean | C35: BlockRatings_AQ | D35: 鼠标 | E35: =COUNTIFS(BlockRatings_AQ!$D$5:$D$148,D35,BlockRatings_AQ!$F$5:$F$148,"One-Euro",BlockRatings_AQ!$R$5:$R$148,"是") -> 24 | F35: =IFERROR(SUMIFS(BlockRatings_AQ!$O$5:$O$148,BlockRatings_AQ!$D$5:$D$148,D35,BlockRatings_AQ!$F$5:$F$148,"One-Euro",BlockRatings_AQ!$R$5:$R$148,"是")/E35,"") -> 0 | G35: =COUNTIFS(BlockRatings_AQ!$D$5:$D$148,D35,BlockRatings_AQ!$F$5:$F$148,"EgoAnchor",BlockRatings_AQ!$R$5:$R$148,"是") -> 24 | H35: =IFERROR(SUMIFS(BlockRatings_AQ!$O$5:$O$148,BlockRatings_AQ!$D$5:$D$148,D35,BlockRatings_AQ!$F$5:$F$148,"EgoAnchor",BlockRatings_AQ!$R$5:$R$148,"是")/G35,"") -> 0 | I35: =IF(AND(F35<>"",H35<>""),H35-F35,"")
A36: IQ | B36: Interaction Quality mean | C36: BlockRatings_AQ | D36: 固定订书机 | E36: =COUNTIFS(BlockRatings_AQ!$D$5:$D$148,D36,BlockRatings_AQ!$F$5:$F$148,"One-Euro",BlockRatings_AQ!$R$5:$R$148,"是") -> 24 | F36: =IFERROR(SUMIFS(BlockRatings_AQ!$O$5:$O$148,BlockRatings_AQ!$D$5:$D$148,D36,BlockRatings_AQ!$F$5:$F$148,"One-Euro",BlockRatings_AQ!$R$5:$R$148,"是")/E36,"") -> 0 | G36: =COUNTIFS(BlockRatings_AQ!$D$5:$D$148,D36,BlockRatings_AQ!$F$5:$F$148,"EgoAnchor",BlockRatings_AQ!$R$5:$R$148,"是") -> 24 | H36: =IFERROR(SUMIFS(BlockRatings_AQ!$O$5:$O$148,BlockRatings_AQ!$D$5:$D$148,D36,BlockRatings_AQ!$F$5:$F$148,"EgoAnchor",BlockRatings_AQ!$R$5:$R$148,"是")/G36,"") -> 0 | I36: =IF(AND(F36<>"",H36<>""),H36-F36,"")
A37: IQ | B37: Interaction Quality mean | C37: BlockRatings_AQ | D37: 游戏手柄 | E37: =COUNTIFS(BlockRatings_AQ!$D$5:$D$148,D37,BlockRatings_AQ!$F$5:$F$148,"One-Euro",BlockRatings_AQ!$R$5:$R$148,"是") -> 24 | F37: =IFERROR(SUMIFS(BlockRatings_AQ!$O$5:$O$148,BlockRatings_AQ!$D$5:$D$148,D37,BlockRatings_AQ!$F$5:$F$148,"One-Euro",BlockRatings_AQ!$R$5:$R$148,"是")/E37,"") -> 0 | G37: =COUNTIFS(BlockRatings_AQ!$D$5:$D$148,D37,BlockRatings_AQ!$F$5:$F$148,"EgoAnchor",BlockRatings_AQ!$R$5:$R$148,"是") -> 24 | H37: =IFERROR(SUMIFS(BlockRatings_AQ!$O$5:$O$148,BlockRatings_AQ!$D$5:$D$148,D37,BlockRatings_AQ!$F$5:$F$148,"EgoAnchor",BlockRatings_AQ!$R$5:$R$148,"是")/G37,"") -> 0 | I37: =IF(AND(F37<>"",H37<>""),H37-F37,"")

Sheet QualitativeCoding
A1: 开放反馈双编码表（24名参与者）
A2: C/D列自动链接原始开放回答。E–Q为预设主题0/1编码，可增加Other说明。建议由两名编码者独立编码后讨论分歧；不要把主题频数当作独立推断检验。
A4: Participant_ID | B4: Decoded_Choice | C4: Most_Noticeable_Raw | D4: Distrust_Raw | E4: Stationary_Jitter | F4: Viewpoint_Drift | G4: Absolute_Offset | H4: Motion_Lag | I4: Motion_Sliding | J4: Orientation_Mismatch | K4: Post_Placement_Settling | L4: Recovery_Jump | M4: Wrong_Recovery | N4: Predictability | O4: Smoothness | P4: No_Noticeable_Difference | Q4: Other_Code | R4: Other_Description | S4: Coder1 | T4: Coder2 | U4: Agreement | V4: Memo
A5: P001 | B5: =FinalFeedback!C5 -> 0 | C5: =FinalFeedback!F5 -> 0 | D5: =FinalFeedback!G5 -> 0 | U5: =IF(AND(S5<>"",T5<>""),IF(S5=T5,"一致","分歧"),"")
A6: P002 | B6: =FinalFeedback!C6 -> 0 | C6: =FinalFeedback!F6 -> 0 | D6: =FinalFeedback!G6 -> 0 | U6: =IF(AND(S6<>"",T6<>""),IF(S6=T6,"一致","分歧"),"")
A7: P003 | B7: =FinalFeedback!C7 -> 0 | C7: =FinalFeedback!F7 -> 0 | D7: =FinalFeedback!G7 -> 0 | U7: =IF(AND(S7<>"",T7<>""),IF(S7=T7,"一致","分歧"),"")
A8: P004 | B8: =FinalFeedback!C8 -> 0 | C8: =FinalFeedback!F8 -> 0 | D8: =FinalFeedback!G8 -> 0 | U8: =IF(AND(S8<>"",T8<>""),IF(S8=T8,"一致","分歧"),"")
A9: P005 | B9: =FinalFeedback!C9 -> 0 | C9: =FinalFeedback!F9 -> 0 | D9: =FinalFeedback!G9 -> 0 | U9: =IF(AND(S9<>"",T9<>""),IF(S9=T9,"一致","分歧"),"")
A10: P006 | B10: =FinalFeedback!C10 -> 0 | C10: =FinalFeedback!F10 -> 0 | D10: =FinalFeedback!G10 -> 0 | U10: =IF(AND(S10<>"",T10<>""),IF(S10=T10,"一致","分歧"),"")
A11: P007 | B11: =FinalFeedback!C11 -> 0 | C11: =FinalFeedback!F11 -> 0 | D11: =FinalFeedback!G11 -> 0 | U11: =IF(AND(S11<>"",T11<>""),IF(S11=T11,"一致","分歧"),"")
A12: P008 | B12: =FinalFeedback!C12 -> 0 | C12: =FinalFeedback!F12 -> 0 | D12: =FinalFeedback!G12 -> 0 | U12: =IF(AND(S12<>"",T12<>""),IF(S12=T12,"一致","分歧"),"")
A13: P009 | B13: =FinalFeedback!C13 -> 0 | C13: =FinalFeedback!F13 -> 0 | D13: =FinalFeedback!G13 -> 0 | U13: =IF(AND(S13<>"",T13<>""),IF(S13=T13,"一致","分歧"),"")
A14: P010 | B14: =FinalFeedback!C14 -> 0 | C14: =FinalFeedback!F14 -> 0 | D14: =FinalFeedback!G14 -> 0 | U14: =IF(AND(S14<>"",T14<>""),IF(S14=T14,"一致","分歧"),"")
A15: P011 | B15: =FinalFeedback!C15 -> 0 | C15: =FinalFeedback!F15 -> 0 | D15: =FinalFeedback!G15 -> 0 | U15: =IF(AND(S15<>"",T15<>""),IF(S15=T15,"一致","分歧"),"")
A16: P012 | B16: =FinalFeedback!C16 -> 0 | C16: =FinalFeedback!F16 -> 0 | D16: =FinalFeedback!G16 -> 0 | U16: =IF(AND(S16<>"",T16<>""),IF(S16=T16,"一致","分歧"),"")
... A28: P024 | B28: =FinalFeedback!C28 -> 0 | C28: =FinalFeedback!F28 -> 0 | D28: =FinalFeedback!G28 -> 0 | U28: =IF(AND(S28<>"",T28<>""),IF(S28=T28,"一致","分歧"),"")

Sheet Report_Tables
A1: 论文结果汇报表与文字回填区
A2: 灰色单元格自动链接描述统计；橙色单元格从正式模型输出回填。本表用于生成论文表格，不应替代统计脚本和可复现分析文件。
A5: 样本与完成度 | B5: 值 | C5: 报告格式 | D5: 备注
A6: 计划样本 | B6: =Dashboard!C4 -> 24 | C6: N = 24
A7: 纳入样本 | B7: =Dashboard!C5 -> 24 | C7: N = [ ] | D7: 按排除规则
A8: 年龄均值 | B8: =IFERROR(AVERAGE(Participants!D5:D28),"") | C8: M = [ ], SD = [ ] | D8: SD从分析脚本回填
A9: 女性人数 | B9: =COUNTIF(Participants!E5:E28,"女") -> 0 | C9: n = [ ]
A10: 男性人数 | B10: =COUNTIF(Participants!E5:E28,"男") -> 0 | C10: n = [ ]
A11: 完整区块 | B11: =Dashboard!C7 -> 0 | C11: 144 / 144
A14: Outcome | B14: One-Euro M (SD) | C14: EgoAnchor M (SD) | D14: Estimate/OR | E14: 95% CI | F14: p raw | G14: p Holm | H14: Effect size | I14: Direction | J14: Interpretation
A15: Embedding Quality | B15: =IF(Analysis_Results!H5="","",TEXT(Analysis_Results!H5,"0.00")&" ("&TEXT(Analysis_Results!I5,"0.00")&")") | C15: =IF(Analysis_Results!L5="","",TEXT(Analysis_Results!L5,"0.00")&" ("&TEXT(Analysis_Results!M5,"0.00")&")") | D15: =Analysis_Results!R5 -> 0 | E15: =Analysis_Results!S5 -> 0 | F15: =Analysis_Results!T5 -> 0 | G15: =Analysis_Results!U5 -> 0 | H15: =Analysis_Results!V5 -> 0 | I15: =Analysis_Results!W5 -> 0 | J15: =Analysis_Results!X5 -> 0
A16: Interaction Quality | B16: =IF(Analysis_Results!H6="","",TEXT(Analysis_Results!H6,"0.00")&" ("&TEXT(Analysis_Results!I6,"0.00")&")") | C16: =IF(Analysis_Results!L6="","",TEXT(Analysis_Results!L6,"0.00")&" ("&TEXT(Analysis_Results!M6,"0.00")&")") | D16: =Analysis_Results!R6 -> 0 | E16: =Analysis_Results!S6 -> 0 | F16: =Analysis_Results!T6 -> 0 | G16: =Analysis_Results!U6 -> 0 | H16: =Analysis_Results!V6 -> 0 | I16: =Analysis_Results!W6 -> 0 | J16: =Analysis_Results!X6 -> 0
A17: S-TIAS Trust | B17: =IF(Analysis_Results!H7="","",TEXT(Analysis_Results!H7,"0.00")&" ("&TEXT(Analysis_Results!I7,"0.00")&")") | C17: =IF(Analysis_Results!L7="","",TEXT(Analysis_Results!L7,"0.00")&" ("&TEXT(Analysis_Results!M7,"0.00")&")") | D17: =Analysis_Results!R7 -> 0 | E17: =Analysis_Results!S7 -> 0 | F17: =Analysis_Results!T7 -> 0 | G17: =Analysis_Results!U7 -> 0 | H17: =Analysis_Results!V7 -> 0 | I17: =Analysis_Results!W7 -> 0 | J17: =Analysis_Results!X7 -> 0
A20: Diagnostic | B20: One-Euro M (SD) | C20: EgoAnchor M (SD) | D20: OR/Estimate | E20: 95% CI | F20: p raw | G20: p adjusted | H20: Effect size | I20: Direction | J20: Interpretation
A21: Static stability | B21: =IF(Analysis_Results!H8="","",TEXT(Analysis_Results!H8,"0.00")&" ("&TEXT(Analysis_Results!I8,"0.00")&")") | C21: =IF(Analysis_Results!L8="","",TEXT(Analysis_Results!L8,"0.00")&" ("&TEXT(Analysis_Results!M8,"0.00")&")") | D21: =Analysis_Results!R8 -> 0 | E21: =Analysis_Results!S8 -> 0 | F21: =Analysis_Results!T8 -> 0 | G21: =Analysis_Results!U8 -> 0 | H21: =Analysis_Results!V8 -> 0 | I21: =Analysis_Results!W8 -> 0 | J21: =Analysis_Results!X8 -> 0
A22: Motion attachment | B22: =IF(Analysis_Results!H9="","",TEXT(Analysis_Results!H9,"0.00")&" ("&TEXT(Analysis_Results!I9,"0.00")&")") | C22: =IF(Analysis_Results!L9="","",TEXT(Analysis_Results!L9,"0.00")&" ("&TEXT(Analysis_Results!M9,"0.00")&")") | D22: =Analysis_Results!R9 -> 0 | E22: =Analysis_Results!S9 -> 0 | F22: =Analysis_Results!T9 -> 0 | G22: =Analysis_Results!U9 -> 0 | H22: =Analysis_Results!V9 -> 0 | I22: =Analysis_Results!W9 -> 0 | J22: =Analysis_Results!X9 -> 0
A23: Recovery consistency | B23: =IF(Analysis_Results!H10="","",TEXT(Analysis_Results!H10,"0.00")&" ("&TEXT(Analysis_Results!I10,"0.00")&")") | C23: =IF(Analysis_Results!L10="","",TEXT(Analysis_Results!L10,"0.00")&" ("&TEXT(Analysis_Results!M10,"0.00")&")") | D23: =Analysis_Results!R10 -> 0 | E23: =Analysis_Results!S10 -> 0 | F23: =Analysis_Results!T10 -> 0 | G23: =Analysis_Results!U10 -> 0 | H23: =Analysis_Results!V10 -> 0 | I23: =Analysis_Results!W10 -> 0 | J23: =Analysis_Results!X10 -> 0
A26: Final preference | B26: Count | C26: Percent | D26: Report | F26: 论文结果段落草稿（手工填写）
A27: EgoAnchor | B27: =COUNTIF(FinalFeedback!C5:C28,"EgoAnchor") -> 0 | C27: =IF(SUM($B$27:$B$29)=0,"",B27/SUM($B$27:$B$29)) | D27: =A27&": "&B27&" ("&TEXT(C27,"0.0%")&")" -> EgoAnchor: 0 (0.0%) | F27: 示例结构：The mixed-effects analysis showed [a significant/no] effect of Method on [outcome], [estimate/OR] = [ ], 95% CI [ ], p_adj = [ ]. Ratings were [higher/comparable] for EgoAnchor (M = [ ], SD = [ ]) than for One-Euro (M = [ ], SD = [ ]). The Method × Object interaction was [ ], indicating [consistent/object-dependent] effects across the three tested objects.
A28: One-Euro | B28: =COUNTIF(FinalFeedback!C5:C28,"One-Euro") -> 0 | C28: =IF(SUM($B$27:$B$29)=0,"",B28/SUM($B$27:$B$29)) | D28: =A28&": "&B28&" ("&TEXT(C28,"0.0%")&")" -> One-Euro: 0 (0.0%)
A29: No clear preference | B29: =COUNTIF(FinalFeedback!C5:C28,"无明显偏好") -> 0 | C29: =IF(SUM($B$27:$B$29)=0,"",B29/SUM($B$27:$B$29)) | D29: =A29&": "&B29&" ("&TEXT(C29,"0.0%")&")" -> No clear preference: 0 (0.0%)
