Workbook

Sheet README
A1: 【SYNTHETIC / 模拟数据，非真实被试证据】EgoAnchor 实验三采集与分析工作簿（v5.1 模板）
A2: 唯一权威规格：2026-EgoAnchor/experiment_3_questionnaire_design_zh.md（v5.1）。本精简版保留 6 个工作表：问卷条目集中在 Questionnaire，实验记录集中在 Records（三段堆叠）。本次美化仅加入标准单元格样式、冻结窗格和基础输入校验，不在采集表中派生复合分。原始评分不得被反向分覆盖；TiA 反向计分（6−原始分）仅在分析代码中生成。
A4: 使用流程 | B4: 时点 | C4: 填写位置 | D4: 内容 | E4: 关键规则
A5: 0 背景 | B5: 到场、知情同意后 | C5: Participants | D5: B1–B6 背景字段、纳入状态、起止时间 | E5: 方法映射列仅实验员可见
A6: 1 区块 | B6: 每个方法×物体区块三项任务完成后 | C6: Records A 段 | D6: 13 项统一七点同意度（Q10 默认停用） | E6: 任务后统一评分，不逐任务打断
A7: 2 方法级 | B7: 全部 6 区块完成后 | C7: Records B 段 | D7: 按平衡顺序（S1 先 A、S2 先 B）分别评价两方法：TiA 10 + 提示页 + S-TIAS 3 | E7: 不得插入第 5/6 区块之间
A8: 3 最终 | B8: 摘下头显后 | C8: Records C 段 | D8: 2 强制选择 + 偏好强度 + 区分信心 + 2 开放题 + 安全检查 | E8: 回答完成前保持匿名
A9: 4 审计 | B9: 每区块同步 | C9: Records A 段（审计列） | D9: 候选/VCD/接纳/生命周期/重获取/时长 | E9: 只作操纵检验，不是配准误差
A10: 5 分析 | B10: 采集完成后 | C10: Analysis | D10: 已回填模拟统计结果、稳健性近似、逐物体描述、操纵检验、最终计数与开放题编码 | E10: 正式模型在 R/Python 中运行
A12: 冻结分析家族
A13: 主证实家族（7） | B13: Q1/Q8/Q2/Q9/Q3/Q6/Q7 | C13: 三物体取均值 → 配对 Wilcoxon → 家族内 Holm（MDE dz=0.801）
A14: 已发表量表家族（5） | B14: AQ-EQ / AQ-IQ / TiA-R/C / TiA-U/P / S-TIAS | C14: 同上；仅此家族报告当前样本 α/ω；TiA 反向项先换向
A15: 次级 | B15: Q10（若预实验启用）；CLMM（方法×物体+区块位置+对象内先后+随机截距） | C15: 独立分析 / 稳健性
A16: 描述性 | B16: 两项强制选择、偏好强度、区分信心、开放题主题、安全检查、运行时审计 | C16: 不作推断
A18: 采集前仍未完成的前置（未完成不得正式采集）
A19: 中文施测措辞已于 2026-07-26 冻结（v5.1 Final wording）：19 条量表条目逐条对照官方原文完成语义等价审计（GPT 正向翻译 → GPT 网页端对照复核 → 仓库助手独立审计，三次独立通过；微调 AQ-IQ2 去"能够"、AQ-EQ2 去"看起来被"）。预实验认知访谈改为确认性检查（最高优先 TIA_RC1/RC4、Q2 与 AQ-IQ3 判别），发现理解不良才按修订—重测—再冻结处理。
A20: 预实验冻结项：遮挡时长（0.6–0.9 s 内取定，避开 0.45/1.0 s 边界）、Q10 是否启用、AQ 缩减规则是否触发（单区块 >150 s 或连续同分 ≥5 项 → 停用 AQ_EQ3/AQ_IQ1）、方法级问卷模态。
A22: 程序日志字段建议（Unity 端长格式事件日志；本表 Records 为实验员宽表）
A23: participant_id / level(block|method|final) / method_id(内部) / shown_label(A|B) / object_id / block_index / item_id / scale_type(agreement_7|agreement_5|intensity_7) / response_raw / timestamp_utc / task_completed / technical_issue / lifecycle_state(遮挡) — 事件只追加不覆盖。
A25: 提前止收规则：招募未满 24 人时按 Participants 编号顺序优先补齐整组 4 人（同一物体排列的四个单元），N 下限 18。

Sheet Verification_Audit
A1: 【待核对】内容核验记录（2026-07-26；依据公开原始论文、附录与官方量表来源核对）
A2: 区分“官方原文/量尺已核对”与“对象锚定情境适配”：适配版不自动继承原量表在原场景的效度证据；正式采集前仍须完成独立回译与认知访谈。
A4: 核对对象 | B4: 状态 | C4: 结论/修正 | D4: 依据/来源
A5: AQ 英文条目 | B5: 已核对 | C5: 原计划英文系语义转述；已替换为附录官方原文（指代为 The virtual object，对象化替换极小） | D5: doi:10.1007/s11747-025-01108-2 Appendix
A6: AQ 量尺 | B6: 已核对 | C6: 七点：1 = I do not agree … 7 = I fully agree；中文“完全不同意–完全同意”正确 | D6: 同上
A7: AQ 书目 | B7: 已核对 | C7: Schein, K. E.; Rauschnabel, P. A.; Praxmarer-Carus, S.; Babin, B. J. Unpacking augmentation quality and local presence: Factors that drive effective augmented reality marketing. JAMS 54:49–69（2025 在线） | D7: CC BY 4.0
A8: TiA 条目结构 | B8: 已核对 | C8: R/C 6 项（官方条目 1,6,10,13,15,19）+ U/P 4 项（2,7,11,16）；6+4 正确、语料 7+3 系误标 | D8: 官方 GitHub（CC BY-SA 4.0）
A9: TiA 反向计分 | B9: 已核对 | C9: 反向项 RC3/RC5/UP2/UP4（官方条目 10,15,7,16）；五点反向分 = 6 − 原始分 | D9: 同上
A10: TiA 量尺 | B10: 已核对 | C10: 五点同意度 + 允许 No response（记缺失） | D10: 同上
A11: TiA 效度措辞 | B11: 需遵守 | C11: 英文版仍需进一步验证（德文原版才有初步心理计量证据）；论文只写 adapted TiA subscales + 当前样本信度，不得写“已验证英文/中文量表” | D11: 官方 GitHub 声明
A12: S-TIAS 条目 | B12: 已核对 | C12: 三项原文指代 the AI assistant；本研究替换为“这种对象锚定方法”→ adapted S-TIAS | D12: doi:10.3389/frai.2025.1582880
A13: S-TIAS 量尺 | B13: 已核对 | C13: 1 = Not at all … 7 = Extremely；三项均值 | D13: 同上
A14: S-TIAS 书目 | B14: 已核对（作者更正） | C14: McGrath, M. J.; Lack, O.; Tisch, J.; Duenser, A. Measuring trust in artificial intelligence: validation of an established scale and its short form. Frontiers in AI 8:1582880。语料曾误标为 Karpus；bib 键 mcgrath2025stias | D14: CC BY
A15: Gottsacker 2024 书目 | B15: 已核对 | C15: Gottsacker, M.; Furuya, H.; Choudhary, Z. D.; Erickson, A.; Schubert, R.; Bruder, G.; Browne, M. P.; Welch, G. F. Investigating the relationships between user behaviors and tracking factors on task performance and trust in augmented reality. Computers & Graphics 123:104035 | D15: doi:10.1016/j.cag.2024.104035
... A20: 中文施测措辞 | B20: 已冻结（2026-07-26） | C20: 19 条量表条目（AQ 6 + TiA 10 + S-TIAS 3）逐条对照官方原文完成语义等价审计并冻结；审计微调两处：AQ-IQ2 去"能够"（避免行为陈述变能力陈述）、AQ-EQ2 去"看起来被"（避免在 realistically 上叠加第二层感知模糊）。TIA_RC1/RC4 构念贴合与 Q2/AQ-IQ3 判别留待预实验认知访谈确认性检查。不再单设翻译冻结关卡。 | D20: 本研究语义审计记录（计划书 4.6 核对状态）

Sheet Questionnaire
A1: 实验三问卷全条目（v5.1 Verified）——本表为唯一条目字典，与计划书 4.2/4.4/4.5 逐字一致
A2: 中文施测版为头显/纸面呈现文本；“官方英文原文”为原量表逐字条目（自制条目无）；“对象化英文施测版”供论文附录与英文施测用。TiA 中文列回译待完成，冻结前不得正式施测。
A4: A. 实验前背景（Participants 表填写，每人一次）
A5: ID | B5: 中文 | C5: 应答格式/选项
A6: B1_Age | B6: 年龄 | C6: 整数
A7: B2_Gender | B7: 性别 | C7: 女 / 男 / 非二元或其他 / 不愿透露
A8: B3_Handedness | B8: 主手（精细操作） | C8: 右手 / 左手 / 双手均可
A9: B4_Vision | B9: 视力情况 | C9: 正常 / 矫正后正常 / 其他
A10: B5_VRMR_Experience | B10: VR/MR 使用经验 | C10: 从未 / 1–5 次 / 6–20 次 / 超过 20 次 / 经常使用
A11: B6_PhysObj_MR_Experience | B11: 实物 AR/MR 交互经验（需操作真实物体的应用） | C11: 从未 / 1–2 次 / 数次 / 经常
A13: B. 区块级 13 项必答 + Q10 可选（每个方法×物体区块后；统一七点同意度；界面标题：请根据刚才在这个物体上的体验作答）
A14: 页序 | B14: Item_ID | C14: 简称 | D14: 中文施测版 | E14: 官方英文原文 | F14: 对象化英文施测版 | G14: 分析家族 | H14: 来源 | I14: 备注
A15: 1 | B15: Q1 | C15: 静止稳定 | D15: 在静止观察阶段，虚拟内容保持在同一位置不动。 | E15: — | F15: During static observation, the virtual content stayed in the same position without moving. | G15: 主证实 | H15: 自制（v4 冻结） | I15: 时间稳定性；pilot 检查“同一位置”参照系理解
A16: 2 | B16: Q2 | C16: 运动附着 | D16: 在拿起、移动和旋转物体时，虚拟内容始终附着在真实物体上的同一位置。 | E16: — | F16: While I picked up, moved, and rotated the object, the virtual content remained attached to the same location on the physical object. | G16: 主证实 | H16: 自制（v5.1 锐化措辞） | I16: 测附着位置恒定，与 AQ_IQ3 平滑正交；认知访谈确认区分
A17: 3 | B17: Q9 | C17: 姿态一致 | D17: 旋转物体时，虚拟内容的朝向与真实物体的朝向保持一致。 | E17: — | F17: While I rotated the object, the orientation of the virtual content stayed consistent with the orientation of the physical object. | G17: 主证实 | H17: 自制（v4 冻结） | I17: 旋转通道独立诊断
A18: 3' | B18: Q10_OPT | C18: 放置后稳定（可选） | D18: 把物体放到桌面后，虚拟内容很快就稳定下来。 | E18: — | F18: After I placed the object on the table, the virtual content settled quickly. | G18: 次级 | H18: 自制（v4 可选） | I18: 默认停用；预实验冻结是否启用
A19: 4 | B19: AQ_IQ2 | C19: 响应及时 | D19: 虚拟内容实时响应我对真实物体的操作。 | E19: The virtual object responds in real-time. | F19: The virtual content responds in real-time to my manipulation of the physical object. | G19: 已发表量表 | H19: AQ Interaction Quality（对象化适配） | I19: AQ-IQ 子量表分 = IQ1/IQ2/IQ3 均值（分析派生）
A20: 5 | B20: AQ_IQ3 | C20: 运动平滑 | D20: 在交互过程中，虚拟内容随真实物体平滑运动。 | E20: The virtual object moves smoothly. | F20: The virtual content moves smoothly with the physical object during interaction. | G20: 已发表量表 | H20: AQ Interaction Quality（对象化适配）
A21: 6 | B21: Q3 | C21: 恢复一致 | D21: 遮挡移除后，虚拟内容恢复到了与真实物体一致的位置。 | E21: — | F21: After the occlusion was removed, the virtual content recovered to a position consistent with the physical object. | G21: 主证实 | H21: 自制（v4 冻结） | I21: 恢复后空间一致性
A22: 7 | B22: Q8 | C22: 位置正确 | D22: 虚拟内容出现的位置，与真实物体实际所在的位置相符。 | E22: — | F22: The virtual content appeared at a position that matched where the physical object actually was. | G22: 主证实 | H22: 自制（v4 冻结） | I22: 主观空间正确性，不作客观配准误差；与 Q1 相隔五题
A23: 8 | B23: AQ_EQ1 | C23: 融合 | D23: 虚拟内容与真实物体及周围真实元素自然融合。 | E23: The virtual object blends in with real elements. | F23: The virtual content blends in with the physical object and surrounding real elements. | G23: 已发表量表 | H23: AQ Embedding Quality（对象化适配） | I23: AQ-EQ 子量表分 = EQ1/EQ2/EQ3 均值（分析派生）
A24: 9 | B24: AQ_EQ2 | C24: 嵌入可信 | D24: 虚拟内容真实地嵌入在真实物体及其现实环境中。 | E24: The virtual object is realistically embedded in the environment. | F24: The virtual content is realistically embedded in the physical object and its real-world context. | G24: 已发表量表 | H24: AQ Embedding Quality（对象化适配） | I24: 接管原 Q4 合理可信构念
A25: 10 | B25: AQ_EQ3 | C25: 尺度协调 | D25: 虚拟内容的尺度与真实物体及现实世界中的事物相匹配。 | E25: The size of the virtual object is in scale to things in the real world. | F25: The size of the virtual content is in scale to the physical object and things in the real world. | G25: 已发表量表 | H25: AQ Embedding Quality（对象化适配） | I25: 预期天花板；保留以维持完整子量表
A26: 11 | B26: AQ_IQ1 | C26: 交互直观 | D26: 通过操作真实物体与虚拟内容进行交互是直观的。 | E26: Interaction with the virtual object is intuitive. | F26: Interaction with the virtual content through manipulation of the physical object is intuitive. | G26: 已发表量表 | H26: AQ Interaction Quality（对象化适配）
A27: 12 | B27: Q6 | C27: 依赖意愿 | D27: 在需要虚拟内容准确附着于真实物体的混合现实应用中，我愿意依赖这种锚定方法。 | E27: — | F27: I would be willing to rely on this anchoring method in an MR application that requires virtual content to be accurately attached to a physical object. | G27: 主证实 | H27: 自制（v4 冻结） | I27: 应用侧依赖意愿（区块级信任）
A28: 13 | B28: Q7 | C28: 稳定-响应平衡 | D28: 总体而言，该方法在锚点稳定性与响应及时性之间取得了合适的平衡。 | E28: — | F28: Overall, this method achieved an appropriate balance between anchor stability and responsiveness. | G28: 主证实 | H28: 自制（v4 冻结） | I28: 双构念总结项；与实验一稳定/时延结果联合解释
A29: 量尺 | B29: 七点同意度：1 完全不同意 … 7 完全同意 | C29: 同一条目在全部区块中措辞与刻度完全相同；每页一题、确认后翻页；不显示既往回答
A31: C. 方法级（全部六区块完成后，按 S1 先 A / S2 先 B 依次评价两方法；界面标题：请根据方法 X 在全部三个物体上的整体表现作答）
A32: C1. adapted TiA 两分量表（10 项） | B32: 五点同意度：1 Strongly disagree / 2 Rather disagree / 3 Neither / 4 Rather agree / 5 Strongly agree；允许无法回答（记缺失） | C32: 反向项计分 = 6 − 原始分（仅分析派生）；分量表分 = 有效条目均值；呈现按官方相对顺序交错（官方条目 1,2,6,7,10,11,13,15,16,19），参与者界面只显示中性序号第 1–10 题，下表按分量表分组仅为规格
A33: Item_ID | B33: 分量表 | C33: 官方英文原文 | D33: 中文施测版（已冻结） | E33: 反向 | F33: 官方条目号
A34: TIA_RC1 | B34: Reliability/Competence | C34: The system is capable of interpreting situations correctly. | D34: 这种对象锚定方法能够正确判断当前状况。 | E34: 否 | F34: 1
A35: TIA_RC2 | B35: Reliability/Competence | C35: The system works reliably. | D35: 这种对象锚定方法运行可靠。 | E35: 否 | F35: 6
A36: TIA_RC3 | B36: Reliability/Competence | C36: A system malfunction is likely. | D36: 这种对象锚定方法很可能发生故障。 | E36: 是 | F36: 10
A37: TIA_RC4 | B37: Reliability/Competence | C37: The system is capable of taking over complicated tasks. | D37: 这种对象锚定方法能够承担复杂的锚定任务。 | E37: 否 | F37: 13
A38: TIA_RC5 | B38: Reliability/Competence | C38: The system might make sporadic errors. | D38: 这种对象锚定方法可能偶尔出错。 | E38: 是 | F38: 15
A39: TIA_RC6 | B39: Reliability/Competence | C39: I am confident about the system's capabilities. | D39: 我对这种对象锚定方法的能力有信心。 | E39: 否 | F39: 19
A40: TIA_UP1 | B40: Understanding/Predictability | C40: The system state was always clear to me. | D40: 这种对象锚定方法的状态对我来说始终清楚。 | E40: 否 | F40: 2
A41: TIA_UP2 | B41: Understanding/Predictability | C41: The system reacts unpredictably. | D41: 这种对象锚定方法的反应难以预测。 | E41: 是 | F41: 7
A42: TIA_UP3 | B42: Understanding/Predictability | C42: I was able to understand why things happened. | D42: 我能够理解为什么会出现刚才的锚定行为。 | E42: 否 | F42: 11
A43: TIA_UP4 | B43: Understanding/Predictability | C43: It's difficult to identify what the system will do next. | D43: 我很难判断这种对象锚定方法接下来会怎样表现。 | E43: 是 | F43: 16
A44: 认知访谈最高优先：TIA_RC1（“判断状况”对低层锚定偏抽象）、TIA_RC4（“承担复杂任务”语义匹配较弱）
A45: —— 尺度切换提示页：TiA（五点同意度）→ S-TIAS（七点程度尺），端点改变须参与者确认 ——
A46: C2. adapted S-TIAS（3 项） | B46: 七点程度尺：1 Not at all（完全没有）… 7 Extremely（非常强烈） | C46: 三项均值；原研究指代 the AI assistant
A47: Item_ID | B47: 官方研究英文 | C47: 中文施测版
A48: STIAS1 | B48: I am confident in the AI assistant. | C48: 我对这种对象锚定方法有信心。
A49: STIAS2 | B49: The AI assistant is reliable. | C49: 这种对象锚定方法是可靠的。
A50: STIAS3 | B50: I can trust the AI assistant. | C50: 我可以信任这种对象锚定方法。
A52: D. 最终问卷（摘下头显后；回答完成前保持匿名；两项强制选择独立作答）
A53: ID | B53: 中文 | C53: 应答格式 | D53: 备注
A54: FINAL_METHOD_CHOICE | B54: 如果需要在实际混合现实应用中使用一个对象锚定方法，你会选择哪一种？ | C54: 方法A / 方法B / 无明显偏好 | D54: 强制选择；离场后由分析代码按映射解码
A55: FINAL_PREFERENCE_STRENGTH | B55: 你的选择有多明确？ | C55: 1 只有非常轻微的偏好 … 7 非常明确的偏好；选“无明显偏好”者跳过记 NA | D55: v5.1 新增；描述性
A56: FINAL_TRUST_CHOICE | B56: 如果虚拟内容标注的位置会影响你在真实世界中的实际操作（例如提示你去拿哪个物体），你更信任哪一种方法的标注？ | C56: 方法A / 方法B / 无明显偏好 | D56: 与偏好选择独立作答；不一致本身是结果
A57: FINAL_DISCRIMINATION_CONFIDENCE | B57: 你有多大信心认为自己能够感受到两种方法之间的差异？ | C57: 1 完全没有信心 … 7 非常有信心 | D57: v5.1 新增；解释“无明显偏好”成因，兼作需求特征审计
A58: OPEN_DIFFERENCE | B58: 你认为两种锚定方法之间最明显的区别是什么？ | C58: 开放文本 | D58: 主题分析
A59: OPEN_DISTRUST | B59: 在使用附着于真实物体的虚拟内容时，什么现象最容易使你不再信任这个锚点？ | C59: 开放文本 | D59: 信息量最高的问题
A60: END_DISCOMFORT | B60: 与实验开始前相比，你目前是否感到额外的不适？ | C60: 无 / 轻微 / 中等 / 明显 / 因不适中止 | D60: 仅安全监测与退出审计，不作因变量
A62: E. 量尺锚点定义
A63: agreement_7 | B63: 七点同意度：1 完全不同意 … 7 完全同意 | C63: 区块级全部条目
A64: agreement_5 | B64: 五点同意度：1 Strongly disagree / 2 Rather disagree / 3 Neither / 4 Rather agree / 5 Strongly agree；允许无法回答（记缺失） | C64: TiA 10 项
A65: intensity_7 | B65: 七点程度尺：1 Not at all（完全没有）… 7 Extremely（非常强烈） | C65: S-TIAS 3 项
A66: choice_3 | B66: 方法A / 方法B / 无明显偏好 | C66: 两项强制选择
A67: strength_7 | B67: 1 只有非常轻微的偏好 … 7 非常明确的偏好（未选方法者 NA） | C67: 偏好强度
A68: confidence_7 | B68: 1 完全没有信心 … 7 非常有信心 | C68: 区分信心
A69: discomfort_5 | B69: 无 / 轻微 / 中等 / 明显 / 因不适中止 | C69: 安全检查

Sheet Participants
A1: 【SYNTHETIC / 模拟数据】参与者信息与 24 平衡单元（不得作为真实人类受试数据报告）
A2: Participant_ID | B2: 平衡单元 | C2: 物体排列ID | D2: 标签序列 | E2: 物体1 | F2: 物体2 | G2: 物体3 | H2: 区块内标签顺序 | I2: 方法A=（保密） | J2: 方法B=（保密） | K2: 先行实际方法 | L2: B1_年龄 | M2: B2_性别 | N2: B3_主手 | O2: B4_视力 | P2: B5_VR/MR经验 | Q2: B6_实物MR经验 | R2: 签署同意 | S2: 基线不适 | T2: 开始时间 | U2: 结束时间 | V2: 纳入分析 | W2: 退出/技术问题 | X2: 备注
A3: P001 | B3: O1-S1-EA | C3: 1 | D3: S1 | E3: 鼠标 | F3: 固定订书机 | G3: 游戏手柄 | H3: A-B / B-A / A-B | I3: EgoAnchor | J3: One-Euro | K3: EgoAnchor | L3: 29 | M3: 男 | N3: 右手 | O3: 正常 | P3: 6–20 次 | Q3: 1–2 次 | R3: 是 | S3: 无 | T3: 46237.379 | U3: 46237.423 | V3: 是 | W3: 无 | X3: 模拟画像：响应敏感型；独立随机种子=570334。
A4: P002 | B4: O1-S2-EA | C4: 1 | D4: S2 | E4: 鼠标 | F4: 固定订书机 | G4: 游戏手柄 | H4: B-A / A-B / B-A | I4: EgoAnchor | J4: One-Euro | K4: One-Euro | L4: 33 | M4: 男 | N4: 右手 | O4: 正常 | P4: 1–5 次 | Q4: 数次 | R4: 是 | S4: 无 | T4: 46237.444 | U4: 46237.487 | V4: 是 | W4: 无 | X4: 模拟画像：稳定敏感型；独立随机种子=580341。
A5: P003 | B5: O1-S2-OE | C5: 1 | D5: S2 | E5: 鼠标 | F5: 固定订书机 | G5: 游戏手柄 | H5: B-A / A-B / B-A | I5: One-Euro | J5: EgoAnchor | K5: EgoAnchor | L5: 25 | M5: 男 | N5: 右手 | O5: 矫正后正常 | P5: 6–20 次 | Q5: 经常 | R5: 是 | S5: 无 | T5: 46237.565 | U5: 46237.603 | V5: 是 | W5: 无 | X5: 模拟画像：平衡权衡型；独立随机种子=590348。
A6: P004 | B6: O1-S1-OE | C6: 1 | D6: S1 | E6: 鼠标 | F6: 固定订书机 | G6: 游戏手柄 | H6: A-B / B-A / A-B | I6: One-Euro | J6: EgoAnchor | K6: One-Euro | L6: 25 | M6: 女 | N6: 右手 | O6: 正常 | P6: 1–5 次 | Q6: 1–2 次 | R6: 是 | S6: 轻微 | T6: 46237.641 | U6: 46237.684 | V6: 是 | W6: 无 | X6: 模拟画像：响应敏感型；独立随机种子=600355。
A7: P005 | B7: O2-S1-EA | C7: 2 | D7: S1 | E7: 鼠标 | F7: 游戏手柄 | G7: 固定订书机 | H7: A-B / B-A / A-B | I7: EgoAnchor | J7: One-Euro | K7: EgoAnchor | L7: 23 | M7: 女 | N7: 右手 | O7: 正常 | P7: 1–5 次 | Q7: 从未 | R7: 是 | S7: 无 | T7: 46238.379 | U7: 46238.417 | V7: 是 | W7: 无 | X7: 模拟画像：平衡权衡型；独立随机种子=610362。
A8: P006 | B8: O2-S2-EA | C8: 2 | D8: S2 | E8: 鼠标 | F8: 游戏手柄 | G8: 固定订书机 | H8: B-A / A-B / B-A | I8: EgoAnchor | J8: One-Euro | K8: One-Euro | L8: 27 | M8: 女 | N8: 右手 | O8: 矫正后正常 | P8: 6–20 次 | Q8: 从未 | R8: 是 | S8: 无 | T8: 46238.446 | U8: 46238.491 | V8: 是 | W8: 无 | X8: 模拟画像：平衡权衡型；独立随机种子=620369。
A9: P007 | B9: O2-S2-OE | C9: 2 | D9: S2 | E9: 鼠标 | F9: 游戏手柄 | G9: 固定订书机 | H9: B-A / A-B / B-A | I9: One-Euro | J9: EgoAnchor | K9: EgoAnchor | L9: 24 | M9: 男 | N9: 左手 | O9: 矫正后正常 | P9: 经常使用 | Q9: 数次 | R9: 是 | S9: 无 | T9: 46238.562 | U9: 46238.61 | V9: 是 | W9: 无 | X9: 模拟画像：稳定敏感型；独立随机种子=630376。
A10: P008 | B10: O2-S1-OE | C10: 2 | D10: S1 | E10: 鼠标 | F10: 游戏手柄 | G10: 固定订书机 | H10: A-B / B-A / A-B | I10: One-Euro | J10: EgoAnchor | K10: One-Euro | L10: 32 | M10: 女 | N10: 右手 | O10: 正常 | P10: 6–20 次 | Q10: 经常 | R10: 是 | S10: 轻微 | T10: 46238.633 | U10: 46238.67 | V10: 是 | W10: 无 | X10: 模拟画像：低区分/谨慎型；独立随机种子=640383。
A11: P009 | B11: O3-S1-EA | C11: 3 | D11: S1 | E11: 固定订书机 | F11: 鼠标 | G11: 游戏手柄 | H11: A-B / B-A / A-B | I11: EgoAnchor | J11: One-Euro | K11: EgoAnchor | L11: 27 | M11: 男 | N11: 右手 | O11: 矫正后正常 | P11: 6–20 次 | Q11: 1–2 次 | R11: 是 | S11: 无 | T11: 46239.375 | U11: 46239.414 | V11: 是 | W11: 无 | X11: 模拟画像：响应敏感型；独立随机种子=650390。
A12: P010 | B12: O3-S2-EA | C12: 3 | D12: S2 | E12: 固定订书机 | F12: 鼠标 | G12: 游戏手柄 | H12: B-A / A-B / B-A | I12: EgoAnchor | J12: One-Euro | K12: One-Euro | L12: 33 | M12: 女 | N12: 右手 | O12: 矫正后正常 | P12: 经常使用 | Q12: 1–2 次 | R12: 是 | S12: 无 | T12: 46239.447 | U12: 46239.486 | V12: 是 | W12: 无 | X12: 模拟画像：平衡权衡型；独立随机种子=660397。
A13: P011 | B13: O3-S2-OE | C13: 3 | D13: S2 | E13: 固定订书机 | F13: 鼠标 | G13: 游戏手柄 | H13: B-A / A-B / B-A | I13: One-Euro | J13: EgoAnchor | K13: EgoAnchor | L13: 28 | M13: 女 | N13: 左手 | O13: 正常 | P13: 经常使用 | Q13: 从未 | R13: 是 | S13: 无 | T13: 46239.565 | U13: 46239.605 | V13: 是 | W13: 无 | X13: 模拟画像：稳定敏感型；独立随机种子=670404。
A14: P012 | B14: O3-S1-OE | C14: 3 | D14: S1 | E14: 固定订书机 | F14: 鼠标 | G14: 游戏手柄 | H14: A-B / B-A / A-B | I14: One-Euro | J14: EgoAnchor | K14: One-Euro | L14: 30 | M14: 男 | N14: 右手 | O14: 正常 | P14: 经常使用 | Q14: 1–2 次 | R14: 是 | S14: 无 | T14: 46239.64 | U14: 46239.685 | V14: 是 | W14: 无 | X14: 模拟画像：稳定敏感型；独立随机种子=680411。
... A26: P024 | B26: O6-S1-OE | C26: 6 | D26: S1 | E26: 游戏手柄 | F26: 固定订书机 | G26: 鼠标 | H26: A-B / B-A / A-B | I26: One-Euro | J26: EgoAnchor | K26: One-Euro | L26: 30 | M26: 男 | N26: 左手 | O26: 矫正后正常 | P26: 超过 20 次 | Q26: 数次 | R26: 是 | S26: 无 | T26: 46242.636 | U26: 46242.68 | V26: 是 | W26: 无 | X26: 模拟画像：稳定敏感型；独立随机种子=800495。

Sheet Records
A1: 【SYNTHETIC / 模拟数据】实验记录：24 个独立模拟参与者；Q10 默认停用；原始分保留，分量表由 Formula_Scores 公式计算。
A3: A. 区块记录（每行 = 一个方法×物体区块：进度 + 13+1 项评分 + 问卷时长 + 运行时审计）
A4: Participant_ID | B4: Block_Index | C4: 平衡单元 | D4: 物体位置 | E4: 物体 | F4: Object_Key | G4: Shown_Label | H4: Condition(保密) | I4: 物体内先后 | J4: 该方法第几次 | K4: Q1 | L4: Q2 | M4: Q9 | N4: Q10_OPT | O4: AQ_IQ2 | P4: AQ_IQ3 | Q4: Q3 | R4: Q8 | S4: AQ_EQ1 | T4: AQ_EQ2 | U4: AQ_EQ3 | V4: AQ_IQ1 | W4: Q6 | X4: Q7 | Y4: 问卷开始 | Z4: 问卷结束 | AA4: 问卷时长_s | AB4: 任务完成 | AC4: 问卷完成 | AD4: 区块有效 | AE4: 技术问题 | AF4: Candidate_Rate_Hz | AG4: VCD_Median | AH4: VCD_Admission_Rate | AI4: Output_Availability | AJ4: 遮挡时长_s | AK4: 遮挡生命周期状态 | AL4: 进入Lost | AM4: 服务器重获取次数 | AN4: StaticLock进入次数 | AO4: 备注
A5: P001 | B5: 1 | C5: O1-S1-EA | D5: 1 | E5: 鼠标 | F5: blue_mouse | G5: 方法A | H5: EgoAnchor | I5: 1 | J5: 1 | K5: 5 | L5: 5 | M5: 5 | O5: 4 | P5: 5 | Q5: 5 | R5: 5 | S5: 5 | T5: 5 | U5: 5 | V5: 5 | W5: 4 | X5: 5 | Y5: 46237.386 | Z5: 46237.387 | AA5: 90.8 | AB5: 是 | AC5: 是 | AD5: 是 | AE5: 无 | AF5: 13.08 | AG5: 0.859 | AH5: 0.871 | AI5: 0.985 | AJ5: 0.718 | AK5: FrozenUncertain | AL5: 否 | AM5: 0 | AN5: 4
A6: P001 | B6: 2 | C6: O1-S1-EA | D6: 1 | E6: 鼠标 | F6: blue_mouse | G6: 方法B | H6: One-Euro | I6: 2 | J6: 1 | K6: 3 | L6: 6 | M6: 4 | O6: 6 | P6: 5 | Q6: 4 | R6: 5 | S6: 5 | T6: 4 | U6: 5 | V6: 5 | W6: 3 | X6: 4 | Y6: 46237.388 | Z6: 46237.389 | AA6: 87.9 | AB6: 是 | AC6: 是 | AD6: 是 | AE6: 无 | AF6: 12.76 | AG6: 0.698 | AH6: 0.843 | AI6: 0.99 | AJ6: 0.787 | AK6: FrozenUncertain | AL6: 否 | AM6: 1 | AN6: 0 | AO6: 遮挡恢复后出现一次小跳变
A7: P001 | B7: 3 | C7: O1-S1-EA | D7: 2 | E7: 固定订书机 | F7: stapler | G7: 方法B | H7: One-Euro | I7: 1 | J7: 2 | K7: 4 | L7: 4 | M7: 3 | O7: 5 | P7: 5 | Q7: 3 | R7: 6 | S7: 5 | T7: 5 | U7: 6 | V7: 4 | W7: 5 | X7: 5 | Y7: 46237.391 | Z7: 46237.391 | AA7: 77 | AB7: 是 | AC7: 是 | AD7: 是 | AE7: 无 | AF7: 11.85 | AG7: 0.797 | AH7: 0.891 | AI7: 0.992 | AJ7: 0.757 | AK7: FrozenUncertain | AL7: 否 | AM7: 1 | AN7: 0 | AO7: 静止阶段可见轻微抖动
A8: P001 | B8: 4 | C8: O1-S1-EA | D8: 2 | E8: 固定订书机 | F8: stapler | G8: 方法A | H8: EgoAnchor | I8: 2 | J8: 2 | K8: 5 | L8: 6 | M8: 5 | O8: 5 | P8: 5 | Q8: 6 | R8: 6 | S8: 7 | T8: 5 | U8: 4 | V8: 5 | W8: 6 | X8: 4 | Y8: 46237.392 | Z8: 46237.393 | AA8: 85.6 | AB8: 是 | AC8: 是 | AD8: 是 | AE8: 无 | AF8: 12.22 | AG8: 0.809 | AH8: 0.941 | AI8: 0.985 | AJ8: 0.698 | AK8: FrozenUncertain | AL8: 否 | AM8: 1 | AN8: 3
A9: P001 | B9: 5 | C9: O1-S1-EA | D9: 3 | E9: 游戏手柄 | F9: gamepad | G9: 方法A | H9: EgoAnchor | I9: 1 | J9: 3 | K9: 5 | L9: 5 | M9: 4 | O9: 4 | P9: 5 | Q9: 5 | R9: 5 | S9: 4 | T9: 4 | U9: 5 | V9: 6 | W9: 5 | X9: 5 | Y9: 46237.394 | Z9: 46237.396 | AA9: 109.9 | AB9: 是 | AC9: 是 | AD9: 是 | AE9: 无 | AF9: 13.08 | AG9: 0.786 | AH9: 0.861 | AI9: 0.985 | AJ9: 0.786 | AK9: FrozenUncertain | AL9: 否 | AM9: 1 | AN9: 4
A10: P001 | B10: 6 | C10: O1-S1-EA | D10: 3 | E10: 游戏手柄 | F10: gamepad | G10: 方法B | H10: One-Euro | I10: 2 | J10: 3 | K10: 3 | L10: 5 | M10: 6 | O10: 5 | P10: 4 | Q10: 4 | R10: 5 | S10: 4 | T10: 4 | U10: 4 | V10: 5 | W10: 4 | X10: 4 | Y10: 46237.397 | Z10: 46237.398 | AA10: 109.6 | AB10: 是 | AC10: 是 | AD10: 是 | AE10: 短暂帧率波动 | AF10: 13.15 | AG10: 0.798 | AH10: 0.904 | AI10: 0.972 | AJ10: 0.772 | AK10: FrozenUncertain | AL10: 否 | AM10: 1 | AN10: 0 | AO10: 短暂画面卡顿，自动恢复；任务与问卷均完成。
A11: P002 | B11: 1 | C11: O1-S2-EA | D11: 1 | E11: 鼠标 | F11: blue_mouse | G11: 方法B | H11: One-Euro | I11: 1 | J11: 1 | K11: 5 | L11: 7 | M11: 4 | O11: 5 | P11: 6 | Q11: 6 | R11: 5 | S11: 5 | T11: 6 | U11: 5 | V11: 6 | W11: 4 | X11: 6 | Y11: 46237.452 | Z11: 46237.453 | AA11: 106.2 | AB11: 是 | AC11: 是 | AD11: 是 | AE11: 无 | AF11: 12.33 | AG11: 0.74 | AH11: 0.843 | AI11: 0.999 | AJ11: 0.802 | AK11: FrozenUncertain | AL11: 否 | AM11: 1 | AN11: 0
A12: P002 | B12: 2 | C12: O1-S2-EA | D12: 1 | E12: 鼠标 | F12: blue_mouse | G12: 方法A | H12: EgoAnchor | I12: 2 | J12: 1 | K12: 5 | L12: 7 | M12: 6 | O12: 5 | P12: 4 | Q12: 6 | R12: 5 | S12: 6 | T12: 5 | U12: 7 | V12: 5 | W12: 7 | X12: 6 | Y12: 46237.454 | Z12: 46237.456 | AA12: 122.1 | AB12: 是 | AC12: 是 | AD12: 是 | AE12: 无 | AF12: 11.73 | AG12: 0.771 | AH12: 0.846 | AI12: 0.986 | AJ12: 0.7 | AK12: FrozenUncertain | AL12: 否 | AM12: 1 | AN12: 3
A13: P002 | B13: 3 | C13: O1-S2-EA | D13: 2 | E13: 固定订书机 | F13: stapler | G13: 方法A | H13: EgoAnchor | I13: 1 | J13: 2 | K13: 5 | L13: 5 | M13: 6 | O13: 5 | P13: 7 | Q13: 7 | R13: 6 | S13: 6 | T13: 5 | U13: 5 | V13: 7 | W13: 7 | X13: 6 | Y13: 46237.456 | Z13: 46237.458 | AA13: 91.2 | AB13: 是 | AC13: 是 | AD13: 是 | AE13: 无 | AF13: 12.81 | AG13: 0.804 | AH13: 0.885 | AI13: 0.995 | AJ13: 0.762 | AK13: FrozenUncertain | AL13: 否 | AM13: 1 | AN13: 2
A14: P002 | B14: 4 | C14: O1-S2-EA | D14: 2 | E14: 固定订书机 | F14: stapler | G14: 方法B | H14: One-Euro | I14: 2 | J14: 2 | K14: 5 | L14: 7 | M14: 5 | O14: 7 | P14: 6 | Q14: 3 | R14: 5 | S14: 5 | T14: 5 | U14: 6 | V14: 6 | W14: 5 | X14: 5 | Y14: 46237.458 | Z14: 46237.459 | AA14: 74.5 | AB14: 是 | AC14: 是 | AD14: 是 | AE14: 无 | AF14: 12.61 | AG14: 0.794 | AH14: 0.918 | AI14: 0.994 | AJ14: 0.785 | AK14: FrozenUncertain | AL14: 否 | AM14: 1 | AN14: 0
A15: P002 | B15: 5 | C15: O1-S2-EA | D15: 3 | E15: 游戏手柄 | F15: gamepad | G15: 方法B | H15: One-Euro | I15: 1 | J15: 3 | K15: 4 | L15: 5 | M15: 4 | O15: 6 | P15: 4 | Q15: 5 | R15: 4 | S15: 5 | T15: 4 | U15: 6 | V15: 5 | W15: 6 | X15: 3 | Y15: 46237.46 | Z15: 46237.461 | AA15: 93.9 | AB15: 是 | AC15: 是 | AD15: 是 | AE15: 无 | AF15: 12.61 | AG15: 0.729 | AH15: 0.852 | AI15: 0.988 | AJ15: 0.774 | AK15: FrozenUncertain | AL15: 否 | AM15: 1 | AN15: 0 | AO15: 静止阶段可见轻微抖动
A16: P002 | B16: 6 | C16: O1-S2-EA | D16: 3 | E16: 游戏手柄 | F16: gamepad | G16: 方法A | H16: EgoAnchor | I16: 2 | J16: 3 | K16: 6 | L16: 3 | M16: 6 | O16: 5 | P16: 6 | Q16: 6 | R16: 7 | S16: 6 | T16: 5 | U16: 6 | V16: 6 | W16: 6 | X16: 4 | Y16: 46237.462 | Z16: 46237.464 | AA16: 96.3 | AB16: 是 | AC16: 是 | AD16: 是 | AE16: 无 | AF16: 13.25 | AG16: 0.762 | AH16: 0.89 | AI16: 0.985 | AJ16: 0.758 | AK16: FrozenUncertain | AL16: 否 | AM16: 1 | AN16: 2
A17: P003 | B17: 1 | C17: O1-S2-OE | D17: 1 | E17: 鼠标 | F17: blue_mouse | G17: 方法B | H17: EgoAnchor | I17: 1 | J17: 1 | K17: 5 | L17: 4 | M17: 5 | O17: 5 | P17: 5 | Q17: 6 | R17: 5 | S17: 6 | T17: 5 | U17: 6 | V17: 6 | W17: 5 | X17: 5 | Y17: 46237.574 | Z17: 46237.575 | AA17: 89 | AB17: 是 | AC17: 是 | AD17: 是 | AE17: 无 | AF17: 13.88 | AG17: 0.803 | AH17: 0.888 | AI17: 0.987 | AJ17: 0.772 | AK17: FrozenUncertain | AL17: 否 | AM17: 1 | AN17: 2
A18: P003 | B18: 2 | C18: O1-S2-OE | D18: 1 | E18: 鼠标 | F18: blue_mouse | G18: 方法A | H18: One-Euro | I18: 2 | J18: 1 | K18: 5 | L18: 5 | M18: 4 | O18: 7 | P18: 6 | Q18: 5 | R18: 5 | S18: 4 | T18: 5 | U18: 5 | V18: 5 | W18: 4 | X18: 6 | Y18: 46237.576 | Z18: 46237.578 | AA18: 106.3 | AB18: 是 | AC18: 是 | AD18: 是 | AE18: 无 | AF18: 12.83 | AG18: 0.714 | AH18: 0.902 | AI18: 0.996 | AJ18: 0.844 | AK18: FrozenUncertain | AL18: 否 | AM18: 0 | AN18: 0
A19: P003 | B19: 3 | C19: O1-S2-OE | D19: 2 | E19: 固定订书机 | F19: stapler | G19: 方法A | H19: One-Euro | I19: 1 | J19: 2 | K19: 4 | L19: 3 | M19: 4 | O19: 4 | P19: 5 | Q19: 5 | R19: 6 | S19: 5 | T19: 5 | U19: 6 | V19: 5 | W19: 5 | X19: 5 | Y19: 46237.579 | Z19: 46237.579 | AA19: 68.4 | AB19: 是 | AC19: 是 | AD19: 是 | AE19: 无 | AF19: 12.85 | AG19: 0.869 | AH19: 0.92 | AI19: 0.999 | AJ19: 0.732 | AK19: FrozenUncertain | AL19: 否 | AM19: 0 | AN19: 0
A20: P003 | B20: 4 | C20: O1-S2-OE | D20: 2 | E20: 固定订书机 | F20: stapler | G20: 方法B | H20: EgoAnchor | I20: 2 | J20: 2 | K20: 6 | L20: 5 | M20: 5 | O20: 6 | P20: 7 | Q20: 5 | R20: 5 | S20: 4 | T20: 6 | U20: 6 | V20: 6 | W20: 5 | X20: 5 | Y20: 46237.58 | Z20: 46237.581 | AA20: 86.2 | AB20: 是 | AC20: 是 | AD20: 是 | AE20: 无 | AF20: 13.18 | AG20: 0.837 | AH20: 0.878 | AI20: 0.993 | AJ20: 0.766 | AK20: FrozenUncertain | AL20: 否 | AM20: 1 | AN20: 4
A21: P003 | B21: 5 | C21: O1-S2-OE | D21: 3 | E21: 游戏手柄 | F21: gamepad | G21: 方法B | H21: EgoAnchor | I21: 1 | J21: 3 | K21: 6 | L21: 5 | M21: 6 | O21: 5 | P21: 6 | Q21: 6 | R21: 5 | S21: 6 | T21: 6 | U21: 6 | V21: 6 | W21: 6 | X21: 5 | Y21: 46237.582 | Z21: 46237.583 | AA21: 110.5 | AB21: 是 | AC21: 是 | AD21: 是 | AE21: 无 | AF21: 12.53 | AG21: 0.823 | AH21: 0.867 | AI21: 0.995 | AJ21: 0.795 | AK21: FrozenUncertain | AL21: 否 | AM21: 0 | AN21: 2
A22: P003 | B22: 6 | C22: O1-S2-OE | D22: 3 | E22: 游戏手柄 | F22: gamepad | G22: 方法A | H22: One-Euro | I22: 2 | J22: 3 | K22: 5 | L22: 7 | M22: 5 | O22: 6 | P22: 5 | Q22: 4 | R22: 4 | S22: 5 | T22: 4 | U22: 6 | V22: 5 | W22: 4 | X22: 4 | Y22: 46237.584 | Z22: 46237.585 | AA22: 91.7 | AB22: 是 | AC22: 是 | AD22: 是 | AE22: 无 | AF22: 12.3 | AG22: 0.753 | AH22: 0.906 | AI22: 0.993 | AJ22: 0.692 | AK22: FrozenUncertain | AL22: 否 | AM22: 1 | AN22: 0 | AO22: 遮挡恢复后出现一次小跳变
A23: P004 | B23: 1 | C23: O1-S1-OE | D23: 1 | E23: 鼠标 | F23: blue_mouse | G23: 方法A | H23: One-Euro | I23: 1 | J23: 1 | K23: 5 | L23: 4 | M23: 3 | O23: 6 | P23: 3 | Q23: 5 | R23: 5 | S23: 4 | T23: 4 | U23: 5 | V23: 4 | W23: 5 | X23: 4 | Y23: 46237.648 | Z23: 46237.65 | AA23: 126.5 | AB23: 是 | AC23: 是 | AD23: 是 | AE23: 无 | AF23: 12.42 | AG23: 0.722 | AH23: 0.849 | AI23: 1 | AJ23: 0.742 | AK23: FrozenUncertain | AL23: 否 | AM23: 0 | AN23: 0
A24: P004 | B24: 2 | C24: O1-S1-OE | D24: 1 | E24: 鼠标 | F24: blue_mouse | G24: 方法B | H24: EgoAnchor | I24: 2 | J24: 1 | K24: 4 | L24: 5 | M24: 4 | O24: 4 | P24: 5 | Q24: 3 | R24: 5 | S24: 4 | T24: 4 | U24: 6 | V24: 5 | W24: 5 | X24: 5 | Y24: 46237.651 | Z24: 46237.652 | AA24: 105.9 | AB24: 是 | AC24: 是 | AD24: 是 | AE24: 无 | AF24: 13.77 | AG24: 0.765 | AH24: 0.87 | AI24: 0.993 | AJ24: 0.737 | AK24: FrozenUncertain | AL24: 否 | AM24: 1 | AN24: 3
A25: P004 | B25: 3 | C25: O1-S1-OE | D25: 2 | E25: 固定订书机 | F25: stapler | G25: 方法B | H25: EgoAnchor | I25: 1 | J25: 2 | K25: 4 | L25: 4 | M25: 4 | O25: 5 | P25: 5 | Q25: 3 | R25: 6 | S25: 4 | T25: 5 | U25: 4 | V25: 6 | W25: 5 | X25: 4 | Y25: 46237.653 | Z25: 46237.654 | AA25: 98.8 | AB25: 是 | AC25: 是 | AD25: 是 | AE25: 无 | AF25: 12.87 | AG25: 0.796 | AH25: 0.894 | AI25: 0.989 | AJ25: 0.751 | AK25: FrozenUncertain | AL25: 否 | AM25: 2 | AN25: 2 | AO25: 遮挡恢复后出现一次小跳变
A26: P004 | B26: 4 | C26: O1-S1-OE | D26: 2 | E26: 固定订书机 | F26: stapler | G26: 方法A | H26: One-Euro | I26: 2 | J26: 2 | K26: 6 | L26: 4 | M26: 5 | O26: 5 | P26: 4 | Q26: 5 | R26: 4 | S26: 4 | T26: 4 | U26: 5 | V26: 5 | W26: 3 | X26: 3 | Y26: 46237.655 | Z26: 46237.656 | AA26: 110.2 | AB26: 是 | AC26: 是 | AD26: 是 | AE26: 无 | AF26: 12.51 | AG26: 0.865 | AH26: 0.922 | AI26: 0.987 | AJ26: 0.689 | AK26: FrozenUncertain | AL26: 否 | AM26: 1 | AN26: 0
A27: P004 | B27: 5 | C27: O1-S1-OE | D27: 3 | E27: 游戏手柄 | F27: gamepad | G27: 方法A | H27: One-Euro | I27: 1 | J27: 3 | K27: 5 | L27: 4 | M27: 4 | O27: 4 | P27: 5 | Q27: 4 | R27: 5 | S27: 4 | T27: 4 | U27: 4 | V27: 4 | W27: 5 | X27: 4 | Y27: 46237.657 | Z27: 46237.658 | AA27: 103.5 | AB27: 是 | AC27: 是 | AD27: 是 | AE27: 无 | AF27: 13.13 | AG27: 0.779 | AH27: 0.894 | AI27: 0.99 | AJ27: 0.749 | AK27: FrozenUncertain | AL27: 否 | AM27: 1 | AN27: 0
A28: P004 | B28: 6 | C28: O1-S1-OE | D28: 3 | E28: 游戏手柄 | F28: gamepad | G28: 方法B | H28: EgoAnchor | I28: 2 | J28: 3 | K28: 5 | L28: 4 | M28: 6 | O28: 3 | P28: 5 | Q28: 2 | R28: 5 | S28: 4 | T28: 5 | U28: 6 | V28: 3 | W28: 2 | X28: 5 | Y28: 46237.659 | Z28: 46237.661 | AA28: 117.5 | AB28: 是 | AC28: 是 | AD28: 是 | AE28: 无 | AF28: 13.01 | AG28: 0.793 | AH28: 0.852 | AI28: 0.991 | AJ28: 0.742 | AK28: FrozenUncertain | AL28: 否 | AM28: 1 | AN28: 2 | AO28: 拿起时感觉略有滞后
A29: P005 | B29: 1 | C29: O2-S1-EA | D29: 1 | E29: 鼠标 | F29: blue_mouse | G29: 方法A | H29: EgoAnchor | I29: 1 | J29: 1 | K29: 7 | L29: 5 | M29: 4 | O29: 5 | P29: 5 | Q29: 6 | R29: 5 | S29: 6 | T29: 5 | U29: 4 | V29: 5 | W29: 5 | X29: 6 | Y29: 46238.386 | Z29: 46238.388 | AA29: 115.7 | AB29: 是 | AC29: 是 | AD29: 是 | AE29: 无 | AF29: 12.67 | AG29: 0.762 | AH29: 0.826 | AI29: 0.994 | AJ29: 0.767 | AK29: FrozenUncertain | AL29: 否 | AM29: 1 | AN29: 4
A30: P005 | B30: 2 | C30: O2-S1-EA | D30: 1 | E30: 鼠标 | F30: blue_mouse | G30: 方法B | H30: One-Euro | I30: 2 | J30: 1 | K30: 4 | L30: 5 | M30: 5 | O30: 4 | P30: 6 | Q30: 3 | R30: 5 | S30: 4 | T30: 4 | U30: 6 | V30: 5 | W30: 4 | X30: 5 | Y30: 46238.389 | Z30: 46238.39 | AA30: 97.2 | AB30: 是 | AC30: 是 | AD30: 是 | AE30: 短暂帧率波动 | AF30: 13.83 | AG30: 0.728 | AH30: 0.897 | AI30: 0.973 | AJ30: 0.81 | AK30: FrozenUncertain | AL30: 否 | AM30: 1 | AN30: 0 | AO30: 短暂画面卡顿，自动恢复；任务与问卷均完成。
A31: P005 | B31: 3 | C31: O2-S1-EA | D31: 2 | E31: 游戏手柄 | F31: gamepad | G31: 方法B | H31: One-Euro | I31: 1 | J31: 2 | K31: 5 | L31: 5 | M31: 4 | O31: 5 | P31: 5 | Q31: 4 | R31: 4 | S31: 5 | T31: 5 | U31: 6 | V31: 6 | W31: 5 | X31: 5 | Y31: 46238.391 | Z31: 46238.392 | AA31: 100.6 | AB31: 是 | AC31: 是 | AD31: 是 | AE31: 无 | AF31: 12.23 | AG31: 0.79 | AH31: 0.897 | AI31: 0.995 | AJ31: 0.714 | AK31: FrozenUncertain | AL31: 否 | AM31: 1 | AN31: 0
A32: P005 | B32: 4 | C32: O2-S1-EA | D32: 2 | E32: 游戏手柄 | F32: gamepad | G32: 方法A | H32: EgoAnchor | I32: 2 | J32: 2 | K32: 6 | L32: 5 | M32: 6 | O32: 5 | P32: 6 | Q32: 6 | R32: 7 | S32: 5 | T32: 6 | U32: 6 | V32: 5 | W32: 4 | X32: 5 | Y32: 46238.393 | Z32: 46238.394 | AA32: 78.4 | AB32: 是 | AC32: 是 | AD32: 是 | AE32: 无 | AF32: 12.25 | AG32: 0.828 | AH32: 0.844 | AI32: 0.997 | AJ32: 0.79 | AK32: FrozenUncertain | AL32: 否 | AM32: 1 | AN32: 2
A33: P005 | B33: 5 | C33: O2-S1-EA | D33: 3 | E33: 固定订书机 | F33: stapler | G33: 方法A | H33: EgoAnchor | I33: 1 | J33: 3 | K33: 6 | L33: 6 | M33: 6 | O33: 5 | P33: 4 | Q33: 7 | R33: 7 | S33: 5 | T33: 7 | U33: 5 | V33: 6 | W33: 6 | X33: 4 | Y33: 46238.395 | Z33: 46238.396 | AA33: 86.4 | AB33: 是 | AC33: 是 | AD33: 是 | AE33: 无 | AF33: 12.75 | AG33: 0.825 | AH33: 0.92 | AI33: 0.997 | AJ33: 0.748 | AK33: FrozenUncertain | AL33: 否 | AM33: 1 | AN33: 3
A34: P005 | B34: 6 | C34: O2-S1-EA | D34: 3 | E34: 固定订书机 | F34: stapler | G34: 方法B | H34: One-Euro | I34: 2 | J34: 3 | K34: 4 | L34: 3 | M34: 5 | O34: 6 | P34: 5 | Q34: 3 | R34: 4 | S34: 5 | T34: 5 | U34: 6 | V34: 6 | W34: 5 | X34: 5 | Y34: 46238.397 | Z34: 46238.398 | AA34: 86.4 | AB34: 是 | AC34: 是 | AD34: 是 | AE34: 无 | AF34: 12.86 | AG34: 0.8 | AH34: 0.916 | AI34: 0.991 | AJ34: 0.764 | AK34: FrozenUncertain | AL34: 否 | AM34: 1 | AN34: 0
A35: P006 | B35: 1 | C35: O2-S2-EA | D35: 1 | E35: 鼠标 | F35: blue_mouse | G35: 方法B | H35: One-Euro | I35: 1 | J35: 1 | K35: 5 | L35: 4 | M35: 5 | O35: 6 | P35: 5 | Q35: 4 | R35: 5 | S35: 5 | T35: 5 | U35: 5 | V35: 6 | W35: 4 | X35: 4 | Y35: 46238.454 | Z35: 46238.456 | AA35: 97.4 | AB35: 是 | AC35: 是 | AD35: 是 | AE35: 无 | AF35: 13.05 | AG35: 0.765 | AH35: 0.86 | AI35: 0.989 | AJ35: 0.783 | AK35: FrozenUncertain | AL35: 否 | AM35: 1 | AN35: 0 | AO35: 遮挡恢复后出现一次小跳变
A36: P006 | B36: 2 | C36: O2-S2-EA | D36: 1 | E36: 鼠标 | F36: blue_mouse | G36: 方法A | H36: EgoAnchor | I36: 2 | J36: 1 | K36: 4 | L36: 5 | M36: 3 | O36: 4 | P36: 5 | Q36: 5 | R36: 5 | S36: 5 | T36: 5 | U36: 5 | V36: 5 | W36: 5 | X36: 4 | Y36: 46238.457 | Z36: 46238.458 | AA36: 105.3 | AB36: 是 | AC36: 是 | AD36: 是 | AE36: 无 | AF36: 13.26 | AG36: 0.803 | AH36: 0.882 | AI36: 0.995 | AJ36: 0.812 | AK36: FrozenUncertain | AL36: 否 | AM36: 1 | AN36: 2 | AO36: 拿起时感觉略有滞后
A37: P006 | B37: 3 | C37: O2-S2-EA | D37: 2 | E37: 游戏手柄 | F37: gamepad | G37: 方法A | H37: EgoAnchor | I37: 1 | J37: 2 | K37: 4 | L37: 5 | M37: 5 | O37: 4 | P37: 5 | Q37: 6 | R37: 5 | S37: 5 | T37: 5 | U37: 5 | V37: 4 | W37: 5 | X37: 6 | Y37: 46238.459 | Z37: 46238.46 | AA37: 97.7 | AB37: 是 | AC37: 是 | AD37: 是 | AE37: 无 | AF37: 12.72 | AG37: 0.749 | AH37: 0.863 | AI37: 0.988 | AJ37: 0.784 | AK37: FrozenUncertain | AL37: 否 | AM37: 1 | AN37: 4 | AO37: 拿起时感觉略有滞后
A38: P006 | B38: 4 | C38: O2-S2-EA | D38: 2 | E38: 游戏手柄 | F38: gamepad | G38: 方法B | H38: One-Euro | I38: 2 | J38: 2 | K38: 3 | L38: 4 | M38: 4 | O38: 4 | P38: 4 | Q38: 3 | R38: 6 | S38: 5 | T38: 5 | U38: 5 | V38: 5 | W38: 4 | X38: 5 | Y38: 46238.461 | Z38: 46238.462 | AA38: 84 | AB38: 是 | AC38: 是 | AD38: 是 | AE38: 无 | AF38: 13.36 | AG38: 0.771 | AH38: 0.861 | AI38: 0.988 | AJ38: 0.764 | AK38: FrozenUncertain | AL38: 否 | AM38: 0 | AN38: 0
A39: P006 | B39: 5 | C39: O2-S2-EA | D39: 3 | E39: 固定订书机 | F39: stapler | G39: 方法B | H39: One-Euro | I39: 1 | J39: 3 | K39: 3 | L39: 4 | M39: 5 | O39: 6 | P39: 4 | Q39: 3 | R39: 5 | S39: 4 | T39: 4 | U39: 5 | V39: 4 | W39: 5 | X39: 5 | Y39: 46238.462 | Z39: 46238.463 | AA39: 65.3 | AB39: 是 | AC39: 是 | AD39: 是 | AE39: 无 | AF39: 12.81 | AG39: 0.763 | AH39: 0.943 | AI39: 0.99 | AJ39: 0.752 | AK39: FrozenUncertain | AL39: 否 | AM39: 1 | AN39: 0
A40: P006 | B40: 6 | C40: O2-S2-EA | D40: 3 | E40: 固定订书机 | F40: stapler | G40: 方法A | H40: EgoAnchor | I40: 2 | J40: 3 | K40: 5 | L40: 4 | M40: 5 | O40: 5 | P40: 5 | Q40: 5 | R40: 6 | S40: 5 | T40: 6 | U40: 5 | V40: 5 | W40: 5 | X40: 5 | Y40: 46238.464 | Z40: 46238.466 | AA40: 115.5 | AB40: 是 | AC40: 是 | AD40: 是 | AE40: 无 | AF40: 12.41 | AG40: 0.792 | AH40: 0.896 | AI40: 0.991 | AJ40: 0.752 | AK40: FrozenUncertain | AL40: 否 | AM40: 1 | AN40: 2
A41: P007 | B41: 1 | C41: O2-S2-OE | D41: 1 | E41: 鼠标 | F41: blue_mouse | G41: 方法B | H41: EgoAnchor | I41: 1 | J41: 1 | K41: 5 | L41: 6 | M41: 5 | O41: 6 | P41: 6 | Q41: 5 | R41: 6 | S41: 5 | T41: 5 | U41: 6 | V41: 6 | W41: 3 | X41: 5 | Y41: 46238.57 | Z41: 46238.572 | AA41: 116.9 | AB41: 是 | AC41: 是 | AD41: 是 | AE41: 无 | AF41: 12.44 | AG41: 0.774 | AH41: 0.894 | AI41: 0.997 | AJ41: 0.762 | AK41: FrozenUncertain | AL41: 否 | AM41: 1 | AN41: 2
A42: P007 | B42: 2 | C42: O2-S2-OE | D42: 1 | E42: 鼠标 | F42: blue_mouse | G42: 方法A | H42: One-Euro | I42: 2 | J42: 1 | K42: 5 | L42: 5 | M42: 5 | O42: 4 | P42: 5 | Q42: 4 | R42: 4 | S42: 5 | T42: 5 | U42: 7 | V42: 6 | W42: 4 | X42: 5 | Y42: 46238.573 | Z42: 46238.574 | AA42: 89 | AB42: 是 | AC42: 是 | AD42: 是 | AE42: 无 | AF42: 13.37 | AG42: 0.808 | AH42: 0.886 | AI42: 0.986 | AJ42: 0.795 | AK42: FrozenUncertain | AL42: 否 | AM42: 1 | AN42: 0 | AO42: 遮挡恢复后出现一次小跳变
A43: P007 | B43: 3 | C43: O2-S2-OE | D43: 2 | E43: 游戏手柄 | F43: gamepad | G43: 方法A | H43: One-Euro | I43: 1 | J43: 2 | K43: 5 | L43: 5 | M43: 6 | O43: 6 | P43: 5 | Q43: 4 | R43: 4 | S43: 4 | T43: 4 | U43: 5 | V43: 6 | W43: 3 | X43: 4 | Y43: 46238.574 | Z43: 46238.575 | AA43: 79.8 | AB43: 是 | AC43: 是 | AD43: 是 | AE43: 无 | AF43: 12.63 | AG43: 0.812 | AH43: 0.859 | AI43: 0.99 | AJ43: 0.765 | AK43: FrozenUncertain | AL43: 否 | AM43: 2 | AN43: 0
A44: P007 | B44: 4 | C44: O2-S2-OE | D44: 2 | E44: 游戏手柄 | F44: gamepad | G44: 方法B | H44: EgoAnchor | I44: 2 | J44: 2 | K44: 5 | L44: 5 | M44: 5 | O44: 6 | P44: 5 | Q44: 5 | R44: 4 | S44: 5 | T44: 5 | U44: 5 | V44: 5 | W44: 5 | X44: 5 | Y44: 46238.576 | Z44: 46238.577 | AA44: 83.1 | AB44: 是 | AC44: 是 | AD44: 是 | AE44: 无 | AF44: 13.13 | AG44: 0.755 | AH44: 0.868 | AI44: 0.987 | AJ44: 0.791 | AK44: FrozenUncertain | AL44: 否 | AM44: 0 | AN44: 2
A45: P007 | B45: 5 | C45: O2-S2-OE | D45: 3 | E45: 固定订书机 | F45: stapler | G45: 方法B | H45: EgoAnchor | I45: 1 | J45: 3 | K45: 5 | L45: 5 | M45: 6 | O45: 5 | P45: 5 | Q45: 7 | R45: 5 | S45: 6 | T45: 5 | U45: 5 | V45: 5 | W45: 6 | X45: 6 | Y45: 46238.578 | Z45: 46238.579 | AA45: 98.5 | AB45: 是 | AC45: 是 | AD45: 是 | AE45: 无 | AF45: 13 | AG45: 0.823 | AH45: 0.933 | AI45: 0.989 | AJ45: 0.731 | AK45: FrozenUncertain | AL45: 否 | AM45: 1 | AN45: 3
A46: P007 | B46: 6 | C46: O2-S2-OE | D46: 3 | E46: 固定订书机 | F46: stapler | G46: 方法A | H46: One-Euro | I46: 2 | J46: 3 | K46: 3 | L46: 5 | M46: 5 | O46: 6 | P46: 4 | Q46: 5 | R46: 4 | S46: 5 | T46: 5 | U46: 6 | V46: 5 | W46: 4 | X46: 5 | Y46: 46238.58 | Z46: 46238.582 | AA46: 130.8 | AB46: 是 | AC46: 是 | AD46: 是 | AE46: 无 | AF46: 13.06 | AG46: 0.846 | AH46: 0.918 | AI46: 0.988 | AJ46: 0.763 | AK46: FrozenUncertain | AL46: 否 | AM46: 1 | AN46: 0
A47: P008 | B47: 1 | C47: O2-S1-OE | D47: 1 | E47: 鼠标 | F47: blue_mouse | G47: 方法A | H47: One-Euro | I47: 1 | J47: 1 | K47: 4 | L47: 4 | M47: 5 | O47: 6 | P47: 4 | Q47: 5 | R47: 5 | S47: 6 | T47: 3 | U47: 5 | V47: 5 | W47: 5 | X47: 6 | Y47: 46238.64 | Z47: 46238.642 | AA47: 122.4 | AB47: 是 | AC47: 是 | AD47: 是 | AE47: 无 | AF47: 12.27 | AG47: 0.75 | AH47: 0.862 | AI47: 0.994 | AJ47: 0.803 | AK47: FrozenUncertain | AL47: 否 | AM47: 1 | AN47: 0
A48: P008 | B48: 2 | C48: O2-S1-OE | D48: 1 | E48: 鼠标 | F48: blue_mouse | G48: 方法B | H48: EgoAnchor | I48: 2 | J48: 1 | K48: 5 | L48: 6 | M48: 5 | O48: 4 | P48: 5 | Q48: 4 | R48: 6 | S48: 4 | T48: 4 | U48: 5 | V48: 5 | W48: 4 | X48: 4 | Y48: 46238.642 | Z48: 46238.643 | AA48: 79.3 | AB48: 是 | AC48: 是 | AD48: 是 | AE48: 无 | AF48: 12.15 | AG48: 0.741 | AH48: 0.848 | AI48: 0.991 | AJ48: 0.762 | AK48: FrozenUncertain | AL48: 否 | AM48: 1 | AN48: 4 | AO48: 拿起时感觉略有滞后
A49: P008 | B49: 3 | C49: O2-S1-OE | D49: 2 | E49: 游戏手柄 | F49: gamepad | G49: 方法B | H49: EgoAnchor | I49: 1 | J49: 2 | K49: 4 | L49: 5 | M49: 6 | O49: 4 | P49: 4 | Q49: 3 | R49: 5 | S49: 4 | T49: 4 | U49: 4 | V49: 5 | W49: 3 | X49: 5 | Y49: 46238.644 | Z49: 46238.645 | AA49: 90.6 | AB49: 是 | AC49: 是 | AD49: 是 | AE49: 无 | AF49: 12.26 | AG49: 0.8 | AH49: 0.871 | AI49: 0.991 | AJ49: 0.742 | AK49: FrozenUncertain | AL49: 否 | AM49: 0 | AN49: 4 | AO49: 拿起时感觉略有滞后
A50: P008 | B50: 4 | C50: O2-S1-OE | D50: 2 | E50: 游戏手柄 | F50: gamepad | G50: 方法A | H50: One-Euro | I50: 2 | J50: 2 | K50: 5 | L50: 4 | M50: 5 | O50: 4 | P50: 5 | Q50: 4 | R50: 5 | S50: 5 | T50: 4 | U50: 6 | V50: 4 | W50: 4 | X50: 4 | Y50: 46238.646 | Z50: 46238.648 | AA50: 96.4 | AB50: 是 | AC50: 是 | AD50: 是 | AE50: 无 | AF50: 12.91 | AG50: 0.766 | AH50: 0.894 | AI50: 1 | AJ50: 0.783 | AK50: FrozenUncertain | AL50: 否 | AM50: 0 | AN50: 0 | AO50: 遮挡恢复后出现一次小跳变
A51: P008 | B51: 5 | C51: O2-S1-OE | D51: 3 | E51: 固定订书机 | F51: stapler | G51: 方法A | H51: One-Euro | I51: 1 | J51: 3 | K51: 5 | L51: 5 | M51: 4 | O51: 4 | P51: 5 | Q51: 3 | R51: 4 | S51: 4 | T51: 4 | U51: 5 | V51: 4 | W51: 4 | X51: 5 | Y51: 46238.648 | Z51: 46238.649 | AA51: 65.3 | AB51: 是 | AC51: 是 | AD51: 是 | AE51: 无 | AF51: 12.75 | AG51: 0.854 | AH51: 0.914 | AI51: 0.993 | AJ51: 0.725 | AK51: FrozenUncertain | AL51: 否 | AM51: 1 | AN51: 0 | AO51: 遮挡恢复后出现一次小跳变
A52: P008 | B52: 6 | C52: O2-S1-OE | D52: 3 | E52: 固定订书机 | F52: stapler | G52: 方法B | H52: EgoAnchor | I52: 2 | J52: 3 | K52: 4 | L52: 5 | M52: 5 | O52: 4 | P52: 4 | Q52: 5 | R52: 4 | S52: 5 | T52: 5 | U52: 4 | V52: 4 | W52: 4 | X52: 5 | Y52: 46238.65 | Z52: 46238.651 | AA52: 105.3 | AB52: 是 | AC52: 是 | AD52: 是 | AE52: 无 | AF52: 13.09 | AG52: 0.832 | AH52: 0.909 | AI52: 0.993 | AJ52: 0.75 | AK52: FrozenUncertain | AL52: 否 | AM52: 0 | AN52: 4 | AO52: 拿起时感觉略有滞后
A53: P009 | B53: 1 | C53: O3-S1-EA | D53: 1 | E53: 固定订书机 | F53: stapler | G53: 方法A | H53: EgoAnchor | I53: 1 | J53: 1 | K53: 5 | L53: 5 | M53: 5 | O53: 2 | P53: 3 | Q53: 5 | R53: 5 | S53: 5 | T53: 6 | U53: 4 | V53: 3 | W53: 4 | X53: 3 | Y53: 46239.383 | Z53: 46239.384 | AA53: 63 | AB53: 是 | AC53: 是 | AD53: 是 | AE53: 无 | AF53: 12.56 | AG53: 0.833 | AH53: 0.892 | AI53: 0.99 | AJ53: 0.765 | AK53: FrozenUncertain | AL53: 否 | AM53: 1 | AN53: 4 | AO53: 拿起时感觉略有滞后
A54: P009 | B54: 2 | C54: O3-S1-EA | D54: 1 | E54: 固定订书机 | F54: stapler | G54: 方法B | H54: One-Euro | I54: 2 | J54: 1 | K54: 4 | L54: 5 | M54: 6 | O54: 4 | P54: 4 | Q54: 3 | R54: 4 | S54: 5 | T54: 2 | U54: 5 | V54: 5 | W54: 4 | X54: 4 | Y54: 46239.385 | Z54: 46239.386 | AA54: 117.4 | AB54: 是 | AC54: 是 | AD54: 是 | AE54: 无 | AF54: 11.97 | AG54: 0.801 | AH54: 0.915 | AI54: 0.979 | AJ54: 0.67 | AK54: FrozenUncertain | AL54: 否 | AM54: 1 | AN54: 0
A55: P009 | B55: 3 | C55: O3-S1-EA | D55: 2 | E55: 鼠标 | F55: blue_mouse | G55: 方法B | H55: One-Euro | I55: 1 | J55: 2 | K55: 4 | L55: 6 | M55: 5 | O55: 6 | P55: 5 | Q55: 4 | R55: 4 | S55: 4 | T55: 4 | U55: 4 | V55: 5 | W55: 4 | X55: 4 | Y55: 46239.387 | Z55: 46239.389 | AA55: 129.1 | AB55: 是 | AC55: 是 | AD55: 是 | AE55: 无 | AF55: 13.94 | AG55: 0.829 | AH55: 0.877 | AI55: 0.988 | AJ55: 0.771 | AK55: FrozenUncertain | AL55: 否 | AM55: 0 | AN55: 0 | AO55: 静止阶段可见轻微抖动
A56: P009 | B56: 4 | C56: O3-S1-EA | D56: 2 | E56: 鼠标 | F56: blue_mouse | G56: 方法A | H56: EgoAnchor | I56: 2 | J56: 2 | K56: 4 | L56: 5 | M56: 5 | O56: 4 | P56: 5 | Q56: 5 | R56: 4 | S56: 4 | T56: 5 | U56: 4 | V56: 4 | W56: 5 | X56: 4 | Y56: 46239.39 | Z56: 46239.391 | AA56: 96.7 | AB56: 是 | AC56: 是 | AD56: 是 | AE56: 无 | AF56: 13.22 | AG56: 0.751 | AH56: 0.868 | AI56: 0.992 | AJ56: 0.717 | AK56: FrozenUncertain | AL56: 否 | AM56: 1 | AN56: 4
A57: P009 | B57: 5 | C57: O3-S1-EA | D57: 3 | E57: 游戏手柄 | F57: gamepad | G57: 方法A | H57: EgoAnchor | I57: 1 | J57: 3 | K57: 4 | L57: 6 | M57: 4 | O57: 5 | P57: 5 | Q57: 5 | R57: 4 | S57: 4 | T57: 3 | U57: 4 | V57: 4 | W57: 4 | X57: 4 | Y57: 46239.392 | Z57: 46239.393 | AA57: 75.2 | AB57: 是 | AC57: 是 | AD57: 是 | AE57: 无 | AF57: 12.88 | AG57: 0.793 | AH57: 0.85 | AI57: 0.998 | AJ57: 0.761 | AK57: FrozenUncertain | AL57: 否 | AM57: 0 | AN57: 2
A58: P009 | B58: 6 | C58: O3-S1-EA | D58: 3 | E58: 游戏手柄 | F58: gamepad | G58: 方法B | H58: One-Euro | I58: 2 | J58: 3 | K58: 2 | L58: 4 | M58: 5 | O58: 5 | P58: 5 | Q58: 5 | R58: 3 | S58: 3 | T58: 3 | U58: 5 | V58: 5 | W58: 4 | X58: 3 | Y58: 46239.394 | Z58: 46239.395 | AA58: 113.6 | AB58: 是 | AC58: 是 | AD58: 是 | AE58: 无 | AF58: 13.41 | AG58: 0.787 | AH58: 0.896 | AI58: 1 | AJ58: 0.782 | AK58: FrozenUncertain | AL58: 否 | AM58: 1 | AN58: 0
A59: P010 | B59: 1 | C59: O3-S2-EA | D59: 1 | E59: 固定订书机 | F59: stapler | G59: 方法B | H59: One-Euro | I59: 1 | J59: 1 | K59: 4 | L59: 5 | M59: 7 | O59: 5 | P59: 4 | Q59: 5 | R59: 5 | S59: 5 | T59: 4 | U59: 5 | V59: 4 | W59: 3 | X59: 4 | Y59: 46239.458 | Z59: 46239.459 | AA59: 79.1 | AB59: 是 | AC59: 是 | AD59: 是 | AE59: 无 | AF59: 13.13 | AG59: 0.824 | AH59: 0.897 | AI59: 0.999 | AJ59: 0.781 | AK59: FrozenUncertain | AL59: 否 | AM59: 1 | AN59: 0
A60: P010 | B60: 2 | C60: O3-S2-EA | D60: 1 | E60: 固定订书机 | F60: stapler | G60: 方法A | H60: EgoAnchor | I60: 2 | J60: 1 | K60: 6 | L60: 3 | M60: 5 | O60: 4 | P60: 4 | Q60: 4 | R60: 5 | S60: 4 | T60: 4 | U60: 4 | V60: 5 | W60: 5 | X60: 5 | Y60: 46239.46 | Z60: 46239.461 | AA60: 78.4 | AB60: 是 | AC60: 是 | AD60: 是 | AE60: 无 | AF60: 13.35 | AG60: 0.83 | AH60: 0.897 | AI60: 0.987 | AJ60: 0.758 | AK60: FrozenUncertain | AL60: 否 | AM60: 0 | AN60: 2
A61: P010 | B61: 3 | C61: O3-S2-EA | D61: 2 | E61: 鼠标 | F61: blue_mouse | G61: 方法A | H61: EgoAnchor | I61: 1 | J61: 2 | K61: 4 | L61: 2 | M61: 3 | O61: 4 | P61: 4 | Q61: 4 | R61: 4 | S61: 5 | T61: 4 | U61: 5 | V61: 4 | W61: 5 | X61: 3 | Y61: 46239.461 | Z61: 46239.463 | AA61: 92.3 | AB61: 是 | AC61: 是 | AD61: 是 | AE61: 无 | AF61: 12.53 | AG61: 0.764 | AH61: 0.869 | AI61: 0.995 | AJ61: 0.758 | AK61: FrozenUncertain | AL61: 否 | AM61: 1 | AN61: 2 | AO61: 拿起时感觉略有滞后
A62: P010 | B62: 4 | C62: O3-S2-EA | D62: 2 | E62: 鼠标 | F62: blue_mouse | G62: 方法B | H62: One-Euro | I62: 2 | J62: 2 | K62: 4 | L62: 5 | M62: 4 | O62: 5 | P62: 5 | Q62: 5 | R62: 5 | S62: 5 | T62: 4 | U62: 5 | V62: 5 | W62: 4 | X62: 3 | Y62: 46239.463 | Z62: 46239.464 | AA62: 63 | AB62: 是 | AC62: 是 | AD62: 是 | AE62: 无 | AF62: 13.42 | AG62: 0.775 | AH62: 0.899 | AI62: 0.997 | AJ62: 0.763 | AK62: FrozenUncertain | AL62: 否 | AM62: 0 | AN62: 0
A63: P010 | B63: 5 | C63: O3-S2-EA | D63: 3 | E63: 游戏手柄 | F63: gamepad | G63: 方法B | H63: One-Euro | I63: 1 | J63: 3 | K63: 4 | L63: 5 | M63: 5 | O63: 6 | P63: 5 | Q63: 3 | R63: 5 | S63: 4 | T63: 4 | U63: 6 | V63: 4 | W63: 4 | X63: 3 | Y63: 46239.465 | Z63: 46239.466 | AA63: 115.4 | AB63: 是 | AC63: 是 | AD63: 是 | AE63: 无 | AF63: 12.7 | AG63: 0.75 | AH63: 0.872 | AI63: 0.992 | AJ63: 0.749 | AK63: FrozenUncertain | AL63: 否 | AM63: 1 | AN63: 0 | AO63: 遮挡恢复后出现一次小跳变
A64: P010 | B64: 6 | C64: O3-S2-EA | D64: 3 | E64: 游戏手柄 | F64: gamepad | G64: 方法A | H64: EgoAnchor | I64: 2 | J64: 3 | K64: 5 | L64: 4 | M64: 5 | O64: 4 | P64: 4 | Q64: 4 | R64: 4 | S64: 4 | T64: 4 | U64: 5 | V64: 4 | W64: 6 | X64: 5 | Y64: 46239.467 | Z64: 46239.468 | AA64: 102 | AB64: 是 | AC64: 是 | AD64: 是 | AE64: 无 | AF64: 13.48 | AG64: 0.743 | AH64: 0.867 | AI64: 0.989 | AJ64: 0.761 | AK64: FrozenUncertain | AL64: 否 | AM64: 1 | AN64: 4 | AO64: 遮挡恢复后出现一次小跳变
A65: P011 | B65: 1 | C65: O3-S2-OE | D65: 1 | E65: 固定订书机 | F65: stapler | G65: 方法B | H65: EgoAnchor | I65: 1 | J65: 1 | K65: 5 | L65: 6 | M65: 5 | O65: 5 | P65: 5 | Q65: 5 | R65: 5 | S65: 6 | T65: 5 | U65: 7 | V65: 6 | W65: 6 | X65: 5 | Y65: 46239.573 | Z65: 46239.574 | AA65: 72.2 | AB65: 是 | AC65: 是 | AD65: 是 | AE65: 无 | AF65: 13.11 | AG65: 0.827 | AH65: 0.91 | AI65: 0.993 | AJ65: 0.778 | AK65: FrozenUncertain | AL65: 否 | AM65: 0 | AN65: 4
A66: P011 | B66: 2 | C66: O3-S2-OE | D66: 1 | E66: 固定订书机 | F66: stapler | G66: 方法A | H66: One-Euro | I66: 2 | J66: 1 | K66: 3 | L66: 6 | M66: 6 | O66: 4 | P66: 5 | Q66: 4 | R66: 5 | S66: 5 | T66: 4 | U66: 6 | V66: 5 | W66: 5 | X66: 4 | Y66: 46239.575 | Z66: 46239.576 | AA66: 82.4 | AB66: 是 | AC66: 是 | AD66: 是 | AE66: 无 | AF66: 12.7 | AG66: 0.797 | AH66: 0.873 | AI66: 1 | AJ66: 0.727 | AK66: FrozenUncertain | AL66: 否 | AM66: 0 | AN66: 0 | AO66: 静止阶段可见轻微抖动
A67: P011 | B67: 3 | C67: O3-S2-OE | D67: 2 | E67: 鼠标 | F67: blue_mouse | G67: 方法A | H67: One-Euro | I67: 1 | J67: 2 | K67: 4 | L67: 4 | M67: 5 | O67: 5 | P67: 5 | Q67: 5 | R67: 4 | S67: 4 | T67: 5 | U67: 6 | V67: 5 | W67: 5 | X67: 4 | Y67: 46239.577 | Z67: 46239.578 | AA67: 105.7 | AB67: 是 | AC67: 是 | AD67: 是 | AE67: 无 | AF67: 12.5 | AG67: 0.708 | AH67: 0.857 | AI67: 0.997 | AJ67: 0.745 | AK67: FrozenUncertain | AL67: 否 | AM67: 1 | AN67: 0
A68: P011 | B68: 4 | C68: O3-S2-OE | D68: 2 | E68: 鼠标 | F68: blue_mouse | G68: 方法B | H68: EgoAnchor | I68: 2 | J68: 2 | K68: 5 | L68: 6 | M68: 4 | O68: 5 | P68: 6 | Q68: 4 | R68: 5 | S68: 5 | T68: 5 | U68: 5 | V68: 5 | W68: 5 | X68: 5 | Y68: 46239.579 | Z68: 46239.58 | AA68: 83.4 | AB68: 是 | AC68: 是 | AD68: 是 | AE68: 无 | AF68: 12.16 | AG68: 0.794 | AH68: 0.879 | AI68: 0.995 | AJ68: 0.719 | AK68: FrozenUncertain | AL68: 否 | AM68: 1 | AN68: 3
A69: P011 | B69: 5 | C69: O3-S2-OE | D69: 3 | E69: 游戏手柄 | F69: gamepad | G69: 方法B | H69: EgoAnchor | I69: 1 | J69: 3 | K69: 5 | L69: 6 | M69: 5 | O69: 6 | P69: 4 | Q69: 7 | R69: 5 | S69: 6 | T69: 4 | U69: 5 | V69: 4 | W69: 5 | X69: 5 | Y69: 46239.581 | Z69: 46239.581 | AA69: 65.8 | AB69: 是 | AC69: 是 | AD69: 是 | AE69: 无 | AF69: 13.28 | AG69: 0.783 | AH69: 0.881 | AI69: 0.996 | AJ69: 0.777 | AK69: FrozenUncertain | AL69: 否 | AM69: 0 | AN69: 4
A70: P011 | B70: 6 | C70: O3-S2-OE | D70: 3 | E70: 游戏手柄 | F70: gamepad | G70: 方法A | H70: One-Euro | I70: 2 | J70: 3 | K70: 4 | L70: 5 | M70: 4 | O70: 4 | P70: 5 | Q70: 4 | R70: 3 | S70: 4 | T70: 5 | U70: 3 | V70: 4 | W70: 2 | X70: 3 | Y70: 46239.582 | Z70: 46239.583 | AA70: 94.9 | AB70: 是 | AC70: 是 | AD70: 是 | AE70: 无 | AF70: 13.5 | AG70: 0.754 | AH70: 0.848 | AI70: 0.99 | AJ70: 0.792 | AK70: FrozenUncertain | AL70: 否 | AM70: 1 | AN70: 0 | AO70: 遮挡恢复后出现一次小跳变
A71: P012 | B71: 1 | C71: O3-S1-OE | D71: 1 | E71: 固定订书机 | F71: stapler | G71: 方法A | H71: One-Euro | I71: 1 | J71: 1 | K71: 4 | L71: 5 | M71: 5 | O71: 7 | P71: 5 | Q71: 4 | R71: 6 | S71: 6 | T71: 5 | U71: 7 | V71: 5 | W71: 5 | X71: 5 | Y71: 46239.649 | Z71: 46239.65 | AA71: 89.9 | AB71: 是 | AC71: 是 | AD71: 是 | AE71: 无 | AF71: 12.41 | AG71: 0.81 | AH71: 0.885 | AI71: 0.989 | AJ71: 0.787 | AK71: FrozenUncertain | AL71: 否 | AM71: 1 | AN71: 0 | AO71: 静止阶段可见轻微抖动
A72: P012 | B72: 2 | C72: O3-S1-OE | D72: 1 | E72: 固定订书机 | F72: stapler | G72: 方法B | H72: EgoAnchor | I72: 2 | J72: 1 | K72: 6 | L72: 5 | M72: 7 | O72: 6 | P72: 5 | Q72: 7 | R72: 6 | S72: 7 | T72: 7 | U72: 6 | V72: 7 | W72: 6 | X72: 7 | Y72: 46239.651 | Z72: 46239.652 | AA72: 67.7 | AB72: 是 | AC72: 是 | AD72: 是 | AE72: 无 | AF72: 13.18 | AG72: 0.818 | AH72: 0.881 | AI72: 0.986 | AJ72: 0.754 | AK72: FrozenUncertain | AL72: 否 | AM72: 1 | AN72: 3
A73: P012 | B73: 3 | C73: O3-S1-OE | D73: 2 | E73: 鼠标 | F73: blue_mouse | G73: 方法B | H73: EgoAnchor | I73: 1 | J73: 2 | K73: 7 | L73: 6 | M73: 6 | O73: 6 | P73: 6 | Q73: 5 | R73: 6 | S73: 5 | T73: 6 | U73: 5 | V73: 7 | W73: 5 | X73: 7 | Y73: 46239.653 | Z73: 46239.654 | AA73: 84.9 | AB73: 是 | AC73: 是 | AD73: 是 | AE73: 无 | AF73: 12.58 | AG73: 0.757 | AH73: 0.859 | AI73: 1 | AJ73: 0.81 | AK73: FrozenUncertain | AL73: 否 | AM73: 1 | AN73: 3
A74: P012 | B74: 4 | C74: O3-S1-OE | D74: 2 | E74: 鼠标 | F74: blue_mouse | G74: 方法A | H74: One-Euro | I74: 2 | J74: 2 | K74: 6 | L74: 6 | M74: 5 | O74: 5 | P74: 6 | Q74: 5 | R74: 5 | S74: 7 | T74: 4 | U74: 5 | V74: 4 | W74: 5 | X74: 5 | Y74: 46239.654 | Z74: 46239.655 | AA74: 70 | AB74: 是 | AC74: 是 | AD74: 是 | AE74: 无 | AF74: 13.65 | AG74: 0.724 | AH74: 0.833 | AI74: 0.992 | AJ74: 0.85 | AK74: FrozenUncertain | AL74: 否 | AM74: 1 | AN74: 0
A75: P012 | B75: 5 | C75: O3-S1-OE | D75: 3 | E75: 游戏手柄 | F75: gamepad | G75: 方法A | H75: One-Euro | I75: 1 | J75: 3 | K75: 5 | L75: 5 | M75: 7 | O75: 6 | P75: 5 | Q75: 4 | R75: 5 | S75: 5 | T75: 5 | U75: 5 | V75: 6 | W75: 5 | X75: 4 | Y75: 46239.656 | Z75: 46239.657 | AA75: 78.2 | AB75: 是 | AC75: 是 | AD75: 是 | AE75: 无 | AF75: 13.71 | AG75: 0.794 | AH75: 0.866 | AI75: 0.994 | AJ75: 0.725 | AK75: FrozenUncertain | AL75: 否 | AM75: 1 | AN75: 0 | AO75: 遮挡恢复后出现一次小跳变
A76: P012 | B76: 6 | C76: O3-S1-OE | D76: 3 | E76: 游戏手柄 | F76: gamepad | G76: 方法B | H76: EgoAnchor | I76: 2 | J76: 3 | K76: 7 | L76: 6 | M76: 6 | O76: 6 | P76: 7 | Q76: 7 | R76: 6 | S76: 7 | T76: 7 | U76: 5 | V76: 7 | W76: 7 | X76: 5 | Y76: 46239.658 | Z76: 46239.659 | AA76: 71.3 | AB76: 是 | AC76: 是 | AD76: 是 | AE76: 无 | AF76: 13.24 | AG76: 0.809 | AH76: 0.879 | AI76: 0.992 | AJ76: 0.86 | AK76: FrozenUncertain | AL76: 否 | AM76: 1 | AN76: 4
A77: P013 | B77: 1 | C77: O4-S1-EA | D77: 1 | E77: 固定订书机 | F77: stapler | G77: 方法A | H77: EgoAnchor | I77: 1 | J77: 1 | K77: 4 | L77: 5 | M77: 4 | O77: 4 | P77: 6 | Q77: 5 | R77: 5 | S77: 4 | T77: 4 | U77: 6 | V77: 6 | W77: 5 | X77: 4 | Y77: 46240.38 | Z77: 46240.381 | AA77: 122 | AB77: 是 | AC77: 是 | AD77: 是 | AE77: 无 | AF77: 12.83 | AG77: 0.871 | AH77: 0.918 | AI77: 0.993 | AJ77: 0.71 | AK77: FrozenUncertain | AL77: 否 | AM77: 1 | AN77: 2
A78: P013 | B78: 2 | C78: O4-S1-EA | D78: 1 | E78: 固定订书机 | F78: stapler | G78: 方法B | H78: One-Euro | I78: 2 | J78: 1 | K78: 5 | L78: 4 | M78: 5 | O78: 5 | P78: 4 | Q78: 6 | R78: 4 | S78: 5 | T78: 6 | U78: 5 | V78: 5 | W78: 6 | X78: 6 | Y78: 46240.382 | Z78: 46240.384 | AA78: 107.6 | AB78: 是 | AC78: 是 | AD78: 是 | AE78: 无 | AF78: 13.27 | AG78: 0.78 | AH78: 0.901 | AI78: 0.993 | AJ78: 0.731 | AK78: FrozenUncertain | AL78: 否 | AM78: 1 | AN78: 0
A79: P013 | B79: 3 | C79: O4-S1-EA | D79: 2 | E79: 游戏手柄 | F79: gamepad | G79: 方法B | H79: One-Euro | I79: 1 | J79: 2 | K79: 4 | L79: 5 | M79: 4 | O79: 5 | P79: 6 | Q79: 4 | R79: 5 | S79: 4 | T79: 5 | U79: 5 | V79: 5 | W79: 4 | X79: 4 | Y79: 46240.385 | Z79: 46240.386 | AA79: 82.3 | AB79: 是 | AC79: 是 | AD79: 是 | AE79: 无 | AF79: 12.72 | AG79: 0.774 | AH79: 0.937 | AI79: 0.99 | AJ79: 0.725 | AK79: FrozenUncertain | AL79: 否 | AM79: 0 | AN79: 0
A80: P013 | B80: 4 | C80: O4-S1-EA | D80: 2 | E80: 游戏手柄 | F80: gamepad | G80: 方法A | H80: EgoAnchor | I80: 2 | J80: 2 | K80: 5 | L80: 4 | M80: 4 | O80: 6 | P80: 6 | Q80: 4 | R80: 5 | S80: 5 | T80: 4 | U80: 5 | V80: 5 | W80: 5 | X80: 5 | Y80: 46240.386 | Z80: 46240.388 | AA80: 101 | AB80: 是 | AC80: 是 | AD80: 是 | AE80: 无 | AF80: 12.99 | AG80: 0.788 | AH80: 0.917 | AI80: 0.992 | AJ80: 0.709 | AK80: FrozenUncertain | AL80: 否 | AM80: 1 | AN80: 2
A81: P013 | B81: 5 | C81: O4-S1-EA | D81: 3 | E81: 鼠标 | F81: blue_mouse | G81: 方法A | H81: EgoAnchor | I81: 1 | J81: 3 | K81: 6 | L81: 4 | M81: 4 | O81: 4 | P81: 5 | Q81: 4 | R81: 5 | S81: 4 | T81: 3 | U81: 4 | V81: 5 | W81: 4 | X81: 5 | Y81: 46240.388 | Z81: 46240.39 | AA81: 95.6 | AB81: 是 | AC81: 是 | AD81: 是 | AE81: 无 | AF81: 13.35 | AG81: 0.823 | AH81: 0.83 | AI81: 0.984 | AJ81: 0.753 | AK81: FrozenUncertain | AL81: 否 | AM81: 2 | AN81: 3 | AO81: 拿起时感觉略有滞后
A82: P013 | B82: 6 | C82: O4-S1-EA | D82: 3 | E82: 鼠标 | F82: blue_mouse | G82: 方法B | H82: One-Euro | I82: 2 | J82: 3 | K82: 4 | L82: 5 | M82: 6 | O82: 4 | P82: 4 | Q82: 6 | R82: 4 | S82: 4 | T82: 4 | U82: 6 | V82: 6 | W82: 4 | X82: 5 | Y82: 46240.39 | Z82: 46240.392 | AA82: 113.5 | AB82: 是 | AC82: 是 | AD82: 是 | AE82: 无 | AF82: 12.22 | AG82: 0.745 | AH82: 0.887 | AI82: 0.988 | AJ82: 0.756 | AK82: FrozenUncertain | AL82: 否 | AM82: 1 | AN82: 0 | AO82: 静止阶段可见轻微抖动
A83: P014 | B83: 1 | C83: O4-S2-EA | D83: 1 | E83: 固定订书机 | F83: stapler | G83: 方法B | H83: One-Euro | I83: 1 | J83: 1 | K83: 4 | L83: 5 | M83: 6 | O83: 4 | P83: 4 | Q83: 4 | R83: 5 | S83: 6 | T83: 4 | U83: 5 | V83: 5 | W83: 4 | X83: 4 | Y83: 46240.458 | Z83: 46240.459 | AA83: 90.2 | AB83: 是 | AC83: 是 | AD83: 是 | AE83: 无 | AF83: 13.58 | AG83: 0.812 | AH83: 0.905 | AI83: 0.99 | AJ83: 0.769 | AK83: FrozenUncertain | AL83: 否 | AM83: 1 | AN83: 0
A84: P014 | B84: 2 | C84: O4-S2-EA | D84: 1 | E84: 固定订书机 | F84: stapler | G84: 方法A | H84: EgoAnchor | I84: 2 | J84: 1 | K84: 4 | L84: 4 | M84: 5 | O84: 5 | P84: 5 | Q84: 5 | R84: 5 | S84: 5 | T84: 6 | U84: 5 | V84: 6 | W84: 4 | X84: 5 | Y84: 46240.46 | Z84: 46240.461 | AA84: 102.9 | AB84: 是 | AC84: 是 | AD84: 是 | AE84: 无 | AF84: 13.44 | AG84: 0.804 | AH84: 0.95 | AI84: 0.998 | AJ84: 0.732 | AK84: FrozenUncertain | AL84: 否 | AM84: 1 | AN84: 4
A85: P014 | B85: 3 | C85: O4-S2-EA | D85: 2 | E85: 游戏手柄 | F85: gamepad | G85: 方法A | H85: EgoAnchor | I85: 1 | J85: 2 | K85: 5 | L85: 6 | M85: 5 | O85: 4 | P85: 4 | Q85: 4 | R85: 4 | S85: 6 | T85: 5 | U85: 5 | V85: 5 | W85: 5 | X85: 5 | Y85: 46240.462 | Z85: 46240.464 | AA85: 104.2 | AB85: 是 | AC85: 是 | AD85: 是 | AE85: 无 | AF85: 12.31 | AG85: 0.818 | AH85: 0.923 | AI85: 0.994 | AJ85: 0.759 | AK85: FrozenUncertain | AL85: 否 | AM85: 1 | AN85: 3 | AO85: 拿起时感觉略有滞后
A86: P014 | B86: 4 | C86: O4-S2-EA | D86: 2 | E86: 游戏手柄 | F86: gamepad | G86: 方法B | H86: One-Euro | I86: 2 | J86: 2 | K86: 5 | L86: 4 | M86: 4 | O86: 5 | P86: 4 | Q86: 4 | R86: 4 | S86: 4 | T86: 4 | U86: 5 | V86: 4 | W86: 4 | X86: 5 | Y86: 46240.465 | Z86: 46240.466 | AA86: 118.7 | AB86: 是 | AC86: 是 | AD86: 是 | AE86: 无 | AF86: 12.91 | AG86: 0.782 | AH86: 0.858 | AI86: 0.988 | AJ86: 0.763 | AK86: FrozenUncertain | AL86: 否 | AM86: 1 | AN86: 0 | AO86: 遮挡恢复后出现一次小跳变
A87: P014 | B87: 5 | C87: O4-S2-EA | D87: 3 | E87: 鼠标 | F87: blue_mouse | G87: 方法B | H87: One-Euro | I87: 1 | J87: 3 | K87: 5 | L87: 4 | M87: 6 | O87: 5 | P87: 6 | Q87: 3 | R87: 4 | S87: 4 | T87: 5 | U87: 4 | V87: 4 | W87: 4 | X87: 4 | Y87: 46240.467 | Z87: 46240.468 | AA87: 133.3 | AB87: 是 | AC87: 是 | AD87: 是 | AE87: 无 | AF87: 12.56 | AG87: 0.759 | AH87: 0.826 | AI87: 0.986 | AJ87: 0.73 | AK87: FrozenUncertain | AL87: 否 | AM87: 1 | AN87: 0
A88: P014 | B88: 6 | C88: O4-S2-EA | D88: 3 | E88: 鼠标 | F88: blue_mouse | G88: 方法A | H88: EgoAnchor | I88: 2 | J88: 3 | K88: 5 | L88: 5 | M88: 5 | O88: 4 | P88: 5 | Q88: 4 | R88: 5 | S88: 6 | T88: 4 | U88: 5 | V88: 6 | W88: 3 | X88: 3 | Y88: 46240.469 | Z88: 46240.47 | AA88: 70.1 | AB88: 是 | AC88: 是 | AD88: 是 | AE88: 无 | AF88: 12.64 | AG88: 0.815 | AH88: 0.875 | AI88: 1 | AJ88: 0.729 | AK88: FrozenUncertain | AL88: 否 | AM88: 1 | AN88: 4
A89: P015 | B89: 1 | C89: O4-S2-OE | D89: 1 | E89: 固定订书机 | F89: stapler | G89: 方法B | H89: EgoAnchor | I89: 1 | J89: 1 | K89: 6 | L89: 6 | M89: 6 | O89: 6 | P89: 6 | Q89: 5 | R89: 5 | S89: 5 | T89: 5 | U89: 4 | V89: 6 | W89: 5 | X89: 4 | Y89: 46240.574 | Z89: 46240.576 | AA89: 111.3 | AB89: 是 | AC89: 是 | AD89: 是 | AE89: 无 | AF89: 13.43 | AG89: 0.827 | AH89: 0.9 | AI89: 0.993 | AJ89: 0.822 | AK89: FrozenUncertain | AL89: 否 | AM89: 1 | AN89: 3
A90: P015 | B90: 2 | C90: O4-S2-OE | D90: 1 | E90: 固定订书机 | F90: stapler | G90: 方法A | H90: One-Euro | I90: 2 | J90: 1 | K90: 5 | L90: 4 | M90: 5 | O90: 5 | P90: 6 | Q90: 5 | R90: 4 | S90: 4 | T90: 4 | U90: 6 | V90: 6 | W90: 4 | X90: 4 | Y90: 46240.576 | Z90: 46240.578 | AA90: 96.4 | AB90: 是 | AC90: 是 | AD90: 是 | AE90: 无 | AF90: 14.05 | AG90: 0.812 | AH90: 0.937 | AI90: 0.987 | AJ90: 0.748 | AK90: FrozenUncertain | AL90: 否 | AM90: 2 | AN90: 0
A91: P015 | B91: 3 | C91: O4-S2-OE | D91: 2 | E91: 游戏手柄 | F91: gamepad | G91: 方法A | H91: One-Euro | I91: 1 | J91: 2 | K91: 5 | L91: 4 | M91: 5 | O91: 6 | P91: 6 | Q91: 3 | R91: 3 | S91: 6 | T91: 5 | U91: 5 | V91: 5 | W91: 3 | X91: 5 | Y91: 46240.579 | Z91: 46240.58 | AA91: 92.9 | AB91: 是 | AC91: 是 | AD91: 是 | AE91: 无 | AF91: 12.8 | AG91: 0.794 | AH91: 0.938 | AI91: 0.993 | AJ91: 0.742 | AK91: FrozenUncertain | AL91: 否 | AM91: 1 | AN91: 0
A92: P015 | B92: 4 | C92: O4-S2-OE | D92: 2 | E92: 游戏手柄 | F92: gamepad | G92: 方法B | H92: EgoAnchor | I92: 2 | J92: 2 | K92: 6 | L92: 6 | M92: 4 | O92: 4 | P92: 5 | Q92: 4 | R92: 7 | S92: 6 | T92: 5 | U92: 6 | V92: 4 | W92: 5 | X92: 5 | Y92: 46240.581 | Z92: 46240.582 | AA92: 109.4 | AB92: 是 | AC92: 是 | AD92: 是 | AE92: 无 | AF92: 13.34 | AG92: 0.822 | AH92: 0.871 | AI92: 0.984 | AJ92: 0.795 | AK92: FrozenUncertain | AL92: 否 | AM92: 0 | AN92: 4 | AO92: 拿起时感觉略有滞后
A93: P015 | B93: 5 | C93: O4-S2-OE | D93: 3 | E93: 鼠标 | F93: blue_mouse | G93: 方法B | H93: EgoAnchor | I93: 1 | J93: 3 | K93: 7 | L93: 5 | M93: 5 | O93: 5 | P93: 4 | Q93: 5 | R93: 6 | S93: 6 | T93: 4 | U93: 3 | V93: 6 | W93: 5 | X93: 5 | Y93: 46240.583 | Z93: 46240.584 | AA93: 88.8 | AB93: 是 | AC93: 是 | AD93: 是 | AE93: 无 | AF93: 12.76 | AG93: 0.819 | AH93: 0.813 | AI93: 0.987 | AJ93: 0.739 | AK93: FrozenUncertain | AL93: 否 | AM93: 1 | AN93: 3
A94: P015 | B94: 6 | C94: O4-S2-OE | D94: 3 | E94: 鼠标 | F94: blue_mouse | G94: 方法A | H94: One-Euro | I94: 2 | J94: 3 | K94: 4 | L94: 5 | M94: 4 | O94: 5 | P94: 5 | Q94: 4 | R94: 4 | S94: 5 | T94: 5 | U94: 4 | V94: 4 | W94: 5 | X94: 5 | Y94: 46240.585 | Z94: 46240.586 | AA94: 96.9 | AB94: 是 | AC94: 是 | AD94: 是 | AE94: 无 | AF94: 12.67 | AG94: 0.751 | AH94: 0.822 | AI94: 0.99 | AJ94: 0.726 | AK94: FrozenUncertain | AL94: 否 | AM94: 1 | AN94: 0
A95: P016 | B95: 1 | C95: O4-S1-OE | D95: 1 | E95: 固定订书机 | F95: stapler | G95: 方法A | H95: One-Euro | I95: 1 | J95: 1 | K95: 4 | L95: 7 | M95: 6 | O95: 5 | P95: 5 | Q95: 4 | R95: 3 | S95: 4 | T95: 4 | U95: 4 | V95: 4 | W95: 4 | X95: 5 | Y95: 46240.642 | Z95: 46240.643 | AA95: 78.4 | AB95: 是 | AC95: 是 | AD95: 是 | AE95: 无 | AF95: 12.19 | AG95: 0.84 | AH95: 0.94 | AI95: 0.994 | AJ95: 0.742 | AK95: FrozenUncertain | AL95: 否 | AM95: 0 | AN95: 0 | AO95: 静止阶段可见轻微抖动
A96: P016 | B96: 2 | C96: O4-S1-OE | D96: 1 | E96: 固定订书机 | F96: stapler | G96: 方法B | H96: EgoAnchor | I96: 2 | J96: 1 | K96: 5 | L96: 5 | M96: 6 | O96: 4 | P96: 5 | Q96: 5 | R96: 5 | S96: 6 | T96: 5 | U96: 6 | V96: 5 | W96: 5 | X96: 5 | Y96: 46240.644 | Z96: 46240.646 | AA96: 102.4 | AB96: 是 | AC96: 是 | AD96: 是 | AE96: 无 | AF96: 11.98 | AG96: 0.869 | AH96: 0.906 | AI96: 0.994 | AJ96: 0.737 | AK96: FrozenUncertain | AL96: 否 | AM96: 1 | AN96: 2 | AO96: 拿起时感觉略有滞后
A97: P016 | B97: 3 | C97: O4-S1-OE | D97: 2 | E97: 游戏手柄 | F97: gamepad | G97: 方法B | H97: EgoAnchor | I97: 1 | J97: 2 | K97: 5 | L97: 6 | M97: 4 | O97: 5 | P97: 6 | Q97: 5 | R97: 5 | S97: 5 | T97: 6 | U97: 6 | V97: 5 | W97: 5 | X97: 7 | Y97: 46240.647 | Z97: 46240.648 | AA97: 81.5 | AB97: 是 | AC97: 是 | AD97: 是 | AE97: 无 | AF97: 12.52 | AG97: 0.822 | AH97: 0.89 | AI97: 0.999 | AJ97: 0.705 | AK97: FrozenUncertain | AL97: 否 | AM97: 1 | AN97: 4
A98: P016 | B98: 4 | C98: O4-S1-OE | D98: 2 | E98: 游戏手柄 | F98: gamepad | G98: 方法A | H98: One-Euro | I98: 2 | J98: 2 | K98: 5 | L98: 4 | M98: 4 | O98: 4 | P98: 6 | Q98: 4 | R98: 4 | S98: 6 | T98: 3 | U98: 5 | V98: 5 | W98: 3 | X98: 3 | Y98: 46240.649 | Z98: 46240.65 | AA98: 101.9 | AB98: 是 | AC98: 是 | AD98: 是 | AE98: 无 | AF98: 12.24 | AG98: 0.782 | AH98: 0.855 | AI98: 0.992 | AJ98: 0.68 | AK98: FrozenUncertain | AL98: 否 | AM98: 1 | AN98: 0
A99: P016 | B99: 5 | C99: O4-S1-OE | D99: 3 | E99: 鼠标 | F99: blue_mouse | G99: 方法A | H99: One-Euro | I99: 1 | J99: 3 | K99: 5 | L99: 5 | M99: 4 | O99: 5 | P99: 6 | Q99: 5 | R99: 4 | S99: 4 | T99: 5 | U99: 4 | V99: 5 | W99: 4 | X99: 5 | Y99: 46240.651 | Z99: 46240.651 | AA99: 80.9 | AB99: 是 | AC99: 是 | AD99: 是 | AE99: 无 | AF99: 11.93 | AG99: 0.812 | AH99: 0.892 | AI99: 0.983 | AJ99: 0.845 | AK99: FrozenUncertain | AL99: 否 | AM99: 1 | AN99: 0
A100: P016 | B100: 6 | C100: O4-S1-OE | D100: 3 | E100: 鼠标 | F100: blue_mouse | G100: 方法B | H100: EgoAnchor | I100: 2 | J100: 3 | K100: 3 | L100: 5 | M100: 6 | O100: 5 | P100: 6 | Q100: 5 | R100: 4 | S100: 5 | T100: 4 | U100: 6 | V100: 4 | W100: 4 | X100: 4 | Y100: 46240.652 | Z100: 46240.654 | AA100: 104.7 | AB100: 是 | AC100: 是 | AD100: 是 | AE100: 无 | AF100: 12.79 | AG100: 0.78 | AH100: 0.894 | AI100: 0.992 | AJ100: 0.771 | AK100: FrozenUncertain | AL100: 否 | AM100: 1 | AN100: 3
A101: P017 | B101: 1 | C101: O5-S1-EA | D101: 1 | E101: 游戏手柄 | F101: gamepad | G101: 方法A | H101: EgoAnchor | I101: 1 | J101: 1 | K101: 5 | L101: 4 | M101: 4 | O101: 3 | P101: 4 | Q101: 4 | R101: 5 | S101: 4 | T101: 4 | U101: 3 | V101: 4 | W101: 4 | X101: 4 | Y101: 46241.387 | Z101: 46241.388 | AA101: 91.8 | AB101: 是 | AC101: 是 | AD101: 是 | AE101: 无 | AF101: 12.23 | AG101: 0.776 | AH101: 0.89 | AI101: 0.992 | AJ101: 0.755 | AK101: FrozenUncertain | AL101: 否 | AM101: 1 | AN101: 2
...

Sheet Analysis
A1: 【SYNTHETIC / 模拟分析结果】GPT-5.6-Thinking v3；仅用于流程、计分与分析管线验证，不得作为真实被试证据
A2: 核心模拟模式：EgoAnchor 在静止稳定、位置正确、遮挡恢复、依赖意愿与总体稳定—响应平衡上较高；运动附着与姿态一致差异较小。所有推断仅描述该合成生成结果。
A3: A. 主证实家族（三物体均值 → 配对 Wilcoxon → 家族内 Holm） | M3: 快速结果 | N3: One-Euro M | O3: EgoAnchor M | P3: EA−OE
A4: 条目 | B4: 简称 | C4: One-Euro Mdn[IQR] | D4: EgoAnchor Mdn[IQR] | E4: 配对差中位 | F4: W | G4: p_raw | H4: p_Holm | I4: 匹配秩双列r | J4: r 95%CI | K4: 结论 | M4: Q1 静止稳定 | N4: 4.25 | O4: 5.1944444 | P4: 0.94444444
A5: Q1 | B5: 静止稳定 | C5: 4.33 [3.92, 4.67] | D5: 5.00 [4.58, 5.67] | E5: 1 | F5: 14.5 | G5: 0.00016965555 | H5: 0.0011875888 | I5: 0.89492754 | J5: [0.67, 1.00] | K5: EgoAnchor 更高（Holm 校正后显著） | M5: Q8 位置正确 | N5: 4.4722222 | O5: 5.1666667 | P5: 0.69444444
A6: Q8 | B6: 位置正确 | C6: 4.67 [4.00, 5.00] | D6: 5.00 [4.67, 5.75] | E6: 0.66666667 | F6: 18 | G6: 0.0011314977 | H6: 0.0056574886 | I6: 0.82857143 | J6: [0.54, 1.00] | K6: EgoAnchor 更高（Holm 校正后显著） | M6: Q2 运动附着 | N6: 4.875 | O6: 4.9861111 | P6: 0.11111111
A7: Q2 | B7: 运动附着 | C7: 5.00 [4.33, 5.08] | D7: 5.17 [4.58, 5.33] | E7: 0.33333333 | F7: 72.5 | G7: 0.36175458 | H7: 0.72350917 | I7: 0.23684211 | J7: [-0.28, 0.75] | K7: Holm 校正后未检出差异 | M7: Q9 姿态一致 | N7: 4.8888889 | O7: 4.9861111 | P7: 0.097222222
A8: Q9 | B8: 姿态一致 | C8: 4.67 [4.67, 5.33] | D8: 5.00 [4.58, 5.33] | E8: 0.16666667 | F8: 115.5 | G8: 0.49162625 | H8: 0.72350917 | I8: 0.16304348 | J8: [-0.32, 0.60] | K8: Holm 校正后未检出差异 | M8: Q3 恢复一致 | N8: 4.1527778 | O8: 4.9583333 | P8: 0.80555556
A9: Q3 | B9: 恢复一致 | C9: 4.17 [3.92, 4.33] | D9: 5.00 [4.33, 5.42] | E9: 0.83333333 | F9: 35 | G9: 0.0029231295 | H9: 0.0087693884 | I9: 0.72332016 | J9: [0.33, 0.99] | K9: EgoAnchor 更高（Holm 校正后显著） | M9: Q6 依赖意愿 | N9: 4.1527778 | O9: 4.8888889 | P9: 0.73611111
A10: Q6 | B10: 依赖意愿 | C10: 4.00 [4.00, 4.33] | D10: 5.00 [4.33, 5.33] | E10: 1 | F10: 14.5 | G10: 0.00026884981 | H10: 0.0016130989 | I10: 0.88537549 | J10: [0.66, 1.00] | K10: EgoAnchor 更高（Holm 校正后显著） | M10: Q7 稳定-响应平衡 | N10: 4.4305556 | O10: 4.9027778 | P10: 0.47222222
A11: Q7 | B11: 稳定-响应平衡 | C11: 4.50 [4.25, 4.75] | D11: 4.83 [4.58, 5.33] | E11: 0.33333333 | F11: 4 | G11: 0.0014471173 | H11: 0.0057884693 | I11: 0.93333333 | J11: [0.73, 1.00] | K11: EgoAnchor 更高（Holm 校正后显著）
A13: B. 已发表量表家族（TiA 反向项先按 6−raw 换向；α 为 Cronbach's α；ω 为单因子标准化 PCA 近似，仅作管线检查）
A14: 量表 | B14: One-Euro Mdn [IQR] | C14: EgoAnchor Mdn [IQR] | D14: 配对差中位 | E14: W | F14: p_raw | G14: p_Holm | H14: 匹配秩双列 r | I14: α(OE) | J14: α(EA) | K14: ω(OE) | L14: ω(EA) | M14: 结论
A15: AQ-EQ（3 项均值） | B15: 4.78 [4.50, 5.03] | C15: 5.17 [4.50, 5.47] | D15: 0.44444444 | E15: 32.5 | F15: 0.0022627867 | G15: 0.0078660722 | H15: 0.743083 | I15: 0.76806236 | J15: 0.76875122 | K15: 0.86600306 | L15: 0.86724195 | M15: EgoAnchor 更高（Holm 校正后显著）
A16: AQ-IQ（3 项均值） | B16: 4.89 [4.64, 5.14] | C16: 5.06 [4.50, 5.33] | D16: 0.055555556 | E16: 104.5 | F16: 0.4744058 | G16: 0.4744058 | H16: 0.17391304 | I16: 0.50420168 | J16: 0.89236452 | K16: 0.75174992 | L16: 0.93561649 | M16: Holm 校正后未检出差异
A17: TiA-R/C（6 项均值） | B17: 4.17 [3.83, 4.50] | C17: 4.58 [4.29, 4.83] | D17: 0.33333333 | E17: 0 | F17: 0.00012916383 | G17: 0.00064581917 | H17: 1 | I17: 0.79179811 | J17: 0.75114504 | K17: 0.85669505 | L17: 0.83003478 | M17: EgoAnchor 更高（Holm 校正后显著）
A18: TiA-U/P（4 项均值） | B18: 4.00 [3.94, 4.25] | C18: 4.38 [4.00, 5.00] | D18: 0.375 | E18: 32 | F18: 0.0019665181 | G18: 0.0078660722 | H18: 0.74703557 | I18: 0.56455493 | J18: 0.76857749 | K18: 0.76017655 | L18: 0.85324061 | M18: EgoAnchor 更高（Holm 校正后显著）
A19: S-TIAS（3 项均值） | B19: 5.33 [4.92, 5.67] | C19: 5.67 [5.33, 6.00] | D19: 0.5 | E19: 25 | F19: 0.0026651357 | G19: 0.0078660722 | H19: 0.76190476 | I19: 0.67167102 | J19: 0.69726248 | K19: 0.82971471 | L19: 0.83028327 | M19: EgoAnchor 更高（Holm 校正后显著）
A21: C. 次级序数模型（本环境用参与者固定效应累积 logit 近似 CLMM；正式分析须改用参与者随机截距 CLMM）
A22: 结局 | B22: 固定效应 | C22: 共同优势比 | D22: 95%CI | E22: p | F22: 备注
A23: Q1 | B23: EgoAnchor vs One-Euro（对象特异） | C23: 鼠标 6.55; 订书机 32.41; 手柄 27.55 | D23: 鼠标 [1.99,21.55]; 订书机 [8.87,118.47]; 手柄 [8.09,93.83] | E23: 鼠标 0.002; 订书机 0.000; 手柄 0.000 | F23: 参与者固定效应累积logit近似；含方法×物体、区块位置、对象内先后；正式论文改用CLMM随机截距
A24: Q8 | B24: EgoAnchor vs One-Euro（对象特异） | C24: 鼠标 4.38; 订书机 8.19; 手柄 12.40 | D24: 鼠标 [1.38,13.88]; 订书机 [2.46,27.25]; 手柄 [3.55,43.28] | E24: 鼠标 0.012; 订书机 0.001; 手柄 0.000 | F24: 参与者固定效应累积logit近似；含方法×物体、区块位置、对象内先后；正式论文改用CLMM随机截距
A25: Q2 | B25: EgoAnchor vs One-Euro（对象特异） | C25: 鼠标 1.68; 订书机 0.83; 手柄 2.70 | D25: 鼠标 [0.57,4.96]; 订书机 [0.27,2.52]; 手柄 [0.89,8.23] | E25: 鼠标 0.343; 订书机 0.741; 手柄 0.081 | F25: 参与者固定效应累积logit近似；含方法×物体、区块位置、对象内先后；正式论文改用CLMM随机截距
A26: Q9 | B26: EgoAnchor vs One-Euro（对象特异） | C26: 鼠标 1.31; 订书机 0.96; 手柄 1.96 | D26: 鼠标 [0.45,3.88]; 订书机 [0.32,2.89]; 手柄 [0.65,5.94] | E26: 鼠标 0.621; 订书机 0.949; 手柄 0.235 | F26: 参与者固定效应累积logit近似；含方法×物体、区块位置、对象内先后；正式论文改用CLMM随机截距
A27: Q3 | B27: EgoAnchor vs One-Euro（对象特异） | C27: 鼠标 3.45; 订书机 10.18; 手柄 6.34 | D27: 鼠标 [1.19,9.96]; 订书机 [3.11,33.32]; 手柄 [2.09,19.25] | E27: 鼠标 0.022; 订书机 0.000; 手柄 0.001 | F27: 参与者固定效应累积logit近似；含方法×物体、区块位置、对象内先后；正式论文改用CLMM随机截距
A28: Q6 | B28: EgoAnchor vs One-Euro（对象特异） | C28: 鼠标 3.71; 订书机 6.89; 手柄 14.52 | D28: 鼠标 [1.22,11.25]; 订书机 [2.19,21.66]; 手柄 [4.43,47.59] | E28: 鼠标 0.020; 订书机 0.001; 手柄 0.000 | F28: 参与者固定效应累积logit近似；含方法×物体、区块位置、对象内先后；正式论文改用CLMM随机截距
A29: Q7 | B29: EgoAnchor vs One-Euro（对象特异） | C29: 鼠标 1.34; 订书机 2.05; 手柄 17.29 | D29: 鼠标 [0.44,4.05]; 订书机 [0.65,6.41]; 手柄 [5.10,58.60] | E29: 鼠标 0.606; 订书机 0.218; 手柄 0.000 | F29: 参与者固定效应累积logit近似；含方法×物体、区块位置、对象内先后；正式论文改用CLMM随机截距
A30: 模型说明 | B30: 非正式CLMM | F30: 每个条目含方法、物体、方法×物体、区块位置、对象内先后及参与者固定效应；OR 为各物体内 EgoAnchor 相对 One-Euro 的比例优势比。
A40: D. 逐物体描述（探索性；方向一致性检查，不作未校正的逐物体检验）
A41: 结局 | B41: 物体 | C41: One-Euro M | D41: EgoAnchor M | E41: 差值 | F41: 方向 | G41: 备注
A42: Q1 | B42: 鼠标 | C42: 4.375 | D42: 5 | E42: 0.625 | F42: EgoAnchor↑ | G42: n=24/方法；描述性
A43: Q1 | B43: 固定订书机 | C43: 4.0833333 | D43: 5.1666667 | E43: 1.0833333 | F43: EgoAnchor↑ | G43: n=24/方法；描述性
A44: Q1 | B44: 游戏手柄 | C44: 4.2916667 | D44: 5.4166667 | E44: 1.125 | F44: EgoAnchor↑ | G44: n=24/方法；描述性
A45: Q2 | B45: 鼠标 | C45: 4.875 | D45: 5.0416667 | E45: 0.16666667 | F45: EgoAnchor↑ | G45: n=24/方法；描述性
A46: Q2 | B46: 固定订书机 | C46: 4.9583333 | D46: 4.9166667 | E46: -0.041666667 | F46: 近似相同 | G46: n=24/方法；描述性
A47: Q2 | B47: 游戏手柄 | C47: 4.7916667 | D47: 5 | E47: 0.20833333 | F47: EgoAnchor↑ | G47: n=24/方法；描述性
A48: Q9 | B48: 鼠标 | C48: 4.7083333 | D48: 4.75 | E48: 0.041666667 | F48: 近似相同 | G48: n=24/方法；描述性
A49: Q9 | B49: 固定订书机 | C49: 5.2083333 | D49: 5.2083333 | E49: 0 | F49: 近似相同 | G49: n=24/方法；描述性
A50: Q9 | B50: 游戏手柄 | C50: 4.75 | D50: 5 | E50: 0.25 | F50: EgoAnchor↑ | G50: n=24/方法；描述性
A51: Q10_OPT | B51: 鼠标 | F51: 未启用 | G51: Q10 默认停用
A52: Q10_OPT | B52: 固定订书机 | F52: 未启用 | G52: Q10 默认停用
A53: Q10_OPT | B53: 游戏手柄 | F53: 未启用 | G53: Q10 默认停用
A54: Q3 | B54: 鼠标 | C54: 4.3333333 | D54: 4.875 | E54: 0.54166667 | F54: EgoAnchor↑ | G54: n=24/方法；描述性
A55: Q3 | B55: 固定订书机 | C55: 4.125 | D55: 5.1666667 | E55: 1.0416667 | F55: EgoAnchor↑ | G55: n=24/方法；描述性
A56: Q3 | B56: 游戏手柄 | C56: 4 | D56: 4.8333333 | E56: 0.83333333 | F56: EgoAnchor↑ | G56: n=24/方法；描述性
A57: Q8 | B57: 鼠标 | C57: 4.5 | D57: 5 | E57: 0.5 | F57: EgoAnchor↑ | G57: n=24/方法；描述性
A58: Q8 | B58: 固定订书机 | C58: 4.5833333 | D58: 5.2916667 | E58: 0.70833333 | F58: EgoAnchor↑ | G58: n=24/方法；描述性
A59: Q8 | B59: 游戏手柄 | C59: 4.3333333 | D59: 5.2083333 | E59: 0.875 | F59: EgoAnchor↑ | G59: n=24/方法；描述性
A60: Q6 | B60: 鼠标 | C60: 4.2083333 | D60: 4.7083333 | E60: 0.5 | F60: EgoAnchor↑ | G60: n=24/方法；描述性
A61: Q6 | B61: 固定订书机 | C61: 4.2916667 | D61: 5 | E61: 0.70833333 | F61: EgoAnchor↑ | G61: n=24/方法；描述性
A62: Q6 | B62: 游戏手柄 | C62: 3.9583333 | D62: 4.9583333 | E62: 1 | F62: EgoAnchor↑ | G62: n=24/方法；描述性
A63: Q7 | B63: 鼠标 | C63: 4.6666667 | D63: 4.7916667 | E63: 0.125 | F63: EgoAnchor↑ | G63: n=24/方法；描述性
A64: Q7 | B64: 固定订书机 | C64: 4.5 | D64: 4.7916667 | E64: 0.29166667 | F64: EgoAnchor↑ | G64: n=24/方法；描述性
A65: Q7 | B65: 游戏手柄 | C65: 4.125 | D65: 5.125 | E65: 1 | F65: EgoAnchor↑ | G65: n=24/方法；描述性
... A71: AQ-IQ | B71: 游戏手柄 | C71: 4.8888889 | D71: 4.9722222 | E71: 0.083333333 | F71: EgoAnchor↑ | G71: n=24/方法；描述性
A73: E. 操纵检验（等价界在预实验前冻结后填入；用 TOST，不以“不显著”代替等价）
A74: 检验项 | B74: One-Euro | C74: EgoAnchor | D74: 差值/分布 | E74: 等价界(冻结) | F74: TOST_p | G74: 判定 | H74: 备注
A75: 候选到达率 Hz | B75: 12.85 ± 0.58 | C75: 12.86 ± 0.48 | D75: +0.007 | E75: 未提供 | F75: NA | G75: 仅描述 | H75: 未提供预冻结方法差等价界，不宣称等价
A76: VCD 分数中位 | B76: 0.785 ± 0.040 | C76: 0.798 ± 0.033 | D76: +0.013 | E76: 未提供 | F76: NA | G76: 仅描述 | H76: 未提供预冻结方法差等价界，不宣称等价
A77: VCD 接纳率 | B77: 88.6 ± 2.9% | C77: 88.2 ± 2.9% | D77: -0.41 pp | E77: 未提供 | F77: NA | G77: 仅描述 | H77: 未提供预冻结方法差等价界，不宣称等价
A78: 输出可用率 | B78: 99.1 ± 0.6% | C78: 99.1 ± 0.5% | D78: -0.04 pp | E78: 未提供 | F78: NA | G78: 仅描述 | H78: 未提供预冻结方法差等价界，不宣称等价
A79: 遮挡时长 s | B79: 0.759 ± 0.037 | C79: 0.757 ± 0.034 | D79: -0.002 | E79: 未提供 | F79: NA | G79: 仅描述 | H79: 未提供预冻结方法差等价界，不宣称等价
A80: FrozenUncertain 事件占比 | B80: 72/72 (100.0%) | C80: 72/72 (100.0%) | D80: +0.0 pp | E80: 未提供 | F80: NA | G80: 仅描述 | H80: 须为多数
A81: Lost 事件占比 | B81: 0/72 (0.0%) | C81: 0/72 (0.0%) | D81: +0.0 pp | E81: 未提供 | F81: NA | G81: 仅描述 | H81: 方法间平衡
A82: 服务器重获取次数 | B82: 总计 61; 1.0 [1.0, 1.0] | C82: 总计 62; 1.0 [1.0, 1.0] | D82: +1 次 | E82: 未提供 | F82: NA | G82: 仅描述 | H82: 描述性
A84: F. 最终测量计数
A85: 测量 | B85: 方法A/先应 | C85: 方法B/后应 | D85: 无明显偏好/NA | E85: 解码后 EgoAnchor | F85: 解码后 One-Euro | G85: 备注
A86: 方法选择
A87: 信任选择 | B87: 9 | C87: 10 | D87: 5 | E87: 15 | F87: 4 | G87: 标签计数与离场后解码计数
A88: 偏好强度分布(1-7) | B88: 10 | C88: 9 | D88: 5 | E88: 18 | F88: 1 | G88: 标签计数与离场后解码计数
A89: 区分信心分布(1-7) | B89: 1:0; 2:2; 3:4; 4:4; 5:6; 6:3; 7:0 | D89: NA=5 | G89: 仅 19 名作出方向性偏好的参与者填写
A90: 偏好×信任不一致人数 | B90: 1:0; 2:1; 3:0; 4:2; 5:5; 6:9; 7:7 | G90: 1–7 分；所有参与者填写
A91: 结束不适分布 | B91: 7 | G91: 含偏好/信任中的无明显选择；严格相反方法=1 人
B92: 无:20 | C92: 轻微:2 | D92: 中等:2 | G92: 无严重不适
A93: G. 开放题双编码工作区（0/1 编码；两名编码者独立后讨论分歧；允许新增主题记入 Other）
A94: Participant_ID | B94: 最明显区别(原文摘录) | C94: 破坏信任(原文摘录) | D94: Stationary_Jitter | E94: Viewpoint_Drift | F94: Absolute_Offset | G94: Motion_Lag | H94: Motion_Sliding | I94: Orientation_Mismatch | J94: PostPlacement_Settling | K94: Recovery_Jump | L94: Wrong_Recovery | M94: Predictability | N94: Embedding_Blending | O94: No_Noticeable_Difference | P94: Other | Q94: Coder1 | R94: Coder2 | S94: 分歧备注
A95: P001 | B95: 一种方法静止和恢复时更稳，另一种移动时更跟手；不同物体上的差异不完全一致，所以我没有明显偏好。 | C95: 物体静止时虚拟内容持续抖动，随着我移动头部还会漂移。 | D95: 1 | E95: 1 | F95: 0 | G95: 1 | H95: 0 | I95: 0 | J95: 0 | K95: 1 | L95: 0 | M95: 0 | N95: 0 | O95: 0 | P95: 0 | Q95: Recovery_Jump, Stationary_Jitter, Viewpoint_Drift | R95: Motion_Lag, Stationary_Jitter, Viewpoint_Drift | S95: 讨论后取有文本依据的并集；分歧：Motion_Lag, Recovery_Jump
A96: P002 | B96: 方法A在静止观察和遮挡恢复后更稳，虚拟内容更像固定在物体上；另一种移动时略显轻快，但偶尔会抖或滑动。 | C96: 物体静止时虚拟内容持续抖动，随着我移动头部还会漂移。 | D96: 1 | E96: 1 | F96: 0 | G96: 0 | H96: 1 | I96: 0 | J96: 0 | K96: 1 | L96: 0 | M96: 0 | N96: 1 | O96: 0 | P96: 0 | Q96: Embedding_Blending, Motion_Sliding, Recovery_Jump, Stationary_Jitter, Viewpoint_Drift | R96: Embedding_Blending, Motion_Sliding, Recovery_Jump, Stationary_Jitter, Viewpoint_Drift | S96: 无分歧
A97: P003 | B97: 方法B在静止观察和遮挡恢复后更稳，虚拟内容更像固定在物体上；另一种移动时略显轻快，但偶尔会抖或滑动。 | C97: 移动物体时虚拟内容从原来的附着位置滑开，尤其是旋转后对不上。 | D97: 1 | E97: 0 | F97: 1 | G97: 0 | H97: 1 | I97: 1 | J97: 0 | K97: 1 | L97: 0 | M97: 0 | N97: 1 | O97: 0 | P97: 0 | Q97: Absolute_Offset, Embedding_Blending, Motion_Sliding, Orientation_Mismatch, Recovery_Jump, Stationary_Jitter | R97: Absolute_Offset, Embedding_Blending, Motion_Sliding, Orientation_Mismatch, Recovery_Jump, Stationary_Jitter | S97: 无分歧
A98: P004 | B98: 方法A在拿起和旋转时更跟手，响应更直接；另一种虽然静止更稳，但移动开始时有一点拖拽感。 | C98: 遮挡移除后虚拟内容突然跳到错误位置，或恢复到与物体明显错开的地方。 | D98: 0 | E98: 0 | F98: 1 | G98: 1 | H98: 0 | I98: 1 | J98: 0 | K98: 1 | L98: 1 | M98: 1 | N98: 0 | O98: 0 | P98: 0 | Q98: Absolute_Offset, Motion_Lag, Recovery_Jump, Wrong_Recovery | R98: Absolute_Offset, Motion_Lag, Orientation_Mismatch, Predictability, Recovery_Jump, Wrong_Recovery | S98: 讨论后取有文本依据的并集；分歧：Orientation_Mismatch, Predictability
A99: P005 | B99: 方法A在静止观察和遮挡恢复后更稳，虚拟内容更像固定在物体上；另一种移动时略显轻快，但偶尔会抖或滑动。 | C99: 移动物体时虚拟内容从原来的附着位置滑开，尤其是旋转后对不上。 | D99: 1 | E99: 0 | F99: 1 | G99: 0 | H99: 1 | I99: 1 | J99: 0 | K99: 1 | L99: 0 | M99: 0 | N99: 1 | O99: 0 | P99: 0 | Q99: Absolute_Offset, Embedding_Blending, Motion_Sliding, Orientation_Mismatch, Recovery_Jump, Stationary_Jitter | R99: Absolute_Offset, Embedding_Blending, Motion_Sliding, Orientation_Mismatch, Recovery_Jump, Stationary_Jitter | S99: 无分歧
A100: P006 | B100: 一种方法静止和恢复时更稳，另一种移动时更跟手；不同物体上的差异不完全一致，所以我没有明显偏好。 | C100: 物体静止时虚拟内容持续抖动，随着我移动头部还会漂移。 | D100: 1 | E100: 1 | F100: 0 | G100: 1 | H100: 0 | I100: 0 | J100: 0 | K100: 1 | L100: 0 | M100: 0 | N100: 0 | O100: 0 | P100: 0 | Q100: Recovery_Jump, Stationary_Jitter, Viewpoint_Drift | R100: Motion_Lag, Stationary_Jitter, Viewpoint_Drift | S100: 讨论后取有文本依据的并集；分歧：Motion_Lag, Recovery_Jump
A101: P007 | B101: 方法B在静止观察和遮挡恢复后更稳，虚拟内容更像固定在物体上；另一种移动时略显轻快，但偶尔会抖或滑动。 | C101: 系统反应没有规律：有时很稳，有时突然延迟或跳变，让我无法预测下一步。 | D101: 1 | E101: 0 | F101: 0 | G101: 1 | H101: 1 | I101: 0 | J101: 0 | K101: 1 | L101: 0 | M101: 1 | N101: 1 | O101: 0 | P101: 0 | Q101: Embedding_Blending, Motion_Lag, Motion_Sliding, Predictability, Recovery_Jump, Stationary_Jitter | R101: Embedding_Blending, Motion_Lag, Motion_Sliding, Predictability, Recovery_Jump, Stationary_Jitter | S101: 无分歧
A102: P008 | B102: 一种方法静止和恢复时更稳，另一种移动时更跟手；不同物体上的差异不完全一致，所以我没有明显偏好。 | C102: 遮挡移除后虚拟内容突然跳到错误位置，或恢复到与物体明显错开的地方。 | D102: 0 | E102: 0 | F102: 1 | G102: 1 | H102: 0 | I102: 0 | J102: 0 | K102: 1 | L102: 1 | M102: 1 | N102: 0 | O102: 0 | P102: 0 | Q102: Absolute_Offset, Recovery_Jump, Wrong_Recovery | R102: Absolute_Offset, Motion_Lag, Predictability, Recovery_Jump, Wrong_Recovery | S102: 讨论后取有文本依据的并集；分歧：Motion_Lag, Predictability
A103: P009 | B103: 方法B在拿起和旋转时更跟手，响应更直接；另一种虽然静止更稳，但移动开始时有一点拖拽感。 | C103: 物体静止时虚拟内容持续抖动，随着我移动头部还会漂移。 | D103: 1 | E103: 1 | F103: 0 | G103: 1 | H103: 0 | I103: 1 | J103: 0 | K103: 0 | L103: 0 | M103: 0 | N103: 0 | O103: 0 | P103: 0 | Q103: Motion_Lag, Stationary_Jitter, Viewpoint_Drift | R103: Motion_Lag, Orientation_Mismatch, Stationary_Jitter, Viewpoint_Drift | S103: 讨论后取有文本依据的并集；分歧：Orientation_Mismatch
A104: P010 | B104: 方法B在拿起和旋转时更跟手，响应更直接；另一种虽然静止更稳，但移动开始时有一点拖拽感。 | C104: 移动物体时虚拟内容从原来的附着位置滑开，尤其是旋转后对不上。 | D104: 0 | E104: 0 | F104: 1 | G104: 1 | H104: 1 | I104: 1 | J104: 0 | K104: 0 | L104: 0 | M104: 0 | N104: 1 | O104: 0 | P104: 0 | Q104: Absolute_Offset, Motion_Lag, Motion_Sliding, Orientation_Mismatch | R104: Absolute_Offset, Embedding_Blending, Motion_Lag, Motion_Sliding, Orientation_Mismatch | S104: 讨论后取有文本依据的并集；分歧：Embedding_Blending
A105: P011 | B105: 方法B在静止观察和遮挡恢复后更稳，虚拟内容更像固定在物体上；另一种移动时略显轻快，但偶尔会抖或滑动。 | C105: 物体静止时虚拟内容持续抖动，随着我移动头部还会漂移。 | D105: 1 | E105: 1 | F105: 0 | G105: 0 | H105: 1 | I105: 0 | J105: 0 | K105: 1 | L105: 0 | M105: 0 | N105: 1 | O105: 0 | P105: 0 | Q105: Embedding_Blending, Motion_Sliding, Recovery_Jump, Stationary_Jitter, Viewpoint_Drift | R105: Embedding_Blending, Motion_Sliding, Recovery_Jump, Stationary_Jitter, Viewpoint_Drift | S105: 无分歧
A106: P012 | B106: 方法B在静止观察和遮挡恢复后更稳，虚拟内容更像固定在物体上；另一种移动时略显轻快，但偶尔会抖或滑动。 | C106: 遮挡移除后虚拟内容突然跳到错误位置，或恢复到与物体明显错开的地方。 | D106: 1 | E106: 0 | F106: 1 | G106: 0 | H106: 1 | I106: 0 | J106: 0 | K106: 1 | L106: 1 | M106: 1 | N106: 1 | O106: 0 | P106: 0 | Q106: Absolute_Offset, Embedding_Blending, Motion_Sliding, Recovery_Jump, Stationary_Jitter, Wrong_Recovery | R106: Absolute_Offset, Embedding_Blending, Motion_Sliding, Predictability, Recovery_Jump, Stationary_Jitter, Wrong_Recovery | S106: 讨论后取有文本依据的并集；分歧：Predictability
... A118: P024 | B118: 方法B在静止观察和遮挡恢复后更稳，虚拟内容更像固定在物体上；另一种移动时略显轻快，但偶尔会抖或滑动。 | C118: 遮挡移除后虚拟内容突然跳到错误位置，或恢复到与物体明显错开的地方。 | D118: 1 | E118: 0 | F118: 1 | G118: 0 | H118: 1 | I118: 0 | J118: 0 | K118: 1 | L118: 1 | M118: 1 | N118: 1 | O118: 0 | P118: 0 | Q118: Absolute_Offset, Embedding_Blending, Motion_Sliding, Recovery_Jump, Stationary_Jitter, Wrong_Recovery | R118: Absolute_Offset, Embedding_Blending, Motion_Sliding, Predictability, Recovery_Jump, Stationary_Jitter, Wrong_Recovery | S118: 讨论后取有文本依据的并集；分歧：Predictability

Sheet Synthetic_Notice
A1: SYNTHETIC DATA NOTICE / 模拟数据声明
A3: 字段 | B3: 内容
A4: 模型 | B4: GPT-5.6-Thinking
A5: 版本 | B5: v3
A6: 生成日期 | B6: 2026-07-27
A7: 主随机种子 | B7: 560327
A8: 模拟规模 | B8: 24 名独立模拟参与者；144 个方法×物体区块；48 份方法级问卷；24 份最终问卷
A9: 数据性质 | B9: 全部为合成数据，不代表真实人类参与者，不得作为 IEEE VR 论文的实证结果或伦理审批下的被试数据。
A10: 已读取输入 | B10: 实验三 v5.1 空白采集模板、论文手稿中的实验三设计、replay_grid 图与 JSON 配置。
A11: 明确未读取 | B11: task_4_complete(3).xlsx、task_5_complete(4).xlsx，以及任何其他既有模拟结果。
A12: 独立性 | B12: 每位模拟参与者使用独立随机种子，并具有独立的人口学、经验、稳定性偏好、响应性偏好、信任倾向、疲劳与噪声。
A14: 用途边界：本工作簿用于流程演练、问卷计分公式验证、分析脚本调试与功效/稳健性管线测试。正式投稿中的用户研究结果必须由真实招募、知情同意、伦理审批/豁免与冻结协议下的实际采集产生。

Sheet Formula_Scores
A1: Formula-driven questionnaire subscores / 公式驱动问卷小分
A2: 所有小分直接引用 Records 原始应答；修改原始分后，Excel 将自动重算。TiA 反向项仅在本表派生，不覆盖原始分。
A4: Participant_ID | B4: Block_Index | C4: 物体 | D4: Shown_Label | E4: Condition | F4: Q1 | G4: Q8 | H4: Q2 | I4: Q9 | J4: Q3 | K4: Q6 | L4: Q7 | M4: AQ_EQ_mean | N4: AQ_IQ_mean | O4: Block_Valid | P4: Source_Row
A5: =Records!A5 -> P001 | B5: =Records!B5 -> 1 | C5: =Records!E5 -> 鼠标 | D5: =Records!G5 -> 方法A | E5: =Records!H5 -> EgoAnchor | F5: =Records!K5 -> 5 | G5: =Records!R5 -> 5 | H5: =Records!L5 -> 5 | I5: =Records!M5 -> 5 | J5: =Records!Q5 -> 5 | K5: =Records!W5 -> 4 | L5: =Records!X5 -> 5 | M5: =IF(COUNT(Records!S5:U5)=0,"",AVERAGE(Records!S5:U5)) -> 5 | N5: =IF(COUNT(Records!O5,Records!P5,Records!V5)=0,"",AVERAGE(Records!O5,Records!P5,Records!V5)) -> 4.6666667 | O5: =Records!AD5 -> 是 | P5: =5 -> 5
A6: =Records!A6 -> P001 | B6: =Records!B6 -> 2 | C6: =Records!E6 -> 鼠标 | D6: =Records!G6 -> 方法B | E6: =Records!H6 -> One-Euro | F6: =Records!K6 -> 3 | G6: =Records!R6 -> 5 | H6: =Records!L6 -> 6 | I6: =Records!M6 -> 4 | J6: =Records!Q6 -> 4 | K6: =Records!W6 -> 3 | L6: =Records!X6 -> 4 | M6: =IF(COUNT(Records!S6:U6)=0,"",AVERAGE(Records!S6:U6)) -> 4.6666667 | N6: =IF(COUNT(Records!O6,Records!P6,Records!V6)=0,"",AVERAGE(Records!O6,Records!P6,Records!V6)) -> 5.3333333 | O6: =Records!AD6 -> 是 | P6: =6 -> 6
A7: =Records!A7 -> P001 | B7: =Records!B7 -> 3 | C7: =Records!E7 -> 固定订书机 | D7: =Records!G7 -> 方法B | E7: =Records!H7 -> One-Euro | F7: =Records!K7 -> 4 | G7: =Records!R7 -> 6 | H7: =Records!L7 -> 4 | I7: =Records!M7 -> 3 | J7: =Records!Q7 -> 3 | K7: =Records!W7 -> 5 | L7: =Records!X7 -> 5 | M7: =IF(COUNT(Records!S7:U7)=0,"",AVERAGE(Records!S7:U7)) -> 5.3333333 | N7: =IF(COUNT(Records!O7,Records!P7,Records!V7)=0,"",AVERAGE(Records!O7,Records!P7,Records!V7)) -> 4.6666667 | O7: =Records!AD7 -> 是 | P7: =7 -> 7
A8: =Records!A8 -> P001 | B8: =Records!B8 -> 4 | C8: =Records!E8 -> 固定订书机 | D8: =Records!G8 -> 方法A | E8: =Records!H8 -> EgoAnchor | F8: =Records!K8 -> 5 | G8: =Records!R8 -> 6 | H8: =Records!L8 -> 6 | I8: =Records!M8 -> 5 | J8: =Records!Q8 -> 6 | K8: =Records!W8 -> 6 | L8: =Records!X8 -> 4 | M8: =IF(COUNT(Records!S8:U8)=0,"",AVERAGE(Records!S8:U8)) -> 5.3333333 | N8: =IF(COUNT(Records!O8,Records!P8,Records!V8)=0,"",AVERAGE(Records!O8,Records!P8,Records!V8)) -> 5 | O8: =Records!AD8 -> 是 | P8: =8 -> 8
A9: =Records!A9 -> P001 | B9: =Records!B9 -> 5 | C9: =Records!E9 -> 游戏手柄 | D9: =Records!G9 -> 方法A | E9: =Records!H9 -> EgoAnchor | F9: =Records!K9 -> 5 | G9: =Records!R9 -> 5 | H9: =Records!L9 -> 5 | I9: =Records!M9 -> 4 | J9: =Records!Q9 -> 5 | K9: =Records!W9 -> 5 | L9: =Records!X9 -> 5 | M9: =IF(COUNT(Records!S9:U9)=0,"",AVERAGE(Records!S9:U9)) -> 4.3333333 | N9: =IF(COUNT(Records!O9,Records!P9,Records!V9)=0,"",AVERAGE(Records!O9,Records!P9,Records!V9)) -> 5 | O9: =Records!AD9 -> 是 | P9: =9 -> 9
A10: =Records!A10 -> P001 | B10: =Records!B10 -> 6 | C10: =Records!E10 -> 游戏手柄 | D10: =Records!G10 -> 方法B | E10: =Records!H10 -> One-Euro | F10: =Records!K10 -> 3 | G10: =Records!R10 -> 5 | H10: =Records!L10 -> 5 | I10: =Records!M10 -> 6 | J10: =Records!Q10 -> 4 | K10: =Records!W10 -> 4 | L10: =Records!X10 -> 4 | M10: =IF(COUNT(Records!S10:U10)=0,"",AVERAGE(Records!S10:U10)) -> 4 | N10: =IF(COUNT(Records!O10,Records!P10,Records!V10)=0,"",AVERAGE(Records!O10,Records!P10,Records!V10)) -> 4.6666667 | O10: =Records!AD10 -> 是 | P10: =10 -> 10
A11: =Records!A11 -> P002 | B11: =Records!B11 -> 1 | C11: =Records!E11 -> 鼠标 | D11: =Records!G11 -> 方法B | E11: =Records!H11 -> One-Euro | F11: =Records!K11 -> 5 | G11: =Records!R11 -> 5 | H11: =Records!L11 -> 7 | I11: =Records!M11 -> 4 | J11: =Records!Q11 -> 6 | K11: =Records!W11 -> 4 | L11: =Records!X11 -> 6 | M11: =IF(COUNT(Records!S11:U11)=0,"",AVERAGE(Records!S11:U11)) -> 5.3333333 | N11: =IF(COUNT(Records!O11,Records!P11,Records!V11)=0,"",AVERAGE(Records!O11,Records!P11,Records!V11)) -> 5.6666667 | O11: =Records!AD11 -> 是 | P11: =11 -> 11
A12: =Records!A12 -> P002 | B12: =Records!B12 -> 2 | C12: =Records!E12 -> 鼠标 | D12: =Records!G12 -> 方法A | E12: =Records!H12 -> EgoAnchor | F12: =Records!K12 -> 5 | G12: =Records!R12 -> 5 | H12: =Records!L12 -> 7 | I12: =Records!M12 -> 6 | J12: =Records!Q12 -> 6 | K12: =Records!W12 -> 7 | L12: =Records!X12 -> 6 | M12: =IF(COUNT(Records!S12:U12)=0,"",AVERAGE(Records!S12:U12)) -> 6 | N12: =IF(COUNT(Records!O12,Records!P12,Records!V12)=0,"",AVERAGE(Records!O12,Records!P12,Records!V12)) -> 4.6666667 | O12: =Records!AD12 -> 是 | P12: =12 -> 12
A13: =Records!A13 -> P002 | B13: =Records!B13 -> 3 | C13: =Records!E13 -> 固定订书机 | D13: =Records!G13 -> 方法A | E13: =Records!H13 -> EgoAnchor | F13: =Records!K13 -> 5 | G13: =Records!R13 -> 6 | H13: =Records!L13 -> 5 | I13: =Records!M13 -> 6 | J13: =Records!Q13 -> 7 | K13: =Records!W13 -> 7 | L13: =Records!X13 -> 6 | M13: =IF(COUNT(Records!S13:U13)=0,"",AVERAGE(Records!S13:U13)) -> 5.3333333 | N13: =IF(COUNT(Records!O13,Records!P13,Records!V13)=0,"",AVERAGE(Records!O13,Records!P13,Records!V13)) -> 6.3333333 | O13: =Records!AD13 -> 是 | P13: =13 -> 13
A14: =Records!A14 -> P002 | B14: =Records!B14 -> 4 | C14: =Records!E14 -> 固定订书机 | D14: =Records!G14 -> 方法B | E14: =Records!H14 -> One-Euro | F14: =Records!K14 -> 5 | G14: =Records!R14 -> 5 | H14: =Records!L14 -> 7 | I14: =Records!M14 -> 5 | J14: =Records!Q14 -> 3 | K14: =Records!W14 -> 5 | L14: =Records!X14 -> 5 | M14: =IF(COUNT(Records!S14:U14)=0,"",AVERAGE(Records!S14:U14)) -> 5.3333333 | N14: =IF(COUNT(Records!O14,Records!P14,Records!V14)=0,"",AVERAGE(Records!O14,Records!P14,Records!V14)) -> 6.3333333 | O14: =Records!AD14 -> 是 | P14: =14 -> 14
A15: =Records!A15 -> P002 | B15: =Records!B15 -> 5 | C15: =Records!E15 -> 游戏手柄 | D15: =Records!G15 -> 方法B | E15: =Records!H15 -> One-Euro | F15: =Records!K15 -> 4 | G15: =Records!R15 -> 4 | H15: =Records!L15 -> 5 | I15: =Records!M15 -> 4 | J15: =Records!Q15 -> 5 | K15: =Records!W15 -> 6 | L15: =Records!X15 -> 3 | M15: =IF(COUNT(Records!S15:U15)=0,"",AVERAGE(Records!S15:U15)) -> 5 | N15: =IF(COUNT(Records!O15,Records!P15,Records!V15)=0,"",AVERAGE(Records!O15,Records!P15,Records!V15)) -> 5 | O15: =Records!AD15 -> 是 | P15: =15 -> 15
A16: =Records!A16 -> P002 | B16: =Records!B16 -> 6 | C16: =Records!E16 -> 游戏手柄 | D16: =Records!G16 -> 方法A | E16: =Records!H16 -> EgoAnchor | F16: =Records!K16 -> 6 | G16: =Records!R16 -> 7 | H16: =Records!L16 -> 3 | I16: =Records!M16 -> 6 | J16: =Records!Q16 -> 6 | K16: =Records!W16 -> 6 | L16: =Records!X16 -> 4 | M16: =IF(COUNT(Records!S16:U16)=0,"",AVERAGE(Records!S16:U16)) -> 5.6666667 | N16: =IF(COUNT(Records!O16,Records!P16,Records!V16)=0,"",AVERAGE(Records!O16,Records!P16,Records!V16)) -> 5.6666667 | O16: =Records!AD16 -> 是 | P16: =16 -> 16
A17: =Records!A17 -> P003 | B17: =Records!B17 -> 1 | C17: =Records!E17 -> 鼠标 | D17: =Records!G17 -> 方法B | E17: =Records!H17 -> EgoAnchor | F17: =Records!K17 -> 5 | G17: =Records!R17 -> 5 | H17: =Records!L17 -> 4 | I17: =Records!M17 -> 5 | J17: =Records!Q17 -> 6 | K17: =Records!W17 -> 5 | L17: =Records!X17 -> 5 | M17: =IF(COUNT(Records!S17:U17)=0,"",AVERAGE(Records!S17:U17)) -> 5.6666667 | N17: =IF(COUNT(Records!O17,Records!P17,Records!V17)=0,"",AVERAGE(Records!O17,Records!P17,Records!V17)) -> 5.3333333 | O17: =Records!AD17 -> 是 | P17: =17 -> 17
A18: =Records!A18 -> P003 | B18: =Records!B18 -> 2 | C18: =Records!E18 -> 鼠标 | D18: =Records!G18 -> 方法A | E18: =Records!H18 -> One-Euro | F18: =Records!K18 -> 5 | G18: =Records!R18 -> 5 | H18: =Records!L18 -> 5 | I18: =Records!M18 -> 4 | J18: =Records!Q18 -> 5 | K18: =Records!W18 -> 4 | L18: =Records!X18 -> 6 | M18: =IF(COUNT(Records!S18:U18)=0,"",AVERAGE(Records!S18:U18)) -> 4.6666667 | N18: =IF(COUNT(Records!O18,Records!P18,Records!V18)=0,"",AVERAGE(Records!O18,Records!P18,Records!V18)) -> 6 | O18: =Records!AD18 -> 是 | P18: =18 -> 18
A19: =Records!A19 -> P003 | B19: =Records!B19 -> 3 | C19: =Records!E19 -> 固定订书机 | D19: =Records!G19 -> 方法A | E19: =Records!H19 -> One-Euro | F19: =Records!K19 -> 4 | G19: =Records!R19 -> 6 | H19: =Records!L19 -> 3 | I19: =Records!M19 -> 4 | J19: =Records!Q19 -> 5 | K19: =Records!W19 -> 5 | L19: =Records!X19 -> 5 | M19: =IF(COUNT(Records!S19:U19)=0,"",AVERAGE(Records!S19:U19)) -> 5.3333333 | N19: =IF(COUNT(Records!O19,Records!P19,Records!V19)=0,"",AVERAGE(Records!O19,Records!P19,Records!V19)) -> 4.6666667 | O19: =Records!AD19 -> 是 | P19: =19 -> 19
A20: =Records!A20 -> P003 | B20: =Records!B20 -> 4 | C20: =Records!E20 -> 固定订书机 | D20: =Records!G20 -> 方法B | E20: =Records!H20 -> EgoAnchor | F20: =Records!K20 -> 6 | G20: =Records!R20 -> 5 | H20: =Records!L20 -> 5 | I20: =Records!M20 -> 5 | J20: =Records!Q20 -> 5 | K20: =Records!W20 -> 5 | L20: =Records!X20 -> 5 | M20: =IF(COUNT(Records!S20:U20)=0,"",AVERAGE(Records!S20:U20)) -> 5.3333333 | N20: =IF(COUNT(Records!O20,Records!P20,Records!V20)=0,"",AVERAGE(Records!O20,Records!P20,Records!V20)) -> 6.3333333 | O20: =Records!AD20 -> 是 | P20: =20 -> 20
A21: =Records!A21 -> P003 | B21: =Records!B21 -> 5 | C21: =Records!E21 -> 游戏手柄 | D21: =Records!G21 -> 方法B | E21: =Records!H21 -> EgoAnchor | F21: =Records!K21 -> 6 | G21: =Records!R21 -> 5 | H21: =Records!L21 -> 5 | I21: =Records!M21 -> 6 | J21: =Records!Q21 -> 6 | K21: =Records!W21 -> 6 | L21: =Records!X21 -> 5 | M21: =IF(COUNT(Records!S21:U21)=0,"",AVERAGE(Records!S21:U21)) -> 6 | N21: =IF(COUNT(Records!O21,Records!P21,Records!V21)=0,"",AVERAGE(Records!O21,Records!P21,Records!V21)) -> 5.6666667 | O21: =Records!AD21 -> 是 | P21: =21 -> 21
A22: =Records!A22 -> P003 | B22: =Records!B22 -> 6 | C22: =Records!E22 -> 游戏手柄 | D22: =Records!G22 -> 方法A | E22: =Records!H22 -> One-Euro | F22: =Records!K22 -> 5 | G22: =Records!R22 -> 4 | H22: =Records!L22 -> 7 | I22: =Records!M22 -> 5 | J22: =Records!Q22 -> 4 | K22: =Records!W22 -> 4 | L22: =Records!X22 -> 4 | M22: =IF(COUNT(Records!S22:U22)=0,"",AVERAGE(Records!S22:U22)) -> 5 | N22: =IF(COUNT(Records!O22,Records!P22,Records!V22)=0,"",AVERAGE(Records!O22,Records!P22,Records!V22)) -> 5.3333333 | O22: =Records!AD22 -> 是 | P22: =22 -> 22
A23: =Records!A23 -> P004 | B23: =Records!B23 -> 1 | C23: =Records!E23 -> 鼠标 | D23: =Records!G23 -> 方法A | E23: =Records!H23 -> One-Euro | F23: =Records!K23 -> 5 | G23: =Records!R23 -> 5 | H23: =Records!L23 -> 4 | I23: =Records!M23 -> 3 | J23: =Records!Q23 -> 5 | K23: =Records!W23 -> 5 | L23: =Records!X23 -> 4 | M23: =IF(COUNT(Records!S23:U23)=0,"",AVERAGE(Records!S23:U23)) -> 4.3333333 | N23: =IF(COUNT(Records!O23,Records!P23,Records!V23)=0,"",AVERAGE(Records!O23,Records!P23,Records!V23)) -> 4.3333333 | O23: =Records!AD23 -> 是 | P23: =23 -> 23
A24: =Records!A24 -> P004 | B24: =Records!B24 -> 2 | C24: =Records!E24 -> 鼠标 | D24: =Records!G24 -> 方法B | E24: =Records!H24 -> EgoAnchor | F24: =Records!K24 -> 4 | G24: =Records!R24 -> 5 | H24: =Records!L24 -> 5 | I24: =Records!M24 -> 4 | J24: =Records!Q24 -> 3 | K24: =Records!W24 -> 5 | L24: =Records!X24 -> 5 | M24: =IF(COUNT(Records!S24:U24)=0,"",AVERAGE(Records!S24:U24)) -> 4.6666667 | N24: =IF(COUNT(Records!O24,Records!P24,Records!V24)=0,"",AVERAGE(Records!O24,Records!P24,Records!V24)) -> 4.6666667 | O24: =Records!AD24 -> 是 | P24: =24 -> 24
A25: =Records!A25 -> P004 | B25: =Records!B25 -> 3 | C25: =Records!E25 -> 固定订书机 | D25: =Records!G25 -> 方法B | E25: =Records!H25 -> EgoAnchor | F25: =Records!K25 -> 4 | G25: =Records!R25 -> 6 | H25: =Records!L25 -> 4 | I25: =Records!M25 -> 4 | J25: =Records!Q25 -> 3 | K25: =Records!W25 -> 5 | L25: =Records!X25 -> 4 | M25: =IF(COUNT(Records!S25:U25)=0,"",AVERAGE(Records!S25:U25)) -> 4.3333333 | N25: =IF(COUNT(Records!O25,Records!P25,Records!V25)=0,"",AVERAGE(Records!O25,Records!P25,Records!V25)) -> 5.3333333 | O25: =Records!AD25 -> 是 | P25: =25 -> 25
A26: =Records!A26 -> P004 | B26: =Records!B26 -> 4 | C26: =Records!E26 -> 固定订书机 | D26: =Records!G26 -> 方法A | E26: =Records!H26 -> One-Euro | F26: =Records!K26 -> 6 | G26: =Records!R26 -> 4 | H26: =Records!L26 -> 4 | I26: =Records!M26 -> 5 | J26: =Records!Q26 -> 5 | K26: =Records!W26 -> 3 | L26: =Records!X26 -> 3 | M26: =IF(COUNT(Records!S26:U26)=0,"",AVERAGE(Records!S26:U26)) -> 4.3333333 | N26: =IF(COUNT(Records!O26,Records!P26,Records!V26)=0,"",AVERAGE(Records!O26,Records!P26,Records!V26)) -> 4.6666667 | O26: =Records!AD26 -> 是 | P26: =26 -> 26
A27: =Records!A27 -> P004 | B27: =Records!B27 -> 5 | C27: =Records!E27 -> 游戏手柄 | D27: =Records!G27 -> 方法A | E27: =Records!H27 -> One-Euro | F27: =Records!K27 -> 5 | G27: =Records!R27 -> 5 | H27: =Records!L27 -> 4 | I27: =Records!M27 -> 4 | J27: =Records!Q27 -> 4 | K27: =Records!W27 -> 5 | L27: =Records!X27 -> 4 | M27: =IF(COUNT(Records!S27:U27)=0,"",AVERAGE(Records!S27:U27)) -> 4 | N27: =IF(COUNT(Records!O27,Records!P27,Records!V27)=0,"",AVERAGE(Records!O27,Records!P27,Records!V27)) -> 4.3333333 | O27: =Records!AD27 -> 是 | P27: =27 -> 27
A28: =Records!A28 -> P004 | B28: =Records!B28 -> 6 | C28: =Records!E28 -> 游戏手柄 | D28: =Records!G28 -> 方法B | E28: =Records!H28 -> EgoAnchor | F28: =Records!K28 -> 5 | G28: =Records!R28 -> 5 | H28: =Records!L28 -> 4 | I28: =Records!M28 -> 6 | J28: =Records!Q28 -> 2 | K28: =Records!W28 -> 2 | L28: =Records!X28 -> 5 | M28: =IF(COUNT(Records!S28:U28)=0,"",AVERAGE(Records!S28:U28)) -> 5 | N28: =IF(COUNT(Records!O28,Records!P28,Records!V28)=0,"",AVERAGE(Records!O28,Records!P28,Records!V28)) -> 3.6666667 | O28: =Records!AD28 -> 是 | P28: =28 -> 28
A29: =Records!A29 -> P005 | B29: =Records!B29 -> 1 | C29: =Records!E29 -> 鼠标 | D29: =Records!G29 -> 方法A | E29: =Records!H29 -> EgoAnchor | F29: =Records!K29 -> 7 | G29: =Records!R29 -> 5 | H29: =Records!L29 -> 5 | I29: =Records!M29 -> 4 | J29: =Records!Q29 -> 6 | K29: =Records!W29 -> 5 | L29: =Records!X29 -> 6 | M29: =IF(COUNT(Records!S29:U29)=0,"",AVERAGE(Records!S29:U29)) -> 5 | N29: =IF(COUNT(Records!O29,Records!P29,Records!V29)=0,"",AVERAGE(Records!O29,Records!P29,Records!V29)) -> 5 | O29: =Records!AD29 -> 是 | P29: =29 -> 29
A30: =Records!A30 -> P005 | B30: =Records!B30 -> 2 | C30: =Records!E30 -> 鼠标 | D30: =Records!G30 -> 方法B | E30: =Records!H30 -> One-Euro | F30: =Records!K30 -> 4 | G30: =Records!R30 -> 5 | H30: =Records!L30 -> 5 | I30: =Records!M30 -> 5 | J30: =Records!Q30 -> 3 | K30: =Records!W30 -> 4 | L30: =Records!X30 -> 5 | M30: =IF(COUNT(Records!S30:U30)=0,"",AVERAGE(Records!S30:U30)) -> 4.6666667 | N30: =IF(COUNT(Records!O30,Records!P30,Records!V30)=0,"",AVERAGE(Records!O30,Records!P30,Records!V30)) -> 5 | O30: =Records!AD30 -> 是 | P30: =30 -> 30
A31: =Records!A31 -> P005 | B31: =Records!B31 -> 3 | C31: =Records!E31 -> 游戏手柄 | D31: =Records!G31 -> 方法B | E31: =Records!H31 -> One-Euro | F31: =Records!K31 -> 5 | G31: =Records!R31 -> 4 | H31: =Records!L31 -> 5 | I31: =Records!M31 -> 4 | J31: =Records!Q31 -> 4 | K31: =Records!W31 -> 5 | L31: =Records!X31 -> 5 | M31: =IF(COUNT(Records!S31:U31)=0,"",AVERAGE(Records!S31:U31)) -> 5.3333333 | N31: =IF(COUNT(Records!O31,Records!P31,Records!V31)=0,"",AVERAGE(Records!O31,Records!P31,Records!V31)) -> 5.3333333 | O31: =Records!AD31 -> 是 | P31: =31 -> 31
A32: =Records!A32 -> P005 | B32: =Records!B32 -> 4 | C32: =Records!E32 -> 游戏手柄 | D32: =Records!G32 -> 方法A | E32: =Records!H32 -> EgoAnchor | F32: =Records!K32 -> 6 | G32: =Records!R32 -> 7 | H32: =Records!L32 -> 5 | I32: =Records!M32 -> 6 | J32: =Records!Q32 -> 6 | K32: =Records!W32 -> 4 | L32: =Records!X32 -> 5 | M32: =IF(COUNT(Records!S32:U32)=0,"",AVERAGE(Records!S32:U32)) -> 5.6666667 | N32: =IF(COUNT(Records!O32,Records!P32,Records!V32)=0,"",AVERAGE(Records!O32,Records!P32,Records!V32)) -> 5.3333333 | O32: =Records!AD32 -> 是 | P32: =32 -> 32
A33: =Records!A33 -> P005 | B33: =Records!B33 -> 5 | C33: =Records!E33 -> 固定订书机 | D33: =Records!G33 -> 方法A | E33: =Records!H33 -> EgoAnchor | F33: =Records!K33 -> 6 | G33: =Records!R33 -> 7 | H33: =Records!L33 -> 6 | I33: =Records!M33 -> 6 | J33: =Records!Q33 -> 7 | K33: =Records!W33 -> 6 | L33: =Records!X33 -> 4 | M33: =IF(COUNT(Records!S33:U33)=0,"",AVERAGE(Records!S33:U33)) -> 5.6666667 | N33: =IF(COUNT(Records!O33,Records!P33,Records!V33)=0,"",AVERAGE(Records!O33,Records!P33,Records!V33)) -> 5 | O33: =Records!AD33 -> 是 | P33: =33 -> 33
A34: =Records!A34 -> P005 | B34: =Records!B34 -> 6 | C34: =Records!E34 -> 固定订书机 | D34: =Records!G34 -> 方法B | E34: =Records!H34 -> One-Euro | F34: =Records!K34 -> 4 | G34: =Records!R34 -> 4 | H34: =Records!L34 -> 3 | I34: =Records!M34 -> 5 | J34: =Records!Q34 -> 3 | K34: =Records!W34 -> 5 | L34: =Records!X34 -> 5 | M34: =IF(COUNT(Records!S34:U34)=0,"",AVERAGE(Records!S34:U34)) -> 5.3333333 | N34: =IF(COUNT(Records!O34,Records!P34,Records!V34)=0,"",AVERAGE(Records!O34,Records!P34,Records!V34)) -> 5.6666667 | O34: =Records!AD34 -> 是 | P34: =34 -> 34
A35: =Records!A35 -> P006 | B35: =Records!B35 -> 1 | C35: =Records!E35 -> 鼠标 | D35: =Records!G35 -> 方法B | E35: =Records!H35 -> One-Euro | F35: =Records!K35 -> 5 | G35: =Records!R35 -> 5 | H35: =Records!L35 -> 4 | I35: =Records!M35 -> 5 | J35: =Records!Q35 -> 4 | K35: =Records!W35 -> 4 | L35: =Records!X35 -> 4 | M35: =IF(COUNT(Records!S35:U35)=0,"",AVERAGE(Records!S35:U35)) -> 5 | N35: =IF(COUNT(Records!O35,Records!P35,Records!V35)=0,"",AVERAGE(Records!O35,Records!P35,Records!V35)) -> 5.6666667 | O35: =Records!AD35 -> 是 | P35: =35 -> 35
A36: =Records!A36 -> P006 | B36: =Records!B36 -> 2 | C36: =Records!E36 -> 鼠标 | D36: =Records!G36 -> 方法A | E36: =Records!H36 -> EgoAnchor | F36: =Records!K36 -> 4 | G36: =Records!R36 -> 5 | H36: =Records!L36 -> 5 | I36: =Records!M36 -> 3 | J36: =Records!Q36 -> 5 | K36: =Records!W36 -> 5 | L36: =Records!X36 -> 4 | M36: =IF(COUNT(Records!S36:U36)=0,"",AVERAGE(Records!S36:U36)) -> 5 | N36: =IF(COUNT(Records!O36,Records!P36,Records!V36)=0,"",AVERAGE(Records!O36,Records!P36,Records!V36)) -> 4.6666667 | O36: =Records!AD36 -> 是 | P36: =36 -> 36
A37: =Records!A37 -> P006 | B37: =Records!B37 -> 3 | C37: =Records!E37 -> 游戏手柄 | D37: =Records!G37 -> 方法A | E37: =Records!H37 -> EgoAnchor | F37: =Records!K37 -> 4 | G37: =Records!R37 -> 5 | H37: =Records!L37 -> 5 | I37: =Records!M37 -> 5 | J37: =Records!Q37 -> 6 | K37: =Records!W37 -> 5 | L37: =Records!X37 -> 6 | M37: =IF(COUNT(Records!S37:U37)=0,"",AVERAGE(Records!S37:U37)) -> 5 | N37: =IF(COUNT(Records!O37,Records!P37,Records!V37)=0,"",AVERAGE(Records!O37,Records!P37,Records!V37)) -> 4.3333333 | O37: =Records!AD37 -> 是 | P37: =37 -> 37
A38: =Records!A38 -> P006 | B38: =Records!B38 -> 4 | C38: =Records!E38 -> 游戏手柄 | D38: =Records!G38 -> 方法B | E38: =Records!H38 -> One-Euro | F38: =Records!K38 -> 3 | G38: =Records!R38 -> 6 | H38: =Records!L38 -> 4 | I38: =Records!M38 -> 4 | J38: =Records!Q38 -> 3 | K38: =Records!W38 -> 4 | L38: =Records!X38 -> 5 | M38: =IF(COUNT(Records!S38:U38)=0,"",AVERAGE(Records!S38:U38)) -> 5 | N38: =IF(COUNT(Records!O38,Records!P38,Records!V38)=0,"",AVERAGE(Records!O38,Records!P38,Records!V38)) -> 4.3333333 | O38: =Records!AD38 -> 是 | P38: =38 -> 38
A39: =Records!A39 -> P006 | B39: =Records!B39 -> 5 | C39: =Records!E39 -> 固定订书机 | D39: =Records!G39 -> 方法B | E39: =Records!H39 -> One-Euro | F39: =Records!K39 -> 3 | G39: =Records!R39 -> 5 | H39: =Records!L39 -> 4 | I39: =Records!M39 -> 5 | J39: =Records!Q39 -> 3 | K39: =Records!W39 -> 5 | L39: =Records!X39 -> 5 | M39: =IF(COUNT(Records!S39:U39)=0,"",AVERAGE(Records!S39:U39)) -> 4.3333333 | N39: =IF(COUNT(Records!O39,Records!P39,Records!V39)=0,"",AVERAGE(Records!O39,Records!P39,Records!V39)) -> 4.6666667 | O39: =Records!AD39 -> 是 | P39: =39 -> 39
A40: =Records!A40 -> P006 | B40: =Records!B40 -> 6 | C40: =Records!E40 -> 固定订书机 | D40: =Records!G40 -> 方法A | E40: =Records!H40 -> EgoAnchor | F40: =Records!K40 -> 5 | G40: =Records!R40 -> 6 | H40: =Records!L40 -> 4 | I40: =Records!M40 -> 5 | J40: =Records!Q40 -> 5 | K40: =Records!W40 -> 5 | L40: =Records!X40 -> 5 | M40: =IF(COUNT(Records!S40:U40)=0,"",AVERAGE(Records!S40:U40)) -> 5.3333333 | N40: =IF(COUNT(Records!O40,Records!P40,Records!V40)=0,"",AVERAGE(Records!O40,Records!P40,Records!V40)) -> 5 | O40: =Records!AD40 -> 是 | P40: =40 -> 40
A41: =Records!A41 -> P007 | B41: =Records!B41 -> 1 | C41: =Records!E41 -> 鼠标 | D41: =Records!G41 -> 方法B | E41: =Records!H41 -> EgoAnchor | F41: =Records!K41 -> 5 | G41: =Records!R41 -> 6 | H41: =Records!L41 -> 6 | I41: =Records!M41 -> 5 | J41: =Records!Q41 -> 5 | K41: =Records!W41 -> 3 | L41: =Records!X41 -> 5 | M41: =IF(COUNT(Records!S41:U41)=0,"",AVERAGE(Records!S41:U41)) -> 5.3333333 | N41: =IF(COUNT(Records!O41,Records!P41,Records!V41)=0,"",AVERAGE(Records!O41,Records!P41,Records!V41)) -> 6 | O41: =Records!AD41 -> 是 | P41: =41 -> 41
A42: =Records!A42 -> P007 | B42: =Records!B42 -> 2 | C42: =Records!E42 -> 鼠标 | D42: =Records!G42 -> 方法A | E42: =Records!H42 -> One-Euro | F42: =Records!K42 -> 5 | G42: =Records!R42 -> 4 | H42: =Records!L42 -> 5 | I42: =Records!M42 -> 5 | J42: =Records!Q42 -> 4 | K42: =Records!W42 -> 4 | L42: =Records!X42 -> 5 | M42: =IF(COUNT(Records!S42:U42)=0,"",AVERAGE(Records!S42:U42)) -> 5.6666667 | N42: =IF(COUNT(Records!O42,Records!P42,Records!V42)=0,"",AVERAGE(Records!O42,Records!P42,Records!V42)) -> 5 | O42: =Records!AD42 -> 是 | P42: =42 -> 42
A43: =Records!A43 -> P007 | B43: =Records!B43 -> 3 | C43: =Records!E43 -> 游戏手柄 | D43: =Records!G43 -> 方法A | E43: =Records!H43 -> One-Euro | F43: =Records!K43 -> 5 | G43: =Records!R43 -> 4 | H43: =Records!L43 -> 5 | I43: =Records!M43 -> 6 | J43: =Records!Q43 -> 4 | K43: =Records!W43 -> 3 | L43: =Records!X43 -> 4 | M43: =IF(COUNT(Records!S43:U43)=0,"",AVERAGE(Records!S43:U43)) -> 4.3333333 | N43: =IF(COUNT(Records!O43,Records!P43,Records!V43)=0,"",AVERAGE(Records!O43,Records!P43,Records!V43)) -> 5.6666667 | O43: =Records!AD43 -> 是 | P43: =43 -> 43
A44: =Records!A44 -> P007 | B44: =Records!B44 -> 4 | C44: =Records!E44 -> 游戏手柄 | D44: =Records!G44 -> 方法B | E44: =Records!H44 -> EgoAnchor | F44: =Records!K44 -> 5 | G44: =Records!R44 -> 4 | H44: =Records!L44 -> 5 | I44: =Records!M44 -> 5 | J44: =Records!Q44 -> 5 | K44: =Records!W44 -> 5 | L44: =Records!X44 -> 5 | M44: =IF(COUNT(Records!S44:U44)=0,"",AVERAGE(Records!S44:U44)) -> 5 | N44: =IF(COUNT(Records!O44,Records!P44,Records!V44)=0,"",AVERAGE(Records!O44,Records!P44,Records!V44)) -> 5.3333333 | O44: =Records!AD44 -> 是 | P44: =44 -> 44
A45: =Records!A45 -> P007 | B45: =Records!B45 -> 5 | C45: =Records!E45 -> 固定订书机 | D45: =Records!G45 -> 方法B | E45: =Records!H45 -> EgoAnchor | F45: =Records!K45 -> 5 | G45: =Records!R45 -> 5 | H45: =Records!L45 -> 5 | I45: =Records!M45 -> 6 | J45: =Records!Q45 -> 7 | K45: =Records!W45 -> 6 | L45: =Records!X45 -> 6 | M45: =IF(COUNT(Records!S45:U45)=0,"",AVERAGE(Records!S45:U45)) -> 5.3333333 | N45: =IF(COUNT(Records!O45,Records!P45,Records!V45)=0,"",AVERAGE(Records!O45,Records!P45,Records!V45)) -> 5 | O45: =Records!AD45 -> 是 | P45: =45 -> 45
A46: =Records!A46 -> P007 | B46: =Records!B46 -> 6 | C46: =Records!E46 -> 固定订书机 | D46: =Records!G46 -> 方法A | E46: =Records!H46 -> One-Euro | F46: =Records!K46 -> 3 | G46: =Records!R46 -> 4 | H46: =Records!L46 -> 5 | I46: =Records!M46 -> 5 | J46: =Records!Q46 -> 5 | K46: =Records!W46 -> 4 | L46: =Records!X46 -> 5 | M46: =IF(COUNT(Records!S46:U46)=0,"",AVERAGE(Records!S46:U46)) -> 5.3333333 | N46: =IF(COUNT(Records!O46,Records!P46,Records!V46)=0,"",AVERAGE(Records!O46,Records!P46,Records!V46)) -> 5 | O46: =Records!AD46 -> 是 | P46: =46 -> 46
A47: =Records!A47 -> P008 | B47: =Records!B47 -> 1 | C47: =Records!E47 -> 鼠标 | D47: =Records!G47 -> 方法A | E47: =Records!H47 -> One-Euro | F47: =Records!K47 -> 4 | G47: =Records!R47 -> 5 | H47: =Records!L47 -> 4 | I47: =Records!M47 -> 5 | J47: =Records!Q47 -> 5 | K47: =Records!W47 -> 5 | L47: =Records!X47 -> 6 | M47: =IF(COUNT(Records!S47:U47)=0,"",AVERAGE(Records!S47:U47)) -> 4.6666667 | N47: =IF(COUNT(Records!O47,Records!P47,Records!V47)=0,"",AVERAGE(Records!O47,Records!P47,Records!V47)) -> 5 | O47: =Records!AD47 -> 是 | P47: =47 -> 47
A48: =Records!A48 -> P008 | B48: =Records!B48 -> 2 | C48: =Records!E48 -> 鼠标 | D48: =Records!G48 -> 方法B | E48: =Records!H48 -> EgoAnchor | F48: =Records!K48 -> 5 | G48: =Records!R48 -> 6 | H48: =Records!L48 -> 6 | I48: =Records!M48 -> 5 | J48: =Records!Q48 -> 4 | K48: =Records!W48 -> 4 | L48: =Records!X48 -> 4 | M48: =IF(COUNT(Records!S48:U48)=0,"",AVERAGE(Records!S48:U48)) -> 4.3333333 | N48: =IF(COUNT(Records!O48,Records!P48,Records!V48)=0,"",AVERAGE(Records!O48,Records!P48,Records!V48)) -> 4.6666667 | O48: =Records!AD48 -> 是 | P48: =48 -> 48
A49: =Records!A49 -> P008 | B49: =Records!B49 -> 3 | C49: =Records!E49 -> 游戏手柄 | D49: =Records!G49 -> 方法B | E49: =Records!H49 -> EgoAnchor | F49: =Records!K49 -> 4 | G49: =Records!R49 -> 5 | H49: =Records!L49 -> 5 | I49: =Records!M49 -> 6 | J49: =Records!Q49 -> 3 | K49: =Records!W49 -> 3 | L49: =Records!X49 -> 5 | M49: =IF(COUNT(Records!S49:U49)=0,"",AVERAGE(Records!S49:U49)) -> 4 | N49: =IF(COUNT(Records!O49,Records!P49,Records!V49)=0,"",AVERAGE(Records!O49,Records!P49,Records!V49)) -> 4.3333333 | O49: =Records!AD49 -> 是 | P49: =49 -> 49
A50: =Records!A50 -> P008 | B50: =Records!B50 -> 4 | C50: =Records!E50 -> 游戏手柄 | D50: =Records!G50 -> 方法A | E50: =Records!H50 -> One-Euro | F50: =Records!K50 -> 5 | G50: =Records!R50 -> 5 | H50: =Records!L50 -> 4 | I50: =Records!M50 -> 5 | J50: =Records!Q50 -> 4 | K50: =Records!W50 -> 4 | L50: =Records!X50 -> 4 | M50: =IF(COUNT(Records!S50:U50)=0,"",AVERAGE(Records!S50:U50)) -> 5 | N50: =IF(COUNT(Records!O50,Records!P50,Records!V50)=0,"",AVERAGE(Records!O50,Records!P50,Records!V50)) -> 4.3333333 | O50: =Records!AD50 -> 是 | P50: =50 -> 50
A51: =Records!A51 -> P008 | B51: =Records!B51 -> 5 | C51: =Records!E51 -> 固定订书机 | D51: =Records!G51 -> 方法A | E51: =Records!H51 -> One-Euro | F51: =Records!K51 -> 5 | G51: =Records!R51 -> 4 | H51: =Records!L51 -> 5 | I51: =Records!M51 -> 4 | J51: =Records!Q51 -> 3 | K51: =Records!W51 -> 4 | L51: =Records!X51 -> 5 | M51: =IF(COUNT(Records!S51:U51)=0,"",AVERAGE(Records!S51:U51)) -> 4.3333333 | N51: =IF(COUNT(Records!O51,Records!P51,Records!V51)=0,"",AVERAGE(Records!O51,Records!P51,Records!V51)) -> 4.3333333 | O51: =Records!AD51 -> 是 | P51: =51 -> 51
A52: =Records!A52 -> P008 | B52: =Records!B52 -> 6 | C52: =Records!E52 -> 固定订书机 | D52: =Records!G52 -> 方法B | E52: =Records!H52 -> EgoAnchor | F52: =Records!K52 -> 4 | G52: =Records!R52 -> 4 | H52: =Records!L52 -> 5 | I52: =Records!M52 -> 5 | J52: =Records!Q52 -> 5 | K52: =Records!W52 -> 4 | L52: =Records!X52 -> 5 | M52: =IF(COUNT(Records!S52:U52)=0,"",AVERAGE(Records!S52:U52)) -> 4.6666667 | N52: =IF(COUNT(Records!O52,Records!P52,Records!V52)=0,"",AVERAGE(Records!O52,Records!P52,Records!V52)) -> 4 | O52: =Records!AD52 -> 是 | P52: =52 -> 52
A53: =Records!A53 -> P009 | B53: =Records!B53 -> 1 | C53: =Records!E53 -> 固定订书机 | D53: =Records!G53 -> 方法A | E53: =Records!H53 -> EgoAnchor | F53: =Records!K53 -> 5 | G53: =Records!R53 -> 5 | H53: =Records!L53 -> 5 | I53: =Records!M53 -> 5 | J53: =Records!Q53 -> 5 | K53: =Records!W53 -> 4 | L53: =Records!X53 -> 3 | M53: =IF(COUNT(Records!S53:U53)=0,"",AVERAGE(Records!S53:U53)) -> 5 | N53: =IF(COUNT(Records!O53,Records!P53,Records!V53)=0,"",AVERAGE(Records!O53,Records!P53,Records!V53)) -> 2.6666667 | O53: =Records!AD53 -> 是 | P53: =53 -> 53
A54: =Records!A54 -> P009 | B54: =Records!B54 -> 2 | C54: =Records!E54 -> 固定订书机 | D54: =Records!G54 -> 方法B | E54: =Records!H54 -> One-Euro | F54: =Records!K54 -> 4 | G54: =Records!R54 -> 4 | H54: =Records!L54 -> 5 | I54: =Records!M54 -> 6 | J54: =Records!Q54 -> 3 | K54: =Records!W54 -> 4 | L54: =Records!X54 -> 4 | M54: =IF(COUNT(Records!S54:U54)=0,"",AVERAGE(Records!S54:U54)) -> 4 | N54: =IF(COUNT(Records!O54,Records!P54,Records!V54)=0,"",AVERAGE(Records!O54,Records!P54,Records!V54)) -> 4.3333333 | O54: =Records!AD54 -> 是 | P54: =54 -> 54
A55: =Records!A55 -> P009 | B55: =Records!B55 -> 3 | C55: =Records!E55 -> 鼠标 | D55: =Records!G55 -> 方法B | E55: =Records!H55 -> One-Euro | F55: =Records!K55 -> 4 | G55: =Records!R55 -> 4 | H55: =Records!L55 -> 6 | I55: =Records!M55 -> 5 | J55: =Records!Q55 -> 4 | K55: =Records!W55 -> 4 | L55: =Records!X55 -> 4 | M55: =IF(COUNT(Records!S55:U55)=0,"",AVERAGE(Records!S55:U55)) -> 4 | N55: =IF(COUNT(Records!O55,Records!P55,Records!V55)=0,"",AVERAGE(Records!O55,Records!P55,Records!V55)) -> 5.3333333 | O55: =Records!AD55 -> 是 | P55: =55 -> 55
A56: =Records!A56 -> P009 | B56: =Records!B56 -> 4 | C56: =Records!E56 -> 鼠标 | D56: =Records!G56 -> 方法A | E56: =Records!H56 -> EgoAnchor | F56: =Records!K56 -> 4 | G56: =Records!R56 -> 4 | H56: =Records!L56 -> 5 | I56: =Records!M56 -> 5 | J56: =Records!Q56 -> 5 | K56: =Records!W56 -> 5 | L56: =Records!X56 -> 4 | M56: =IF(COUNT(Records!S56:U56)=0,"",AVERAGE(Records!S56:U56)) -> 4.3333333 | N56: =IF(COUNT(Records!O56,Records!P56,Records!V56)=0,"",AVERAGE(Records!O56,Records!P56,Records!V56)) -> 4.3333333 | O56: =Records!AD56 -> 是 | P56: =56 -> 56
A57: =Records!A57 -> P009 | B57: =Records!B57 -> 5 | C57: =Records!E57 -> 游戏手柄 | D57: =Records!G57 -> 方法A | E57: =Records!H57 -> EgoAnchor | F57: =Records!K57 -> 4 | G57: =Records!R57 -> 4 | H57: =Records!L57 -> 6 | I57: =Records!M57 -> 4 | J57: =Records!Q57 -> 5 | K57: =Records!W57 -> 4 | L57: =Records!X57 -> 4 | M57: =IF(COUNT(Records!S57:U57)=0,"",AVERAGE(Records!S57:U57)) -> 3.6666667 | N57: =IF(COUNT(Records!O57,Records!P57,Records!V57)=0,"",AVERAGE(Records!O57,Records!P57,Records!V57)) -> 4.6666667 | O57: =Records!AD57 -> 是 | P57: =57 -> 57
A58: =Records!A58 -> P009 | B58: =Records!B58 -> 6 | C58: =Records!E58 -> 游戏手柄 | D58: =Records!G58 -> 方法B | E58: =Records!H58 -> One-Euro | F58: =Records!K58 -> 2 | G58: =Records!R58 -> 3 | H58: =Records!L58 -> 4 | I58: =Records!M58 -> 5 | J58: =Records!Q58 -> 5 | K58: =Records!W58 -> 4 | L58: =Records!X58 -> 3 | M58: =IF(COUNT(Records!S58:U58)=0,"",AVERAGE(Records!S58:U58)) -> 3.6666667 | N58: =IF(COUNT(Records!O58,Records!P58,Records!V58)=0,"",AVERAGE(Records!O58,Records!P58,Records!V58)) -> 5 | O58: =Records!AD58 -> 是 | P58: =58 -> 58
A59: =Records!A59 -> P010 | B59: =Records!B59 -> 1 | C59: =Records!E59 -> 固定订书机 | D59: =Records!G59 -> 方法B | E59: =Records!H59 -> One-Euro | F59: =Records!K59 -> 4 | G59: =Records!R59 -> 5 | H59: =Records!L59 -> 5 | I59: =Records!M59 -> 7 | J59: =Records!Q59 -> 5 | K59: =Records!W59 -> 3 | L59: =Records!X59 -> 4 | M59: =IF(COUNT(Records!S59:U59)=0,"",AVERAGE(Records!S59:U59)) -> 4.6666667 | N59: =IF(COUNT(Records!O59,Records!P59,Records!V59)=0,"",AVERAGE(Records!O59,Records!P59,Records!V59)) -> 4.3333333 | O59: =Records!AD59 -> 是 | P59: =59 -> 59
A60: =Records!A60 -> P010 | B60: =Records!B60 -> 2 | C60: =Records!E60 -> 固定订书机 | D60: =Records!G60 -> 方法A | E60: =Records!H60 -> EgoAnchor | F60: =Records!K60 -> 6 | G60: =Records!R60 -> 5 | H60: =Records!L60 -> 3 | I60: =Records!M60 -> 5 | J60: =Records!Q60 -> 4 | K60: =Records!W60 -> 5 | L60: =Records!X60 -> 5 | M60: =IF(COUNT(Records!S60:U60)=0,"",AVERAGE(Records!S60:U60)) -> 4 | N60: =IF(COUNT(Records!O60,Records!P60,Records!V60)=0,"",AVERAGE(Records!O60,Records!P60,Records!V60)) -> 4.3333333 | O60: =Records!AD60 -> 是 | P60: =60 -> 60
A61: =Records!A61 -> P010 | B61: =Records!B61 -> 3 | C61: =Records!E61 -> 鼠标 | D61: =Records!G61 -> 方法A | E61: =Records!H61 -> EgoAnchor | F61: =Records!K61 -> 4 | G61: =Records!R61 -> 4 | H61: =Records!L61 -> 2 | I61: =Records!M61 -> 3 | J61: =Records!Q61 -> 4 | K61: =Records!W61 -> 5 | L61: =Records!X61 -> 3 | M61: =IF(COUNT(Records!S61:U61)=0,"",AVERAGE(Records!S61:U61)) -> 4.6666667 | N61: =IF(COUNT(Records!O61,Records!P61,Records!V61)=0,"",AVERAGE(Records!O61,Records!P61,Records!V61)) -> 4 | O61: =Records!AD61 -> 是 | P61: =61 -> 61
A62: =Records!A62 -> P010 | B62: =Records!B62 -> 4 | C62: =Records!E62 -> 鼠标 | D62: =Records!G62 -> 方法B | E62: =Records!H62 -> One-Euro | F62: =Records!K62 -> 4 | G62: =Records!R62 -> 5 | H62: =Records!L62 -> 5 | I62: =Records!M62 -> 4 | J62: =Records!Q62 -> 5 | K62: =Records!W62 -> 4 | L62: =Records!X62 -> 3 | M62: =IF(COUNT(Records!S62:U62)=0,"",AVERAGE(Records!S62:U62)) -> 4.6666667 | N62: =IF(COUNT(Records!O62,Records!P62,Records!V62)=0,"",AVERAGE(Records!O62,Records!P62,Records!V62)) -> 5 | O62: =Records!AD62 -> 是 | P62: =62 -> 62
A63: =Records!A63 -> P010 | B63: =Records!B63 -> 5 | C63: =Records!E63 -> 游戏手柄 | D63: =Records!G63 -> 方法B | E63: =Records!H63 -> One-Euro | F63: =Records!K63 -> 4 | G63: =Records!R63 -> 5 | H63: =Records!L63 -> 5 | I63: =Records!M63 -> 5 | J63: =Records!Q63 -> 3 | K63: =Records!W63 -> 4 | L63: =Records!X63 -> 3 | M63: =IF(COUNT(Records!S63:U63)=0,"",AVERAGE(Records!S63:U63)) -> 4.6666667 | N63: =IF(COUNT(Records!O63,Records!P63,Records!V63)=0,"",AVERAGE(Records!O63,Records!P63,Records!V63)) -> 5 | O63: =Records!AD63 -> 是 | P63: =63 -> 63
A64: =Records!A64 -> P010 | B64: =Records!B64 -> 6 | C64: =Records!E64 -> 游戏手柄 | D64: =Records!G64 -> 方法A | E64: =Records!H64 -> EgoAnchor | F64: =Records!K64 -> 5 | G64: =Records!R64 -> 4 | H64: =Records!L64 -> 4 | I64: =Records!M64 -> 5 | J64: =Records!Q64 -> 4 | K64: =Records!W64 -> 6 | L64: =Records!X64 -> 5 | M64: =IF(COUNT(Records!S64:U64)=0,"",AVERAGE(Records!S64:U64)) -> 4.3333333 | N64: =IF(COUNT(Records!O64,Records!P64,Records!V64)=0,"",AVERAGE(Records!O64,Records!P64,Records!V64)) -> 4 | O64: =Records!AD64 -> 是 | P64: =64 -> 64
A65: =Records!A65 -> P011 | B65: =Records!B65 -> 1 | C65: =Records!E65 -> 固定订书机 | D65: =Records!G65 -> 方法B | E65: =Records!H65 -> EgoAnchor | F65: =Records!K65 -> 5 | G65: =Records!R65 -> 5 | H65: =Records!L65 -> 6 | I65: =Records!M65 -> 5 | J65: =Records!Q65 -> 5 | K65: =Records!W65 -> 6 | L65: =Records!X65 -> 5 | M65: =IF(COUNT(Records!S65:U65)=0,"",AVERAGE(Records!S65:U65)) -> 6 | N65: =IF(COUNT(Records!O65,Records!P65,Records!V65)=0,"",AVERAGE(Records!O65,Records!P65,Records!V65)) -> 5.3333333 | O65: =Records!AD65 -> 是 | P65: =65 -> 65
A66: =Records!A66 -> P011 | B66: =Records!B66 -> 2 | C66: =Records!E66 -> 固定订书机 | D66: =Records!G66 -> 方法A | E66: =Records!H66 -> One-Euro | F66: =Records!K66 -> 3 | G66: =Records!R66 -> 5 | H66: =Records!L66 -> 6 | I66: =Records!M66 -> 6 | J66: =Records!Q66 -> 4 | K66: =Records!W66 -> 5 | L66: =Records!X66 -> 4 | M66: =IF(COUNT(Records!S66:U66)=0,"",AVERAGE(Records!S66:U66)) -> 5 | N66: =IF(COUNT(Records!O66,Records!P66,Records!V66)=0,"",AVERAGE(Records!O66,Records!P66,Records!V66)) -> 4.6666667 | O66: =Records!AD66 -> 是 | P66: =66 -> 66
A67: =Records!A67 -> P011 | B67: =Records!B67 -> 3 | C67: =Records!E67 -> 鼠标 | D67: =Records!G67 -> 方法A | E67: =Records!H67 -> One-Euro | F67: =Records!K67 -> 4 | G67: =Records!R67 -> 4 | H67: =Records!L67 -> 4 | I67: =Records!M67 -> 5 | J67: =Records!Q67 -> 5 | K67: =Records!W67 -> 5 | L67: =Records!X67 -> 4 | M67: =IF(COUNT(Records!S67:U67)=0,"",AVERAGE(Records!S67:U67)) -> 5 | N67: =IF(COUNT(Records!O67,Records!P67,Records!V67)=0,"",AVERAGE(Records!O67,Records!P67,Records!V67)) -> 5 | O67: =Records!AD67 -> 是 | P67: =67 -> 67
A68: =Records!A68 -> P011 | B68: =Records!B68 -> 4 | C68: =Records!E68 -> 鼠标 | D68: =Records!G68 -> 方法B | E68: =Records!H68 -> EgoAnchor | F68: =Records!K68 -> 5 | G68: =Records!R68 -> 5 | H68: =Records!L68 -> 6 | I68: =Records!M68 -> 4 | J68: =Records!Q68 -> 4 | K68: =Records!W68 -> 5 | L68: =Records!X68 -> 5 | M68: =IF(COUNT(Records!S68:U68)=0,"",AVERAGE(Records!S68:U68)) -> 5 | N68: =IF(COUNT(Records!O68,Records!P68,Records!V68)=0,"",AVERAGE(Records!O68,Records!P68,Records!V68)) -> 5.3333333 | O68: =Records!AD68 -> 是 | P68: =68 -> 68
A69: =Records!A69 -> P011 | B69: =Records!B69 -> 5 | C69: =Records!E69 -> 游戏手柄 | D69: =Records!G69 -> 方法B | E69: =Records!H69 -> EgoAnchor | F69: =Records!K69 -> 5 | G69: =Records!R69 -> 5 | H69: =Records!L69 -> 6 | I69: =Records!M69 -> 5 | J69: =Records!Q69 -> 7 | K69: =Records!W69 -> 5 | L69: =Records!X69 -> 5 | M69: =IF(COUNT(Records!S69:U69)=0,"",AVERAGE(Records!S69:U69)) -> 5 | N69: =IF(COUNT(Records!O69,Records!P69,Records!V69)=0,"",AVERAGE(Records!O69,Records!P69,Records!V69)) -> 4.6666667 | O69: =Records!AD69 -> 是 | P69: =69 -> 69
A70: =Records!A70 -> P011 | B70: =Records!B70 -> 6 | C70: =Records!E70 -> 游戏手柄 | D70: =Records!G70 -> 方法A | E70: =Records!H70 -> One-Euro | F70: =Records!K70 -> 4 | G70: =Records!R70 -> 3 | H70: =Records!L70 -> 5 | I70: =Records!M70 -> 4 | J70: =Records!Q70 -> 4 | K70: =Records!W70 -> 2 | L70: =Records!X70 -> 3 | M70: =IF(COUNT(Records!S70:U70)=0,"",AVERAGE(Records!S70:U70)) -> 4 | N70: =IF(COUNT(Records!O70,Records!P70,Records!V70)=0,"",AVERAGE(Records!O70,Records!P70,Records!V70)) -> 4.3333333 | O70: =Records!AD70 -> 是 | P70: =70 -> 70
A71: =Records!A71 -> P012 | B71: =Records!B71 -> 1 | C71: =Records!E71 -> 固定订书机 | D71: =Records!G71 -> 方法A | E71: =Records!H71 -> One-Euro | F71: =Records!K71 -> 4 | G71: =Records!R71 -> 6 | H71: =Records!L71 -> 5 | I71: =Records!M71 -> 5 | J71: =Records!Q71 -> 4 | K71: =Records!W71 -> 5 | L71: =Records!X71 -> 5 | M71: =IF(COUNT(Records!S71:U71)=0,"",AVERAGE(Records!S71:U71)) -> 6 | N71: =IF(COUNT(Records!O71,Records!P71,Records!V71)=0,"",AVERAGE(Records!O71,Records!P71,Records!V71)) -> 5.6666667 | O71: =Records!AD71 -> 是 | P71: =71 -> 71
A72: =Records!A72 -> P012 | B72: =Records!B72 -> 2 | C72: =Records!E72 -> 固定订书机 | D72: =Records!G72 -> 方法B | E72: =Records!H72 -> EgoAnchor | F72: =Records!K72 -> 6 | G72: =Records!R72 -> 6 | H72: =Records!L72 -> 5 | I72: =Records!M72 -> 7 | J72: =Records!Q72 -> 7 | K72: =Records!W72 -> 6 | L72: =Records!X72 -> 7 | M72: =IF(COUNT(Records!S72:U72)=0,"",AVERAGE(Records!S72:U72)) -> 6.6666667 | N72: =IF(COUNT(Records!O72,Records!P72,Records!V72)=0,"",AVERAGE(Records!O72,Records!P72,Records!V72)) -> 6 | O72: =Records!AD72 -> 是 | P72: =72 -> 72
A73: =Records!A73 -> P012 | B73: =Records!B73 -> 3 | C73: =Records!E73 -> 鼠标 | D73: =Records!G73 -> 方法B | E73: =Records!H73 -> EgoAnchor | F73: =Records!K73 -> 7 | G73: =Records!R73 -> 6 | H73: =Records!L73 -> 6 | I73: =Records!M73 -> 6 | J73: =Records!Q73 -> 5 | K73: =Records!W73 -> 5 | L73: =Records!X73 -> 7 | M73: =IF(COUNT(Records!S73:U73)=0,"",AVERAGE(Records!S73:U73)) -> 5.3333333 | N73: =IF(COUNT(Records!O73,Records!P73,Records!V73)=0,"",AVERAGE(Records!O73,Records!P73,Records!V73)) -> 6.3333333 | O73: =Records!AD73 -> 是 | P73: =73 -> 73
A74: =Records!A74 -> P012 | B74: =Records!B74 -> 4 | C74: =Records!E74 -> 鼠标 | D74: =Records!G74 -> 方法A | E74: =Records!H74 -> One-Euro | F74: =Records!K74 -> 6 | G74: =Records!R74 -> 5 | H74: =Records!L74 -> 6 | I74: =Records!M74 -> 5 | J74: =Records!Q74 -> 5 | K74: =Records!W74 -> 5 | L74: =Records!X74 -> 5 | M74: =IF(COUNT(Records!S74:U74)=0,"",AVERAGE(Records!S74:U74)) -> 5.3333333 | N74: =IF(COUNT(Records!O74,Records!P74,Records!V74)=0,"",AVERAGE(Records!O74,Records!P74,Records!V74)) -> 5 | O74: =Records!AD74 -> 是 | P74: =74 -> 74
A75: =Records!A75 -> P012 | B75: =Records!B75 -> 5 | C75: =Records!E75 -> 游戏手柄 | D75: =Records!G75 -> 方法A | E75: =Records!H75 -> One-Euro | F75: =Records!K75 -> 5 | G75: =Records!R75 -> 5 | H75: =Records!L75 -> 5 | I75: =Records!M75 -> 7 | J75: =Records!Q75 -> 4 | K75: =Records!W75 -> 5 | L75: =Records!X75 -> 4 | M75: =IF(COUNT(Records!S75:U75)=0,"",AVERAGE(Records!S75:U75)) -> 5 | N75: =IF(COUNT(Records!O75,Records!P75,Records!V75)=0,"",AVERAGE(Records!O75,Records!P75,Records!V75)) -> 5.6666667 | O75: =Records!AD75 -> 是 | P75: =75 -> 75
A76: =Records!A76 -> P012 | B76: =Records!B76 -> 6 | C76: =Records!E76 -> 游戏手柄 | D76: =Records!G76 -> 方法B | E76: =Records!H76 -> EgoAnchor | F76: =Records!K76 -> 7 | G76: =Records!R76 -> 6 | H76: =Records!L76 -> 6 | I76: =Records!M76 -> 6 | J76: =Records!Q76 -> 7 | K76: =Records!W76 -> 7 | L76: =Records!X76 -> 5 | M76: =IF(COUNT(Records!S76:U76)=0,"",AVERAGE(Records!S76:U76)) -> 6.3333333 | N76: =IF(COUNT(Records!O76,Records!P76,Records!V76)=0,"",AVERAGE(Records!O76,Records!P76,Records!V76)) -> 6.6666667 | O76: =Records!AD76 -> 是 | P76: =76 -> 76
A77: =Records!A77 -> P013 | B77: =Records!B77 -> 1 | C77: =Records!E77 -> 固定订书机 | D77: =Records!G77 -> 方法A | E77: =Records!H77 -> EgoAnchor | F77: =Records!K77 -> 4 | G77: =Records!R77 -> 5 | H77: =Records!L77 -> 5 | I77: =Records!M77 -> 4 | J77: =Records!Q77 -> 5 | K77: =Records!W77 -> 5 | L77: =Records!X77 -> 4 | M77: =IF(COUNT(Records!S77:U77)=0,"",AVERAGE(Records!S77:U77)) -> 4.6666667 | N77: =IF(COUNT(Records!O77,Records!P77,Records!V77)=0,"",AVERAGE(Records!O77,Records!P77,Records!V77)) -> 5.3333333 | O77: =Records!AD77 -> 是 | P77: =77 -> 77
A78: =Records!A78 -> P013 | B78: =Records!B78 -> 2 | C78: =Records!E78 -> 固定订书机 | D78: =Records!G78 -> 方法B | E78: =Records!H78 -> One-Euro | F78: =Records!K78 -> 5 | G78: =Records!R78 -> 4 | H78: =Records!L78 -> 4 | I78: =Records!M78 -> 5 | J78: =Records!Q78 -> 6 | K78: =Records!W78 -> 6 | L78: =Records!X78 -> 6 | M78: =IF(COUNT(Records!S78:U78)=0,"",AVERAGE(Records!S78:U78)) -> 5.3333333 | N78: =IF(COUNT(Records!O78,Records!P78,Records!V78)=0,"",AVERAGE(Records!O78,Records!P78,Records!V78)) -> 4.6666667 | O78: =Records!AD78 -> 是 | P78: =78 -> 78
A79: =Records!A79 -> P013 | B79: =Records!B79 -> 3 | C79: =Records!E79 -> 游戏手柄 | D79: =Records!G79 -> 方法B | E79: =Records!H79 -> One-Euro | F79: =Records!K79 -> 4 | G79: =Records!R79 -> 5 | H79: =Records!L79 -> 5 | I79: =Records!M79 -> 4 | J79: =Records!Q79 -> 4 | K79: =Records!W79 -> 4 | L79: =Records!X79 -> 4 | M79: =IF(COUNT(Records!S79:U79)=0,"",AVERAGE(Records!S79:U79)) -> 4.6666667 | N79: =IF(COUNT(Records!O79,Records!P79,Records!V79)=0,"",AVERAGE(Records!O79,Records!P79,Records!V79)) -> 5.3333333 | O79: =Records!AD79 -> 是 | P79: =79 -> 79
A80: =Records!A80 -> P013 | B80: =Records!B80 -> 4 | C80: =Records!E80 -> 游戏手柄 | D80: =Records!G80 -> 方法A | E80: =Records!H80 -> EgoAnchor | F80: =Records!K80 -> 5 | G80: =Records!R80 -> 5 | H80: =Records!L80 -> 4 | I80: =Records!M80 -> 4 | J80: =Records!Q80 -> 4 | K80: =Records!W80 -> 5 | L80: =Records!X80 -> 5 | M80: =IF(COUNT(Records!S80:U80)=0,"",AVERAGE(Records!S80:U80)) -> 4.6666667 | N80: =IF(COUNT(Records!O80,Records!P80,Records!V80)=0,"",AVERAGE(Records!O80,Records!P80,Records!V80)) -> 5.6666667 | O80: =Records!AD80 -> 是 | P80: =80 -> 80
A81: =Records!A81 -> P013 | B81: =Records!B81 -> 5 | C81: =Records!E81 -> 鼠标 | D81: =Records!G81 -> 方法A | E81: =Records!H81 -> EgoAnchor | F81: =Records!K81 -> 6 | G81: =Records!R81 -> 5 | H81: =Records!L81 -> 4 | I81: =Records!M81 -> 4 | J81: =Records!Q81 -> 4 | K81: =Records!W81 -> 4 | L81: =Records!X81 -> 5 | M81: =IF(COUNT(Records!S81:U81)=0,"",AVERAGE(Records!S81:U81)) -> 3.6666667 | N81: =IF(COUNT(Records!O81,Records!P81,Records!V81)=0,"",AVERAGE(Records!O81,Records!P81,Records!V81)) -> 4.6666667 | O81: =Records!AD81 -> 是 | P81: =81 -> 81
A82: =Records!A82 -> P013 | B82: =Records!B82 -> 6 | C82: =Records!E82 -> 鼠标 | D82: =Records!G82 -> 方法B | E82: =Records!H82 -> One-Euro | F82: =Records!K82 -> 4 | G82: =Records!R82 -> 4 | H82: =Records!L82 -> 5 | I82: =Records!M82 -> 6 | J82: =Records!Q82 -> 6 | K82: =Records!W82 -> 4 | L82: =Records!X82 -> 5 | M82: =IF(COUNT(Records!S82:U82)=0,"",AVERAGE(Records!S82:U82)) -> 4.6666667 | N82: =IF(COUNT(Records!O82,Records!P82,Records!V82)=0,"",AVERAGE(Records!O82,Records!P82,Records!V82)) -> 4.6666667 | O82: =Records!AD82 -> 是 | P82: =82 -> 82
A83: =Records!A83 -> P014 | B83: =Records!B83 -> 1 | C83: =Records!E83 -> 固定订书机 | D83: =Records!G83 -> 方法B | E83: =Records!H83 -> One-Euro | F83: =Records!K83 -> 4 | G83: =Records!R83 -> 5 | H83: =Records!L83 -> 5 | I83: =Records!M83 -> 6 | J83: =Records!Q83 -> 4 | K83: =Records!W83 -> 4 | L83: =Records!X83 -> 4 | M83: =IF(COUNT(Records!S83:U83)=0,"",AVERAGE(Records!S83:U83)) -> 5 | N83: =IF(COUNT(Records!O83,Records!P83,Records!V83)=0,"",AVERAGE(Records!O83,Records!P83,Records!V83)) -> 4.3333333 | O83: =Records!AD83 -> 是 | P83: =83 -> 83
A84: =Records!A84 -> P014 | B84: =Records!B84 -> 2 | C84: =Records!E84 -> 固定订书机 | D84: =Records!G84 -> 方法A | E84: =Records!H84 -> EgoAnchor | F84: =Records!K84 -> 4 | G84: =Records!R84 -> 5 | H84: =Records!L84 -> 4 | I84: =Records!M84 -> 5 | J84: =Records!Q84 -> 5 | K84: =Records!W84 -> 4 | L84: =Records!X84 -> 5 | M84: =IF(COUNT(Records!S84:U84)=0,"",AVERAGE(Records!S84:U84)) -> 5.3333333 | N84: =IF(COUNT(Records!O84,Records!P84,Records!V84)=0,"",AVERAGE(Records!O84,Records!P84,Records!V84)) -> 5.3333333 | O84: =Records!AD84 -> 是 | P84: =84 -> 84
A85: =Records!A85 -> P014 | B85: =Records!B85 -> 3 | C85: =Records!E85 -> 游戏手柄 | D85: =Records!G85 -> 方法A | E85: =Records!H85 -> EgoAnchor | F85: =Records!K85 -> 5 | G85: =Records!R85 -> 4 | H85: =Records!L85 -> 6 | I85: =Records!M85 -> 5 | J85: =Records!Q85 -> 4 | K85: =Records!W85 -> 5 | L85: =Records!X85 -> 5 | M85: =IF(COUNT(Records!S85:U85)=0,"",AVERAGE(Records!S85:U85)) -> 5.3333333 | N85: =IF(COUNT(Records!O85,Records!P85,Records!V85)=0,"",AVERAGE(Records!O85,Records!P85,Records!V85)) -> 4.3333333 | O85: =Records!AD85 -> 是 | P85: =85 -> 85
A86: =Records!A86 -> P014 | B86: =Records!B86 -> 4 | C86: =Records!E86 -> 游戏手柄 | D86: =Records!G86 -> 方法B | E86: =Records!H86 -> One-Euro | F86: =Records!K86 -> 5 | G86: =Records!R86 -> 4 | H86: =Records!L86 -> 4 | I86: =Records!M86 -> 4 | J86: =Records!Q86 -> 4 | K86: =Records!W86 -> 4 | L86: =Records!X86 -> 5 | M86: =IF(COUNT(Records!S86:U86)=0,"",AVERAGE(Records!S86:U86)) -> 4.3333333 | N86: =IF(COUNT(Records!O86,Records!P86,Records!V86)=0,"",AVERAGE(Records!O86,Records!P86,Records!V86)) -> 4.3333333 | O86: =Records!AD86 -> 是 | P86: =86 -> 86
A87: =Records!A87 -> P014 | B87: =Records!B87 -> 5 | C87: =Records!E87 -> 鼠标 | D87: =Records!G87 -> 方法B | E87: =Records!H87 -> One-Euro | F87: =Records!K87 -> 5 | G87: =Records!R87 -> 4 | H87: =Records!L87 -> 4 | I87: =Records!M87 -> 6 | J87: =Records!Q87 -> 3 | K87: =Records!W87 -> 4 | L87: =Records!X87 -> 4 | M87: =IF(COUNT(Records!S87:U87)=0,"",AVERAGE(Records!S87:U87)) -> 4.3333333 | N87: =IF(COUNT(Records!O87,Records!P87,Records!V87)=0,"",AVERAGE(Records!O87,Records!P87,Records!V87)) -> 5 | O87: =Records!AD87 -> 是 | P87: =87 -> 87
A88: =Records!A88 -> P014 | B88: =Records!B88 -> 6 | C88: =Records!E88 -> 鼠标 | D88: =Records!G88 -> 方法A | E88: =Records!H88 -> EgoAnchor | F88: =Records!K88 -> 5 | G88: =Records!R88 -> 5 | H88: =Records!L88 -> 5 | I88: =Records!M88 -> 5 | J88: =Records!Q88 -> 4 | K88: =Records!W88 -> 3 | L88: =Records!X88 -> 3 | M88: =IF(COUNT(Records!S88:U88)=0,"",AVERAGE(Records!S88:U88)) -> 5 | N88: =IF(COUNT(Records!O88,Records!P88,Records!V88)=0,"",AVERAGE(Records!O88,Records!P88,Records!V88)) -> 5 | O88: =Records!AD88 -> 是 | P88: =88 -> 88
A89: =Records!A89 -> P015 | B89: =Records!B89 -> 1 | C89: =Records!E89 -> 固定订书机 | D89: =Records!G89 -> 方法B | E89: =Records!H89 -> EgoAnchor | F89: =Records!K89 -> 6 | G89: =Records!R89 -> 5 | H89: =Records!L89 -> 6 | I89: =Records!M89 -> 6 | J89: =Records!Q89 -> 5 | K89: =Records!W89 -> 5 | L89: =Records!X89 -> 4 | M89: =IF(COUNT(Records!S89:U89)=0,"",AVERAGE(Records!S89:U89)) -> 4.6666667 | N89: =IF(COUNT(Records!O89,Records!P89,Records!V89)=0,"",AVERAGE(Records!O89,Records!P89,Records!V89)) -> 6 | O89: =Records!AD89 -> 是 | P89: =89 -> 89
A90: =Records!A90 -> P015 | B90: =Records!B90 -> 2 | C90: =Records!E90 -> 固定订书机 | D90: =Records!G90 -> 方法A | E90: =Records!H90 -> One-Euro | F90: =Records!K90 -> 5 | G90: =Records!R90 -> 4 | H90: =Records!L90 -> 4 | I90: =Records!M90 -> 5 | J90: =Records!Q90 -> 5 | K90: =Records!W90 -> 4 | L90: =Records!X90 -> 4 | M90: =IF(COUNT(Records!S90:U90)=0,"",AVERAGE(Records!S90:U90)) -> 4.6666667 | N90: =IF(COUNT(Records!O90,Records!P90,Records!V90)=0,"",AVERAGE(Records!O90,Records!P90,Records!V90)) -> 5.6666667 | O90: =Records!AD90 -> 是 | P90: =90 -> 90
A91: =Records!A91 -> P015 | B91: =Records!B91 -> 3 | C91: =Records!E91 -> 游戏手柄 | D91: =Records!G91 -> 方法A | E91: =Records!H91 -> One-Euro | F91: =Records!K91 -> 5 | G91: =Records!R91 -> 3 | H91: =Records!L91 -> 4 | I91: =Records!M91 -> 5 | J91: =Records!Q91 -> 3 | K91: =Records!W91 -> 3 | L91: =Records!X91 -> 5 | M91: =IF(COUNT(Records!S91:U91)=0,"",AVERAGE(Records!S91:U91)) -> 5.3333333 | N91: =IF(COUNT(Records!O91,Records!P91,Records!V91)=0,"",AVERAGE(Records!O91,Records!P91,Records!V91)) -> 5.6666667 | O91: =Records!AD91 -> 是 | P91: =91 -> 91
A92: =Records!A92 -> P015 | B92: =Records!B92 -> 4 | C92: =Records!E92 -> 游戏手柄 | D92: =Records!G92 -> 方法B | E92: =Records!H92 -> EgoAnchor | F92: =Records!K92 -> 6 | G92: =Records!R92 -> 7 | H92: =Records!L92 -> 6 | I92: =Records!M92 -> 4 | J92: =Records!Q92 -> 4 | K92: =Records!W92 -> 5 | L92: =Records!X92 -> 5 | M92: =IF(COUNT(Records!S92:U92)=0,"",AVERAGE(Records!S92:U92)) -> 5.6666667 | N92: =IF(COUNT(Records!O92,Records!P92,Records!V92)=0,"",AVERAGE(Records!O92,Records!P92,Records!V92)) -> 4.3333333 | O92: =Records!AD92 -> 是 | P92: =92 -> 92
A93: =Records!A93 -> P015 | B93: =Records!B93 -> 5 | C93: =Records!E93 -> 鼠标 | D93: =Records!G93 -> 方法B | E93: =Records!H93 -> EgoAnchor | F93: =Records!K93 -> 7 | G93: =Records!R93 -> 6 | H93: =Records!L93 -> 5 | I93: =Records!M93 -> 5 | J93: =Records!Q93 -> 5 | K93: =Records!W93 -> 5 | L93: =Records!X93 -> 5 | M93: =IF(COUNT(Records!S93:U93)=0,"",AVERAGE(Records!S93:U93)) -> 4.3333333 | N93: =IF(COUNT(Records!O93,Records!P93,Records!V93)=0,"",AVERAGE(Records!O93,Records!P93,Records!V93)) -> 5 | O93: =Records!AD93 -> 是 | P93: =93 -> 93
A94: =Records!A94 -> P015 | B94: =Records!B94 -> 6 | C94: =Records!E94 -> 鼠标 | D94: =Records!G94 -> 方法A | E94: =Records!H94 -> One-Euro | F94: =Records!K94 -> 4 | G94: =Records!R94 -> 4 | H94: =Records!L94 -> 5 | I94: =Records!M94 -> 4 | J94: =Records!Q94 -> 4 | K94: =Records!W94 -> 5 | L94: =Records!X94 -> 5 | M94: =IF(COUNT(Records!S94:U94)=0,"",AVERAGE(Records!S94:U94)) -> 4.6666667 | N94: =IF(COUNT(Records!O94,Records!P94,Records!V94)=0,"",AVERAGE(Records!O94,Records!P94,Records!V94)) -> 4.6666667 | O94: =Records!AD94 -> 是 | P94: =94 -> 94
A95: =Records!A95 -> P016 | B95: =Records!B95 -> 1 | C95: =Records!E95 -> 固定订书机 | D95: =Records!G95 -> 方法A | E95: =Records!H95 -> One-Euro | F95: =Records!K95 -> 4 | G95: =Records!R95 -> 3 | H95: =Records!L95 -> 7 | I95: =Records!M95 -> 6 | J95: =Records!Q95 -> 4 | K95: =Records!W95 -> 4 | L95: =Records!X95 -> 5 | M95: =IF(COUNT(Records!S95:U95)=0,"",AVERAGE(Records!S95:U95)) -> 4 | N95: =IF(COUNT(Records!O95,Records!P95,Records!V95)=0,"",AVERAGE(Records!O95,Records!P95,Records!V95)) -> 4.6666667 | O95: =Records!AD95 -> 是 | P95: =95 -> 95
A96: =Records!A96 -> P016 | B96: =Records!B96 -> 2 | C96: =Records!E96 -> 固定订书机 | D96: =Records!G96 -> 方法B | E96: =Records!H96 -> EgoAnchor | F96: =Records!K96 -> 5 | G96: =Records!R96 -> 5 | H96: =Records!L96 -> 5 | I96: =Records!M96 -> 6 | J96: =Records!Q96 -> 5 | K96: =Records!W96 -> 5 | L96: =Records!X96 -> 5 | M96: =IF(COUNT(Records!S96:U96)=0,"",AVERAGE(Records!S96:U96)) -> 5.6666667 | N96: =IF(COUNT(Records!O96,Records!P96,Records!V96)=0,"",AVERAGE(Records!O96,Records!P96,Records!V96)) -> 4.6666667 | O96: =Records!AD96 -> 是 | P96: =96 -> 96
A97: =Records!A97 -> P016 | B97: =Records!B97 -> 3 | C97: =Records!E97 -> 游戏手柄 | D97: =Records!G97 -> 方法B | E97: =Records!H97 -> EgoAnchor | F97: =Records!K97 -> 5 | G97: =Records!R97 -> 5 | H97: =Records!L97 -> 6 | I97: =Records!M97 -> 4 | J97: =Records!Q97 -> 5 | K97: =Records!W97 -> 5 | L97: =Records!X97 -> 7 | M97: =IF(COUNT(Records!S97:U97)=0,"",AVERAGE(Records!S97:U97)) -> 5.6666667 | N97: =IF(COUNT(Records!O97,Records!P97,Records!V97)=0,"",AVERAGE(Records!O97,Records!P97,Records!V97)) -> 5.3333333 | O97: =Records!AD97 -> 是 | P97: =97 -> 97
A98: =Records!A98 -> P016 | B98: =Records!B98 -> 4 | C98: =Records!E98 -> 游戏手柄 | D98: =Records!G98 -> 方法A | E98: =Records!H98 -> One-Euro | F98: =Records!K98 -> 5 | G98: =Records!R98 -> 4 | H98: =Records!L98 -> 4 | I98: =Records!M98 -> 4 | J98: =Records!Q98 -> 4 | K98: =Records!W98 -> 3 | L98: =Records!X98 -> 3 | M98: =IF(COUNT(Records!S98:U98)=0,"",AVERAGE(Records!S98:U98)) -> 4.6666667 | N98: =IF(COUNT(Records!O98,Records!P98,Records!V98)=0,"",AVERAGE(Records!O98,Records!P98,Records!V98)) -> 5 | O98: =Records!AD98 -> 是 | P98: =98 -> 98
A99: =Records!A99 -> P016 | B99: =Records!B99 -> 5 | C99: =Records!E99 -> 鼠标 | D99: =Records!G99 -> 方法A | E99: =Records!H99 -> One-Euro | F99: =Records!K99 -> 5 | G99: =Records!R99 -> 4 | H99: =Records!L99 -> 5 | I99: =Records!M99 -> 4 | J99: =Records!Q99 -> 5 | K99: =Records!W99 -> 4 | L99: =Records!X99 -> 5 | M99: =IF(COUNT(Records!S99:U99)=0,"",AVERAGE(Records!S99:U99)) -> 4.3333333 | N99: =IF(COUNT(Records!O99,Records!P99,Records!V99)=0,"",AVERAGE(Records!O99,Records!P99,Records!V99)) -> 5.3333333 | O99: =Records!AD99 -> 是 | P99: =99 -> 99
A100: =Records!A100 -> P016 | B100: =Records!B100 -> 6 | C100: =Records!E100 -> 鼠标 | D100: =Records!G100 -> 方法B | E100: =Records!H100 -> EgoAnchor | F100: =Records!K100 -> 3 | G100: =Records!R100 -> 4 | H100: =Records!L100 -> 5 | I100: =Records!M100 -> 6 | J100: =Records!Q100 -> 5 | K100: =Records!W100 -> 4 | L100: =Records!X100 -> 4 | M100: =IF(COUNT(Records!S100:U100)=0,"",AVERAGE(Records!S100:U100)) -> 5 | N100: =IF(COUNT(Records!O100,Records!P100,Records!V100)=0,"",AVERAGE(Records!O100,Records!P100,Records!V100)) -> 5 | O100: =Records!AD100 -> 是 | P100: =100 -> 100
A101: =Records!A101 -> P017 | B101: =Records!B101 -> 1 | C101: =Records!E101 -> 游戏手柄 | D101: =Records!G101 -> 方法A | E101: =Records!H101 -> EgoAnchor | F101: =Records!K101 -> 5 | G101: =Records!R101 -> 5 | H101: =Records!L101 -> 4 | I101: =Records!M101 -> 4 | J101: =Records!Q101 -> 4 | K101: =Records!W101 -> 4 | L101: =Records!X101 -> 4 | M101: =IF(COUNT(Records!S101:U101)=0,"",AVERAGE(Records!S101:U101)) -> 3.6666667 | N101: =IF(COUNT(Records!O101,Records!P101,Records!V101)=0,"",AVERAGE(Records!O101,Records!P101,Records!V101)) -> 3.6666667 | O101: =Records!AD101 -> 是 | P101: =101 -> 101
...

Sheet Synthetic_Summary
A1: GPT-5.6-Thinking v3 — Synthetic Experiment 3 Summary
A2: 仅用于模拟、公式验证和分析管线测试；不是实际用户研究结果。
A4: 结局 | B4: One-Euro 均值 | C4: EgoAnchor 均值 | D4: 差值(EA-OE) | F4: 最终选择 | G4: EgoAnchor | H4: One-Euro | I4: 无明显偏好 | J4: 合计
A5: ="Q1 静止稳定" -> Q1 静止稳定 | B5: =AVERAGEIF(Formula_Scores!$B$205:$B$252,"One-Euro",Formula_Scores!$D$205:$D$252) -> 4.25 | C5: =AVERAGEIF(Formula_Scores!$B$205:$B$252,"EgoAnchor",Formula_Scores!$D$205:$D$252) -> 5.1944444 | D5: =C5-B5 -> 0.94444444 | F5: 方法选择 | G5: =COUNTIF(Records!$I$203:$I$226,"EgoAnchor") -> 15 | H5: =COUNTIF(Records!$I$203:$I$226,"One-Euro") -> 4 | I5: =COUNTIF(Records!$I$203:$I$226,"无明显偏好") -> 5 | J5: =SUM(G5:I5) -> 24
A6: ="Q8 位置正确" -> Q8 位置正确 | B6: =AVERAGEIF(Formula_Scores!$B$205:$B$252,"One-Euro",Formula_Scores!$E$205:$E$252) -> 4.4722222 | C6: =AVERAGEIF(Formula_Scores!$B$205:$B$252,"EgoAnchor",Formula_Scores!$E$205:$E$252) -> 5.1666667 | D6: =C6-B6 -> 0.69444444 | F6: 信任选择 | G6: =COUNTIF(Records!$J$203:$J$226,"EgoAnchor") -> 18 | H6: =COUNTIF(Records!$J$203:$J$226,"One-Euro") -> 1 | I6: =COUNTIF(Records!$J$203:$J$226,"无明显偏好") -> 5 | J6: =SUM(G6:I6) -> 24
A7: ="Q2 运动附着" -> Q2 运动附着 | B7: =AVERAGEIF(Formula_Scores!$B$205:$B$252,"One-Euro",Formula_Scores!$F$205:$F$252) -> 4.875 | C7: =AVERAGEIF(Formula_Scores!$B$205:$B$252,"EgoAnchor",Formula_Scores!$F$205:$F$252) -> 4.9861111 | D7: =C7-B7 -> 0.11111111
A8: ="Q9 姿态一致" -> Q9 姿态一致 | B8: =AVERAGEIF(Formula_Scores!$B$205:$B$252,"One-Euro",Formula_Scores!$G$205:$G$252) -> 4.8888889 | C8: =AVERAGEIF(Formula_Scores!$B$205:$B$252,"EgoAnchor",Formula_Scores!$G$205:$G$252) -> 4.9861111 | D8: =C8-B8 -> 0.097222222
A9: ="Q3 恢复一致" -> Q3 恢复一致 | B9: =AVERAGEIF(Formula_Scores!$B$205:$B$252,"One-Euro",Formula_Scores!$H$205:$H$252) -> 4.1527778 | C9: =AVERAGEIF(Formula_Scores!$B$205:$B$252,"EgoAnchor",Formula_Scores!$H$205:$H$252) -> 4.9583333 | D9: =C9-B9 -> 0.80555556 | F9: 数据完整性 | G9: 公式 | H9: 期望
A10: ="Q6 依赖意愿" -> Q6 依赖意愿 | B10: =AVERAGEIF(Formula_Scores!$B$205:$B$252,"One-Euro",Formula_Scores!$I$205:$I$252) -> 4.1527778 | C10: =AVERAGEIF(Formula_Scores!$B$205:$B$252,"EgoAnchor",Formula_Scores!$I$205:$I$252) -> 4.8888889 | D10: =C10-B10 -> 0.73611111 | F10: 有效区块数 | G10: =COUNTIF(Records!$AD$5:$AD$148,"是") -> 144 | H10: 144
A11: ="Q7 稳定-响应平衡" -> Q7 稳定-响应平衡 | B11: =AVERAGEIF(Formula_Scores!$B$205:$B$252,"One-Euro",Formula_Scores!$J$205:$J$252) -> 4.4305556 | C11: =AVERAGEIF(Formula_Scores!$B$205:$B$252,"EgoAnchor",Formula_Scores!$J$205:$J$252) -> 4.9027778 | D11: =C11-B11 -> 0.47222222 | F11: 区块评分数(Q10除外) | G11: =COUNT(Records!$K$5:$M$148)+COUNT(Records!$O$5:$X$148) -> 1872 | H11: 1872
A12: ="AQ-EQ" -> AQ-EQ | B12: =AVERAGEIF(Formula_Scores!$B$205:$B$252,"One-Euro",Formula_Scores!$K$205:$K$252) -> 4.6990741 | C12: =AVERAGEIF(Formula_Scores!$B$205:$B$252,"EgoAnchor",Formula_Scores!$K$205:$K$252) -> 5.0416667 | D12: =C12-B12 -> 0.34259259 | F12: Q10 已填写数 | G12: =COUNT(Records!$N$5:$N$148) -> 0 | H12: 0
A13: ="AQ-IQ" -> AQ-IQ | B13: =AVERAGEIF(Formula_Scores!$B$205:$B$252,"One-Euro",Formula_Scores!$L$205:$L$252) -> 4.8935185 | C13: =AVERAGEIF(Formula_Scores!$B$205:$B$252,"EgoAnchor",Formula_Scores!$L$205:$L$252) -> 4.9490741 | D13: =C13-B13 -> 0.055555556 | F13: 方法级问卷数 | G13: =COUNT(Records!$E$152:$E$199) -> 48 | H13: 48
A14: ="TiA R/C" -> TiA R/C | B14: =AVERAGEIF(Formula_Scores!$B$205:$B$252,"One-Euro",Formula_Scores!$M$205:$M$252) -> 4.125 | C14: =AVERAGEIF(Formula_Scores!$B$205:$B$252,"EgoAnchor",Formula_Scores!$M$205:$M$252) -> 4.5208333 | D14: =C14-B14 -> 0.39583333 | F14: 最终问卷数 | G14: =COUNTA(Records!$B$203:$B$226) -> 24 | H14: 24
A15: ="TiA U/P" -> TiA U/P | B15: =AVERAGEIF(Formula_Scores!$B$205:$B$252,"One-Euro",Formula_Scores!$N$205:$N$252) -> 4.0520833 | C15: =AVERAGEIF(Formula_Scores!$B$205:$B$252,"EgoAnchor",Formula_Scores!$N$205:$N$252) -> 4.4375 | D15: =C15-B15 -> 0.38541667 | F15: 进入 Lost 区块 | G15: =COUNTIF(Records!$AL$5:$AL$148,"是") -> 0 | H15: 0
A16: ="S-TIAS" -> S-TIAS | B16: =AVERAGEIF(Formula_Scores!$B$205:$B$252,"One-Euro",Formula_Scores!$O$205:$O$252) -> 5.3055556 | C16: =AVERAGEIF(Formula_Scores!$B$205:$B$252,"EgoAnchor",Formula_Scores!$O$205:$O$252) -> 5.7916667 | D16: =C16-B16 -> 0.48611111
F18: 人口学摘要 | G18: 数值 | H18: 备注
A19: 模拟机制摘要 | F19: 平均年龄 | G19: =AVERAGE(Participants!L3:L26) -> 27 | H19: 岁
A20: 每位参与者独立生成：人口学与经验、稳定/响应偏好、信任倾向、区分能力、疲劳、顺序效应和偶发主观事件。物体难度按鼠标（弱纹理）、订书机（方向性明确）、游戏手柄（遮挡更强）建模。EgoAnchor 的主要预期优势集中在静止稳定、位置正确、遮挡恢复与依赖意愿；运动附着和交互质量保留权衡与个体差异。 | F20: 女性人数 | G20: =COUNTIF(Participants!M3:M26,"女") -> 11
F21: 男性人数 | G21: =COUNTIF(Participants!M3:M26,"男") -> 13
F22: 右手人数 | G22: =COUNTIF(Participants!N3:N26,"右手") -> 19
F23: VR/MR 经常使用 | G23: =COUNTIF(Participants!P3:P26,"经常使用") -> 6
F24: 基线轻微不适 | G24: =COUNTIF(Participants!S3:S26,"轻微") -> 2
F25: 结束轻微/中等不适 | G25: =COUNTIF(Records!H203:H226,"轻微")+COUNTIF(Records!H203:H226,"中等") -> 4
