Workbook

Sheet README
A1: EgoAnchor 实验三 · AI 模拟演练数据（Round 2 · Claude-Opus-5-1M）
A2: 【合成数据 · 严禁作为真实实验数据使用】本工作簿全部评分由语言模型扮演虚拟参与者生成，只用于 v5.1 采集表填写演练与分析流程验证；不得进入论文结果、效应量、功效或样本量推断，不得与真实参与者数据合并。
A4: 生成模型 | B4: Claude-Opus-5-1M
A5: 轮次 | B5: Round 2（独立重抽，不复用 Round 1 参数校准）
A6: 主种子 | B6: 202607272 | C6: 换种子重抽次数 | D6: 400
A7: 生成时间 | B7: 2026-07-27 15:42
A8: 设计版本 | B8: 问卷 v5.1（32 条目 / 每人 108 评分） | C8: 样本 | D8: N=24（24 平衡单元各 1 人）
A9: 结构来源 | B9: 官方采集表 EgoAnchor_Experiment3_DataCollection_24P_v5_1_Beautified_Checked_VSCodeSafe.xlsx
A10: 权威规格 | B10: 2026-EgoAnchor/experiment_3_questionnaire_design_zh.md（v5.1）
A12: 工作簿结构与小分公式约定
A13: 工作表 | B13: 内容 | C13: 小分是否公式计算 | D13: 说明 | E13: 备注
A14: Participants | B14: 24 名虚拟参与者的平衡单元、背景 B1–B6、人物速写 | C14: — | D14: 平衡单元定义沿用官方采集表；人物到单元的指派按感知灵敏度分层随机 | E14: 人物速写为手写内容
A15: Records | B15: 实验记录三段堆叠：A 区块 144 行 / B 方法级 48 行 / C 最终 24 行 | C15: 否（只放原始评分） | D15: 含 TiA 四个反向项的**原始分**；按计划书 9.1，原始评分不得被反向分覆盖 | E15: 唯一的数据输入表
A16: Derived | B16: 四级派生：区块 AQ 子量表 → 方法级反向计分与分量表 → 每人每方法三物体均值 → 每人配对差 | C16: **是 · 全部公式** | D16: 改动 Records 中任一原始评分，本表全部小分立即重算 | E16: 绿底 = 公式
A17: Analysis | B17: 回填壳：主家族 7 项 / 量表家族 5 检验 / 逐物体 / 操纵检验 / 最终计数 / 开放题 | C17: **是 · Mdn、IQR、配对差、dz 均为公式** | D17: W、p、Holm 校正 p、r_rb 自举 CI 与 α/ω 由 Python 写入（普通单元格函数无法表达） | E17: 绿底 = 公式；黄底 = Python 数值
A18: Resample | B18: 400 次换种子重抽的 p 与 dz 分布 | C18: — | D18: 回答「单次抽样是否可复现」：报告分布而非单点 | E18: 本轮新增
A20: 本轮与 Round 1 的差异
A21: 1. 24 名虚拟参与者改为逐人手写人物设定（背景、评分风格、逐通道感知灵敏度、信任倾向、两道开放题原文与访谈备注），生成器只把人物参数映射成 108 个评分。
A22: 2. 不做事后校准：潜在效应量按实验一/二实测通道差异一次设定后不再按实得效应回调，只取单次抽样结果，因此本轮结论是「一次真实抽样」而非「中心估计的一次实现」。
A23: 3. 人物到平衡单元的指派按感知灵敏度分层随机搜索：手写人物按专家/新手交替的叙事节奏排列，若直接顺序对应会使灵敏度与先行方法共线（实测相差 26%），凭空造出顺序效应。
A24: 4. 问卷小分全部改由公式实时计算，Python 只写原始评分。
A25: 5. 追加 400 次换种子重抽，报告 p 与 dz 的分布而非单点。

Sheet Participants
A1: 参与者信息与 24 平衡单元（合成数据；方法映射两列仅实验员可见）
A2: Participant_ID | B2: 平衡单元 | C2: 物体排列ID | D2: 标签序列 | E2: 物体1 | F2: 物体2 | G2: 物体3 | H2: 区块内标签顺序 | I2: 方法A=（保密） | J2: 方法B=（保密） | K2: 先行实际方法 | L2: B1_年龄 | M2: B2_性别 | N2: B3_主手 | O2: B4_视力 | P2: B5_VR/MR经验 | Q2: B6_实物MR经验 | R2: 签署同意 | S2: 基线不适 | T2: 开始时间 | U2: 结束时间 | V2: 纳入分析 | W2: 退出/技术问题 | X2: 备注 | Y2: 人物速写（手写） | Z2: 感知灵敏度设定
A3: P001 | B3: O6-S1-EA | C3: 6 | D3: S1 | E3: 游戏手柄 | F3: 固定订书机 | G3: 鼠标 | H3: A-B / B-A / A-B | I3: EgoAnchor | J3: One-Euro | K3: EgoAnchor | V3: 是 | W3: 无 | Y3: 工科研究生，玩过几款 VR 射击游戏。习惯先盯着物体边缘看有没有“毛边”，静止阶段几乎不动头就先下判断。 | Z3: 1.25
A4: P002 | B4: O4-S2-EA | C4: 4 | D4: S2 | E4: 固定订书机 | F4: 游戏手柄 | G4: 鼠标 | H4: B-A / A-B / B-A | I4: EgoAnchor | J4: One-Euro | K4: One-Euro | V4: 是 | W4: 无 | Y4: 人文社科背景，第二次戴头显，全程比较客气，评分集中在 5–6 分，很少用 1 和 7。 | Z4: 0.7
A5: P003 | B5: O4-S2-OE | C5: 4 | D5: S2 | E5: 固定订书机 | F5: 游戏手柄 | G5: 鼠标 | H5: B-A / A-B / B-A | I5: One-Euro | J5: EgoAnchor | K5: EgoAnchor | V5: 是 | W5: 无 | Y5: 做过 AR 相关外包，见过不少“对不齐”的 demo，标准很高，愿意给 2 分也愿意给 7 分。全程话不多但每题停顿明显。 | Z5: 1.45
A6: P004 | B6: O4-S1-OE | C6: 4 | D6: S1 | E6: 固定订书机 | F6: 游戏手柄 | G6: 鼠标 | H6: A-B / B-A / A-B | I6: One-Euro | J6: EgoAnchor | K6: One-Euro | V6: 是 | W6: 无 | Y6: 设计专业，左手主操作。特别在意“跟不跟手”，对静止时的细微抖动几乎无感，但一说到延迟立刻皱眉。 | Z6: 0.55
A7: P005 | B7: O3-S2-EA | C7: 3 | D7: S2 | E7: 固定订书机 | F7: 鼠标 | G7: 游戏手柄 | H7: B-A / A-B / B-A | I7: EgoAnchor | J7: One-Euro | K7: One-Euro | V7: 是 | W7: 无 | Y7: 计算机视觉方向博士生，日常用头显做开发。会自发对照物体轮廓和虚拟轮廓的边界。 | Z7: 1.3
A8: P006 | B8: O1-S2-OE | C8: 1 | D8: S2 | E8: 鼠标 | F8: 固定订书机 | G8: 游戏手柄 | H8: B-A / A-B / B-A | I8: One-Euro | J8: EgoAnchor | K8: EgoAnchor | V8: 是 | W8: 无 | Y8: 本科一年级，头显新手，全程觉得“很酷”，注意力更多在体验本身而不是对齐质量。评分普遍偏高且集中。 | Z8: 0.3
A9: P007 | B9: O3-S2-OE | C9: 3 | D9: S2 | E9: 固定订书机 | F9: 鼠标 | G9: 游戏手柄 | H9: B-A / A-B / B-A | I9: One-Euro | J9: EgoAnchor | K9: EgoAnchor | V9: 是 | W9: 无 | Y9: 机械工程背景，习惯用公差的语言描述问题，对“大概齐”容忍度低。整体评分基线明显偏低，最高只给到 6。 | Z9: 1.1
A10: P008 | B10: O3-S1-EA | C10: 3 | D10: S1 | E10: 固定订书机 | F10: 鼠标 | G10: 游戏手柄 | H10: A-B / B-A / A-B | I10: EgoAnchor | J10: One-Euro | K10: EgoAnchor | V10: 是 | W10: 无 | Y10: 游戏方向研究生，对旋转特别敏感（常年做第三人称相机）。会主动把物体转到侧面看朝向。 | Z10: 1.15
A11: P009 | B11: O2-S2-OE | C11: 2 | D11: S2 | E11: 鼠标 | F11: 游戏手柄 | G11: 固定订书机 | H11: B-A / A-B / B-A | I11: One-Euro | J11: EgoAnchor | K11: EgoAnchor | V11: 是 | W11: 无 | Y11: 心理学背景，作答认真但不擅长空间判断；对“融合得自然不自然”这类问题反应最强。 | Z11: 0.75
A12: P010 | B12: O5-S2-EA | C12: 5 | D12: S2 | E12: 游戏手柄 | F12: 鼠标 | G12: 固定订书机 | H12: B-A / A-B / B-A | I12: EgoAnchor | J12: One-Euro | K12: One-Euro | V12: 是 | W12: 无 | Y12: 行政岗，首次使用头显，前两个区块主要在适应设备，第三个物体才进入状态。评分整体中间偏上、跨度小。 | Z12: 0.45
A13: P011 | B13: O1-S1-OE | C13: 1 | D13: S1 | E13: 鼠标 | F13: 固定订书机 | G13: 游戏手柄 | H13: A-B / B-A / A-B | I13: One-Euro | J13: EgoAnchor | K13: One-Euro | V13: 是 | W13: 无 | Y13: 做 VR 内容开发，会主动猜测背后的实现（提到“是不是加了个滤波”），需要在记录中如实标注该推测。 | Z13: 1.35
A14: P012 | B14: O3-S1-OE | C14: 3 | D14: S1 | E14: 固定订书机 | F14: 鼠标 | G14: 游戏手柄 | H14: A-B / B-A / A-B | I14: One-Euro | J14: EgoAnchor | K14: One-Euro | V14: 是 | W14: 无 | Y14: 工业设计，评分风格最“中庸”，几乎是全样本的平均画像；作答稳定、时长接近中位数。 | Z14: 0.95
... A26: P024 | B26: O2-S2-EA | C26: 2 | D26: S2 | E26: 鼠标 | F26: 游戏手柄 | G26: 固定订书机 | H26: B-A / A-B / B-A | I26: EgoAnchor | J26: One-Euro | K26: One-Euro | V26: 是 | W26: 无 | Y26: 产品经理，评价角度偏“能不能上线”；末位参与者，第六区块自述有轻微疲劳。 | Z26: 0.95

Sheet Records
A1: 实验记录（合成数据）：A 区块 144 行 → B 方法级 48 行 → C 最终 24 行；本表只放原始评分，全部小分在 Derived 表由公式计算
A3: A. 区块记录（每行 = 一个方法×物体区块：进度 + 13+1 项评分 + 问卷时长 + 运行时审计）
A4: Participant_ID | B4: Block_Index | C4: 平衡单元 | D4: 物体位置 | E4: 物体 | F4: Object_Key | G4: Shown_Label | H4: Condition(保密) | I4: 物体内先后 | J4: 该方法第几次 | K4: Q1 | L4: Q2 | M4: Q9 | N4: Q10_OPT | O4: AQ_IQ2 | P4: AQ_IQ3 | Q4: Q3 | R4: Q8 | S4: AQ_EQ1 | T4: AQ_EQ2 | U4: AQ_EQ3 | V4: AQ_IQ1 | W4: Q6 | X4: Q7 | Y4: 问卷开始 | Z4: 问卷结束 | AA4: 问卷时长_s | AB4: 任务完成 | AC4: 问卷完成 | AD4: 区块有效 | AE4: 技术问题 | AF4: Candidate_Rate_Hz | AG4: VCD_Median | AH4: VCD_Admission_Rate | AI4: Output_Availability | AJ4: 遮挡时长_s | AK4: 遮挡生命周期状态 | AL4: 进入Lost | AM4: 服务器重获取次数 | AN4: StaticLock进入次数 | AO4: 备注
A5: P001 | B5: 1 | C5: O6-S1-EA | D5: 1 | E5: 游戏手柄 | F5: gamepad | G5: 方法A | H5: EgoAnchor | I5: 1 | J5: 1 | K5: 4 | L5: 5 | M5: 5 | O5: 5 | P5: 5 | Q5: 6 | R5: 6 | S5: 6 | T5: 5 | U5: 5 | V5: 5 | W5: 5 | X5: 5 | AA5: 129.9 | AB5: 是 | AC5: 是 | AD5: 是 | AE5: 无 | AF5: 9.62 | AG5: 0.874 | AH5: 0.919 | AI5: 0.938 | AJ5: 0.759 | AK5: FrozenUncertain | AL5: 否 | AM5: 0 | AN5: 3
A6: P001 | B6: 2 | C6: O6-S1-EA | D6: 1 | E6: 游戏手柄 | F6: gamepad | G6: 方法B | H6: One-Euro | I6: 2 | J6: 1 | K6: 4 | L6: 5 | M6: 5 | O6: 7 | P6: 5 | Q6: 5 | R6: 6 | S6: 5 | T6: 5 | U6: 7 | V6: 6 | W6: 6 | X6: 3 | AA6: 127.2 | AB6: 是 | AC6: 是 | AD6: 是 | AE6: 无 | AF6: 9.49 | AG6: 0.926 | AH6: 0.887 | AI6: 0.933 | AJ6: 0.769 | AK6: FrozenUncertain | AL6: 否 | AM6: 0 | AN6: 0
A7: P001 | B7: 3 | C7: O6-S1-EA | D7: 2 | E7: 固定订书机 | F7: stapler | G7: 方法B | H7: One-Euro | I7: 1 | J7: 2 | K7: 5 | L7: 6 | M7: 5 | O7: 7 | P7: 6 | Q7: 6 | R7: 7 | S7: 7 | T7: 6 | U7: 7 | V7: 6 | W7: 5 | X7: 5 | AA7: 119.4 | AB7: 是 | AC7: 是 | AD7: 是 | AE7: 无 | AF7: 10.08 | AG7: 0.896 | AH7: 0.915 | AI7: 0.968 | AJ7: 0.759 | AK7: FrozenUncertain | AL7: 否 | AM7: 0 | AN7: 0
A8: P001 | B8: 4 | C8: O6-S1-EA | D8: 2 | E8: 固定订书机 | F8: stapler | G8: 方法A | H8: EgoAnchor | I8: 2 | J8: 2 | K8: 7 | L8: 6 | M8: 6 | O8: 6 | P8: 6 | Q8: 6 | R8: 7 | S8: 6 | T8: 7 | U8: 7 | V8: 7 | W8: 7 | X8: 5 | AA8: 144.4 | AB8: 是 | AC8: 是 | AD8: 是 | AE8: 无 | AF8: 9.93 | AG8: 0.931 | AH8: 0.891 | AI8: 0.936 | AJ8: 0.735 | AK8: FrozenUncertain | AL8: 否 | AM8: 0 | AN8: 4
A9: P001 | B9: 5 | C9: O6-S1-EA | D9: 3 | E9: 鼠标 | F9: blue_mouse | G9: 方法A | H9: EgoAnchor | I9: 1 | J9: 3 | K9: 4 | L9: 4 | M9: 5 | O9: 5 | P9: 5 | Q9: 4 | R9: 5 | S9: 5 | T9: 4 | U9: 6 | V9: 5 | W9: 5 | X9: 4 | AA9: 144.5 | AB9: 是 | AC9: 是 | AD9: 是 | AE9: 无 | AF9: 9.44 | AG9: 0.863 | AH9: 0.9 | AI9: 0.945 | AJ9: 0.72 | AK9: FrozenUncertain | AL9: 否 | AM9: 0 | AN9: 3
A10: P001 | B10: 6 | C10: O6-S1-EA | D10: 3 | E10: 鼠标 | F10: blue_mouse | G10: 方法B | H10: One-Euro | I10: 2 | J10: 3 | K10: 3 | L10: 5 | M10: 5 | O10: 7 | P10: 3 | Q10: 4 | R10: 6 | S10: 5 | T10: 5 | U10: 6 | V10: 5 | W10: 4 | X10: 4 | AA10: 156.3 | AB10: 是 | AC10: 是 | AD10: 是 | AE10: 无 | AF10: 9.58 | AG10: 0.855 | AH10: 0.867 | AI10: 0.965 | AJ10: 0.736 | AK10: FrozenUncertain | AL10: 否 | AM10: 0 | AN10: 0
A11: P002 | B11: 1 | C11: O4-S2-EA | D11: 1 | E11: 固定订书机 | F11: stapler | G11: 方法B | H11: One-Euro | I11: 1 | J11: 1 | K11: 5 | L11: 5 | M11: 4 | O11: 5 | P11: 4 | Q11: 4 | R11: 4 | S11: 4 | T11: 4 | U11: 6 | V11: 6 | W11: 5 | X11: 4 | AA11: 123.6 | AB11: 是 | AC11: 是 | AD11: 是 | AE11: 无 | AF11: 9.68 | AG11: 0.895 | AH11: 0.993 | AI11: 0.931 | AJ11: 0.717 | AK11: FrozenUncertain | AL11: 否 | AM11: 0 | AN11: 0
A12: P002 | B12: 2 | C12: O4-S2-EA | D12: 1 | E12: 固定订书机 | F12: stapler | G12: 方法A | H12: EgoAnchor | I12: 2 | J12: 1 | K12: 6 | L12: 5 | M12: 5 | O12: 5 | P12: 5 | Q12: 4 | R12: 5 | S12: 4 | T12: 6 | U12: 6 | V12: 6 | W12: 4 | X12: 4 | AA12: 157.2 | AB12: 是 | AC12: 是 | AD12: 是 | AE12: 无 | AF12: 9.68 | AG12: 0.908 | AH12: 0.968 | AI12: 0.919 | AJ12: 0.73 | AK12: FrozenUncertain | AL12: 否 | AM12: 0 | AN12: 6
A13: P002 | B13: 3 | C13: O4-S2-EA | D13: 2 | E13: 游戏手柄 | F13: gamepad | G13: 方法A | H13: EgoAnchor | I13: 1 | J13: 2 | K13: 5 | L13: 4 | M13: 4 | O13: 4 | P13: 5 | Q13: 4 | R13: 4 | S13: 2 | T13: 3 | U13: 5 | V13: 5 | W13: 3 | X13: 3 | AA13: 147.8 | AB13: 是 | AC13: 是 | AD13: 是 | AE13: 无 | AF13: 9.57 | AG13: 0.865 | AH13: 0.95 | AI13: 0.949 | AJ13: 0.764 | AK13: FrozenUncertain | AL13: 否 | AM13: 0 | AN13: 3
A14: P002 | B14: 4 | C14: O4-S2-EA | D14: 2 | E14: 游戏手柄 | F14: gamepad | G14: 方法B | H14: One-Euro | I14: 2 | J14: 2 | K14: 5 | L14: 5 | M14: 4 | O14: 4 | P14: 4 | Q14: 4 | R14: 3 | S14: 3 | T14: 4 | U14: 6 | V14: 6 | W14: 4 | X14: 4 | AA14: 134.7 | AB14: 是 | AC14: 是 | AD14: 是 | AE14: 无 | AF14: 9.43 | AG14: 0.861 | AH14: 0.898 | AI14: 0.952 | AJ14: 0.803 | AK14: FrozenUncertain | AL14: 否 | AM14: 0 | AN14: 0
A15: P002 | B15: 5 | C15: O4-S2-EA | D15: 3 | E15: 鼠标 | F15: blue_mouse | G15: 方法B | H15: One-Euro | I15: 1 | J15: 3 | K15: 5 | L15: 4 | M15: 5 | O15: 5 | P15: 5 | Q15: 4 | R15: 4 | S15: 5 | T15: 5 | U15: 6 | V15: 6 | W15: 3 | X15: 5 | AA15: 157.6 | AB15: 是 | AC15: 是 | AD15: 是 | AE15: 无 | AF15: 9.35 | AG15: 0.846 | AH15: 0.905 | AI15: 0.939 | AJ15: 0.722 | AK15: FrozenUncertain | AL15: 否 | AM15: 0 | AN15: 0
A16: P002 | B16: 6 | C16: O4-S2-EA | D16: 3 | E16: 鼠标 | F16: blue_mouse | G16: 方法A | H16: EgoAnchor | I16: 2 | J16: 3 | K16: 5 | L16: 4 | M16: 3 | O16: 4 | P16: 3 | Q16: 4 | R16: 3 | S16: 3 | T16: 3 | U16: 5 | V16: 4 | W16: 3 | X16: 4 | AA16: 134.7 | AB16: 是 | AC16: 是 | AD16: 是 | AE16: 无 | AF16: 9.64 | AG16: 0.858 | AH16: 0.886 | AI16: 0.948 | AJ16: 0.797 | AK16: FrozenUncertain | AL16: 否 | AM16: 0 | AN16: 3
... A148: P024 | B148: 6 | C148: O2-S2-EA | D148: 3 | E148: 固定订书机 | F148: stapler | G148: 方法A | H148: EgoAnchor | I148: 2 | J148: 3 | K148: 6 | L148: 6 | M148: 6 | O148: 7 | P148: 5 | Q148: 6 | R148: 7 | S148: 6 | T148: 4 | U148: 6 | V148: 4 | W148: 7 | X148: 6 | AA148: 136.1 | AB148: 是 | AC148: 是 | AD148: 是 | AE148: 无 | AF148: 9.84 | AG148: 0.906 | AH148: 0.925 | AI148: 0.931 | AJ148: 0.752 | AK148: FrozenUncertain | AL148: 否 | AM148: 0 | AN148: 3
A150: B. 方法级记录（全部六区块完成后；S1 先评方法 A、S2 先评方法 B；TiA→提示页→S-TIAS）
A151: Participant_ID | B151: Rating_Order | C151: Shown_Label | D151: Condition(保密) | E151: TIA_RC1 | F151: TIA_RC2 | G151: TIA_RC3_REV | H151: TIA_RC4 | I151: TIA_RC5_REV | J151: TIA_RC6 | K151: TIA_UP1 | L151: TIA_UP2_REV | M151: TIA_UP3 | N151: TIA_UP4_REV | O151: STIAS1 | P151: STIAS2 | Q151: STIAS3 | R151: 尺度切换确认 | S151: 问卷开始 | T151: 问卷结束 | U151: 时长_s | V151: 技术问题 | W151: 备注
A152: P001 | B152: 1 | C152: 方法A | D152: EgoAnchor | E152: 4 | F152: 4 | G152: 1 | H152: 4 | I152: 3 | J152: 4 | K152: 3 | L152: 2 | M152: 3 | N152: 2 | O152: 5 | P152: 6 | Q152: 6 | R152: 是 | U152: 150.5 | V152: 无
A153: P001 | B153: 2 | C153: 方法B | D153: One-Euro | E153: 5 | F153: 4 | G153: 2 | H153: 5 | I153: 2 | J153: 4 | K153: 3 | L153: 3 | M153: 5 | N153: 2 | O153: 6 | P153: 6 | Q153: 5 | R153: 是 | U153: 120.2 | V153: 无
A154: P002 | B154: 1 | C154: 方法B | D154: One-Euro | E154: 3 | F154: 2 | G154: 3 | H154: 2 | I154: 4 | J154: 2 | K154: 3 | L154: 4 | M154: 4 | N154: 3 | O154: 3 | P154: 3 | Q154: 4 | R154: 是 | U154: 170.5 | V154: 无
A155: P002 | B155: 2 | C155: 方法A | D155: EgoAnchor | E155: 3 | F155: 3 | G155: 3 | I155: 3 | J155: 3 | K155: 4 | L155: 3 | M155: 3 | N155: 4 | O155: 4 | P155: 4 | Q155: 4 | R155: 是 | U155: 145.9 | V155: 无
A156: P003 | B156: 1 | C156: 方法B | D156: EgoAnchor | E156: 5 | F156: 5 | G156: 3 | H156: 5 | I156: 1 | J156: 5 | K156: 5 | L156: 1 | M156: 4 | N156: 1 | O156: 7 | P156: 5 | Q156: 7 | R156: 是 | U156: 142.5 | V156: 无
A157: P003 | B157: 2 | C157: 方法A | D157: One-Euro | E157: 4 | F157: 3 | G157: 4 | H157: 2 | I157: 3 | J157: 3 | K157: 4 | L157: 2 | M157: 3 | N157: 3 | O157: 5 | P157: 3 | Q157: 4 | R157: 是 | U157: 122.7 | V157: 无
A158: P004 | B158: 1 | C158: 方法A | D158: One-Euro | E158: 4 | F158: 3 | G158: 2 | H158: 4 | I158: 3 | J158: 3 | K158: 4 | L158: 3 | M158: 3 | N158: 2 | O158: 5 | P158: 6 | Q158: 5 | R158: 是 | U158: 145 | V158: 无
A159: P004 | B159: 2 | C159: 方法B | D159: EgoAnchor | E159: 3 | F159: 3 | G159: 3 | H159: 2 | I159: 5 | J159: 3 | K159: 3 | L159: 3 | M159: 1 | N159: 3 | O159: 5 | P159: 4 | Q159: 4 | R159: 是 | U159: 146.7 | V159: 无
A160: P005 | B160: 1 | C160: 方法B | D160: One-Euro | E160: 2 | F160: 1 | G160: 4 | H160: 1 | I160: 3 | J160: 3 | K160: 1 | L160: 5 | M160: 1 | N160: 4 | O160: 1 | P160: 1 | Q160: 3 | R160: 是 | U160: 145.4 | V160: 无
A161: P005 | B161: 2 | C161: 方法A | D161: EgoAnchor | E161: 3 | F161: 2 | G161: 2 | H161: 2 | I161: 3 | J161: 3 | K161: 1 | L161: 3 | M161: 2 | N161: 3 | O161: 4 | P161: 3 | Q161: 3 | R161: 是 | U161: 130.6 | V161: 无
A162: P006 | B162: 1 | C162: 方法B | D162: EgoAnchor | E162: 3 | F162: 3 | G162: 3 | H162: 3 | I162: 2 | J162: 3 | K162: 2 | L162: 4 | M162: 2 | N162: 2 | O162: 4 | P162: 4 | Q162: 4 | R162: 是 | U162: 191 | V162: 无
A163: P006 | B163: 2 | C163: 方法A | D163: One-Euro | E163: 3 | F163: 3 | G163: 2 | H163: 3 | I163: 3 | J163: 3 | K163: 3 | L163: 3 | M163: 4 | N163: 3 | O163: 4 | P163: 4 | Q163: 3 | R163: 是 | U163: 176.6 | V163: 无
A164: P007 | B164: 1 | C164: 方法B | D164: EgoAnchor | E164: 5 | F164: 5 | G164: 1 | H164: 5 | I164: 1 | J164: 5 | K164: 5 | L164: 2 | M164: 5 | N164: 1 | O164: 7 | P164: 7 | Q164: 7 | R164: 是 | U164: 128 | V164: 无
A165: P007 | B165: 2 | C165: 方法A | D165: One-Euro | E165: 5 | F165: 5 | G165: 2 | H165: 5 | I165: 2 | J165: 5 | K165: 5 | L165: 1 | M165: 5 | N165: 2 | O165: 6 | P165: 7 | Q165: 7 | R165: 是 | U165: 119.3 | V165: 无
A166: P008 | B166: 1 | C166: 方法A | D166: EgoAnchor | E166: 3 | F166: 4 | G166: 3 | H166: 4 | I166: 3 | J166: 5 | K166: 5 | L166: 1 | M166: 5 | N166: 2 | O166: 5 | P166: 6 | Q166: 6 | R166: 是 | U166: 139.3 | V166: 无
A167: P008 | B167: 2 | C167: 方法B | D167: One-Euro | E167: 4 | F167: 3 | G167: 3 | H167: 3 | I167: 2 | J167: 4 | K167: 4 | L167: 2 | M167: 4 | N167: 3 | O167: 5 | P167: 6 | Q167: 6 | R167: 是 | U167: 160 | V167: 无
A168: P009 | B168: 1 | C168: 方法B | D168: EgoAnchor | F168: 4 | G168: 2 | H168: 3 | I168: 3 | J168: 3 | K168: 3 | L168: 2 | M168: 4 | N168: 3 | O168: 5 | P168: 4 | Q168: 4 | R168: 是 | U168: 176.6 | V168: 无
A169: P009 | B169: 2 | C169: 方法A | D169: One-Euro | E169: 3 | F169: 3 | G169: 2 | H169: 3 | I169: 4 | J169: 3 | K169: 2 | L169: 3 | M169: 3 | N169: 3 | O169: 4 | P169: 4 | Q169: 4 | R169: 是 | U169: 143.7 | V169: 无
A170: P010 | B170: 1 | C170: 方法B | D170: One-Euro | E170: 3 | F170: 4 | G170: 3 | H170: 4 | I170: 3 | J170: 3 | K170: 3 | L170: 4 | M170: 3 | N170: 2 | O170: 4 | P170: 5 | Q170: 4 | R170: 是 | U170: 210.2 | V170: 无
A171: P010 | B171: 2 | C171: 方法A | D171: EgoAnchor | E171: 3 | F171: 3 | G171: 3 | H171: 3 | I171: 3 | J171: 4 | K171: 2 | L171: 4 | M171: 3 | N171: 2 | O171: 4 | P171: 3 | Q171: 4 | R171: 是 | U171: 170.4 | V171: 无
A172: P011 | B172: 1 | C172: 方法A | D172: One-Euro | E172: 2 | F172: 2 | G172: 3 | H172: 3 | I172: 5 | J172: 1 | K172: 2 | L172: 3 | M172: 2 | N172: 3 | O172: 3 | P172: 3 | Q172: 1 | R172: 是 | U172: 117.2 | V172: 无
A173: P011 | B173: 2 | C173: 方法B | D173: EgoAnchor | E173: 4 | F173: 3 | G173: 3 | H173: 4 | I173: 3 | J173: 4 | K173: 4 | L173: 3 | M173: 4 | N173: 2 | O173: 5 | P173: 5 | Q173: 6 | R173: 是 | U173: 153.9 | V173: 无
A174: P012 | B174: 1 | C174: 方法A | D174: One-Euro | E174: 4 | F174: 3 | G174: 3 | H174: 3 | I174: 2 | J174: 4 | K174: 3 | L174: 2 | M174: 4 | N174: 2 | O174: 5 | P174: 4 | Q174: 5 | R174: 是 | U174: 190.1 | V174: 无
A175: P012 | B175: 2 | C175: 方法B | D175: EgoAnchor | E175: 5 | F175: 4 | G175: 2 | H175: 4 | I175: 2 | J175: 4 | K175: 3 | L175: 1 | M175: 4 | N175: 3 | O175: 6 | P175: 7 | Q175: 5 | R175: 是 | U175: 157.3 | V175: 无
A176: P013 | B176: 1 | C176: 方法A | D176: One-Euro | E176: 4 | F176: 4 | G176: 2 | H176: 4 | I176: 2 | J176: 4 | K176: 3 | L176: 3 | M176: 4 | N176: 3 | O176: 6 | P176: 5 | Q176: 6 | R176: 是 | U176: 167.5 | V176: 无
A177: P013 | B177: 2 | C177: 方法B | D177: EgoAnchor | E177: 3 | F177: 3 | G177: 2 | H177: 3 | I177: 2 | J177: 4 | K177: 4 | L177: 2 | M177: 4 | N177: 2 | O177: 7 | P177: 5 | Q177: 5 | R177: 是 | U177: 171 | V177: 无
A178: P014 | B178: 1 | C178: 方法A | D178: One-Euro | E178: 3 | F178: 3 | G178: 2 | H178: 4 | I178: 2 | J178: 3 | K178: 4 | L178: 3 | M178: 5 | N178: 2 | O178: 6 | P178: 5 | Q178: 5 | R178: 是 | U178: 139.1 | V178: 无
A179: P014 | B179: 2 | C179: 方法B | D179: EgoAnchor | E179: 2 | F179: 4 | G179: 3 | H179: 4 | I179: 1 | J179: 4 | K179: 3 | L179: 2 | M179: 3 | N179: 2 | O179: 6 | P179: 4 | Q179: 6 | R179: 是 | U179: 167.9 | V179: 无
A180: P015 | B180: 1 | C180: 方法B | D180: One-Euro | E180: 2 | F180: 3 | G180: 3 | H180: 3 | I180: 2 | J180: 2 | K180: 2 | L180: 4 | M180: 3 | N180: 4 | O180: 3 | P180: 4 | Q180: 3 | R180: 是 | U180: 120.2 | V180: 无
... A186: P018 | B186: 1 | C186: 方法B | D186: EgoAnchor | E186: 1 | F186: 3 | G186: 3 | H186: 3 | I186: 4 | J186: 4 | K186: 3 | L186: 3 | M186: 3 | N186: 3 | O186: 3 | P186: 5 | Q186: 5 | R186: 是 | U186: 131.1 | V186: 无
A187: P018 | B187: 2 | C187: 方法A | D187: One-Euro | F187: 1 | G187: 3 | H187: 2 | I187: 5 | J187: 2 | K187: 2 | L187: 4 | M187: 2 | N187: 4 | O187: 3 | P187: 3 | Q187: 4 | R187: 是 | U187: 136.4 | V187: 无
A188: P019 | B188: 1 | C188: 方法A | D188: EgoAnchor | E188: 3 | F188: 4 | G188: 2 | H188: 3 | I188: 3 | J188: 4 | K188: 4 | L188: 3 | M188: 4 | N188: 2 | O188: 6 | P188: 5 | Q188: 4 | R188: 是 | U188: 245.3 | V188: 无
A189: P019 | B189: 2 | C189: 方法B | D189: One-Euro | E189: 2 | F189: 3 | G189: 2 | H189: 2 | I189: 3 | J189: 3 | K189: 3 | L189: 3 | M189: 3 | N189: 4 | O189: 5 | P189: 5 | Q189: 3 | R189: 是 | U189: 241.9 | V189: 无
A190: P020 | B190: 1 | C190: 方法B | D190: One-Euro | E190: 2 | F190: 2 | G190: 4 | H190: 2 | I190: 4 | J190: 2 | K190: 1 | L190: 4 | M190: 1 | N190: 4 | O190: 2 | P190: 4 | Q190: 3 | R190: 是 | U190: 187.6 | V190: 无
A191: P020 | B191: 2 | C191: 方法A | D191: EgoAnchor | E191: 3 | F191: 3 | G191: 3 | H191: 3 | I191: 4 | J191: 3 | K191: 3 | L191: 5 | M191: 1 | N191: 4 | O191: 3 | P191: 3 | Q191: 4 | R191: 是 | U191: 140.2 | V191: 无
A192: P021 | B192: 1 | C192: 方法A | D192: EgoAnchor | E192: 5 | F192: 5 | G192: 2 | H192: 5 | I192: 1 | J192: 3 | K192: 5 | L192: 1 | M192: 4 | N192: 1 | O192: 5 | P192: 7 | Q192: 6 | R192: 是 | U192: 142.9 | V192: 无
A193: P021 | B193: 2 | C193: 方法B | D193: One-Euro | E193: 2 | F193: 4 | G193: 3 | H193: 3 | I193: 3 | J193: 2 | K193: 3 | L193: 3 | M193: 2 | N193: 4 | O193: 4 | P193: 4 | Q193: 2 | R193: 是 | U193: 121.3 | V193: 无
A194: P022 | B194: 1 | C194: 方法A | D194: EgoAnchor | E194: 3 | F194: 4 | G194: 2 | H194: 2 | I194: 3 | J194: 3 | K194: 2 | L194: 3 | M194: 3 | N194: 4 | O194: 4 | P194: 4 | Q194: 4 | R194: 是 | U194: 209.8 | V194: 无
A195: P022 | B195: 2 | C195: 方法B | D195: One-Euro | E195: 3 | F195: 3 | G195: 3 | H195: 2 | I195: 3 | J195: 3 | K195: 2 | L195: 3 | M195: 3 | N195: 4 | O195: 4 | P195: 3 | Q195: 3 | R195: 是 | U195: 194.3 | V195: 无
A196: P023 | B196: 1 | C196: 方法A | D196: One-Euro | E196: 4 | F196: 5 | G196: 2 | H196: 4 | I196: 2 | J196: 4 | K196: 4 | L196: 1 | M196: 4 | N196: 2 | O196: 7 | P196: 7 | Q196: 5 | R196: 是 | U196: 114.5 | V196: 无
A197: P023 | B197: 2 | C197: 方法B | D197: EgoAnchor | E197: 5 | F197: 5 | G197: 1 | H197: 5 | I197: 1 | J197: 4 | K197: 5 | L197: 1 | M197: 5 | N197: 1 | O197: 7 | P197: 7 | Q197: 6 | R197: 是 | U197: 131 | V197: 无
A198: P024 | B198: 1 | C198: 方法B | D198: One-Euro | E198: 5 | F198: 5 | G198: 1 | H198: 5 | I198: 1 | J198: 5 | K198: 5 | L198: 1 | M198: 4 | N198: 2 | O198: 7 | P198: 7 | Q198: 7 | R198: 是 | U198: 141.8 | V198: 无
A199: P024 | B199: 2 | C199: 方法A | D199: EgoAnchor | E199: 5 | F199: 5 | G199: 2 | H199: 5 | I199: 2 | J199: 5 | K199: 5 | L199: 1 | M199: 5 | N199: 1 | O199: 6 | P199: 7 | Q199: 7 | R199: 是 | U199: 148.2 | V199: 无
A201: C. 最终问卷记录（摘下头显后；解码列离场后由分析代码按 Participants 映射填写）
A202: Participant_ID | B202: 方法选择(标签) | C202: 偏好强度(1-7/NA) | D202: 信任选择(标签) | E202: 区分信心(1-7) | F202: 开放:最明显区别 | G202: 开放:最破坏信任的现象 | H202: 结束不适 | I202: 方法选择(解码) | J202: 信任选择(解码) | K202: 访谈备注
A203: P001 | B203: 方法A | C203: 4 | D203: 方法A | E203: 4 | F203: 一种在我头动的时候模型会跟着飘一点，尤其是我往左右挪的时候能看出来它和鼠标错开了一点；另一种就死死钉在上面。拿起来移动的时候两个都有点跟不上，感觉差不多。 | G203: 它明明放着没动，虚拟的东西却在那儿晃。哪怕晃得很小，我也会开始怀疑它到底知不知道东西在哪儿。 | H203: 无 | I203: EgoAnchor | J203: EgoAnchor | K203: 静止阶段主动做了额外的左右移动确认；主动询问“是不是有一个开了防抖”，未作回应。
A204: P002 | B204: 无明显偏好 | C204: N/A | D204: 方法A | E204: 5 | F204: 说实话差别不太大。可能挡住再拿开的时候，有一次那个虚拟的东西回来得有点歪，然后又自己修回去了；另一次就直接对上了。 | G204: 遮住再拿开以后它跳到别的地方去，哪怕马上又回来了，我也会觉得这个东西不太靠得住。 | H204: 轻微眼疲劳 | I204: 无明显偏好 | J204: EgoAnchor | K204: 反复表示“怕答错”，强调这是自己的主观感受；提醒无对错后作答变快。
A205: P003 | B205: 方法B | C205: 6 | D205: 方法B | E205: 7 | F205: 第一个方法静止的时候有一层很细的抖，像呼吸一样；而且我头一动，它相对鼠标的位置会有零点几毫米级的偏移，视角回来又对上。第二个方法静止是真的静止，但我拿起来的一瞬间它起步比第一个慢，大概晚了小半拍。 | G205: 最怕的是误差忽大忽小。固定偏个五毫米我能自己在脑子里补偿，忽大忽小就没法补偿了，我就只能不看它。 | H205: 无 | I205: EgoAnchor | J205: EgoAnchor | K205: 明确指出“有一个起步慢”，并说这个代价可以接受；提到自己在意“可预测”而不是“绝对准”。
A206: P004 | B206: 方法A | C206: 5 | D206: 方法A | E206: 6 | F206: 有一个我拿起来的时候它反应更快一点，我一动它就跟着动；另一个好像要等一下才追上来，虽然追上以后更稳。我个人更喜欢跟得紧的那个。 | G206: 我一动它半天不动，那种“慢半拍”的感觉最让我出戏，会觉得它其实不知道我在干什么。 | H206: 无 | I206: One-Euro | J206: One-Euro | K206: 手柄区块用左手握持、右手持控制器，操作顺畅；明确表示更看重响应而非稳定。
A207: P005 | B207: 方法A | C207: 5 | D207: 方法A | E207: 7 | F207: 区别主要在两处：一是静止时的稳定性，二是遮挡拿开以后回来的位置准不准。有一次其中一个方法回来以后明显偏了一截，停了一下才慢慢挪回去；另一个基本是直接就在正确位置上了。 | G207: 遮挡以后恢复到一个错的位置，而且它自己还挺“自信”地停在那儿。这种情况下我就完全不敢按它指的地方去拿东西了。 | H207: 无 | I207: EgoAnchor | J207: EgoAnchor | K207: 能准确复述两方法在三个物体上的差异；对手柄的按键区域观察最细。
A208: P006 | B208: 无明显偏好 | C208: N/A | D208: 无明显偏好 | E208: 5 | F208: 我感觉两个差不多？可能有一个稍微稳一点点，但我不太确定，也可能是我第二次看已经习惯了。 | G208: 如果它整个跑到桌子外面去了那肯定不信了，但刚才没有出现这种情况。 | H208: 轻微眼疲劳 | I208: 无明显偏好 | J208: 无明显偏好 | K208: 多次表示“两个都挺好”；作答速度最慢，属于典型天花板+低区分度个体。
A209: P007 | B209: 方法B | C209: 5 | D209: 方法B | E209: 5 | F209: 两个都还不到我认为“贴合”的程度，但其中一个明显更收敛。差别最大的是订书机，边缘是直线，一偏就看得出来；鼠标是弧面，反而不容易看出来。 | G209: 边缘对不上。直边最诚实，它偏两毫米我就知道它偏了。 | H209: 无 | I209: EgoAnchor | J209: EgoAnchor | K209: 全程用“公差”“收敛”描述；提醒他按主观感受作答后仍保持保守评分。
A210: P008 | B210: 方法A | C210: 4 | D210: 方法A | E210: 4 | F210: 转的时候差别最大。有一个方法我把手柄侧过来，虚拟的那层会稍微“滞后一点角度”，像是拧慢了一点；另一个基本咬得住。静止的时候也是后者更干净。 | G210: 朝向错了比位置错了更难受。位置偏一点我还当它是标注，朝向错了就完全是另一个东西了。 | H210: 无 | I210: EgoAnchor | J210: EgoAnchor | K210: 主动要求多转两次手柄确认；旋转通道评分区分度最高。
A211: P009 | B211: 方法B | C211: 4 | D211: 方法B | E211: 4 | F211: 遮挡那一下能看出区别。挡板拿开的时候，有一次它先跳了一下再回位，另一个就直接在那儿了。其他阶段我不太说得清。 | G211: 它跳。哪怕只跳一次，我后面就一直等着它再跳。 | H211: 无 | I211: EgoAnchor | J211: EgoAnchor | K211: 提到“一次失误就会一直提防”，是信任侵蚀叙事的典型表述。
A212: P010 | B212: 无明显偏好 | C212: N/A | D212: 无明显偏好 | E212: 3 | F212: 说实话我前面两个物体没太看出来，到手柄的时候好像后面那个更稳一些。可能也是我看熟了。 | G212: 要是它明显不在东西上面了，我就不看它了。 | H212: 无 | I212: 无明显偏好 | J212: 无明显偏好 | K212: 训练阶段耗时最长；自述“前面在适应设备”，后期区块的区分度高于前期。
A213: P011 | B213: 方法B | C213: 6 | D213: 方法B | E213: 5 | F213: 一个像是把观测直接用了，另一个像是做了平滑和某种“静止就钉住”的处理。所以静止时后者纹丝不动，但起步时它要先“解锁”，会晚一点。 | G213: 解锁太慢。如果我已经开始搬了它还钉在原地，哪怕只有零点几秒，也会让我怀疑它到底知不知道我在动。 | H213: 无 | I213: EgoAnchor | J213: EgoAnchor | K213: **被试主动推测机制**（提到平滑与“钉住”），按协议如实记录，未向其确认。
A214: P012 | B214: 方法B | C214: 4 | D214: 方法B | E214: 4 | F214: 主要是静止和遮挡恢复这两块。动起来的时候两个我觉得差不多，各有各的问题。 | G214: 虚拟的那层跟实物错开一个可见的距离，尤其是错开还不动的时候。 | H214: 轻微头晕（休息 5 min 后缓解） | I214: EgoAnchor | J214: EgoAnchor | K214: 无异常；可作为“平均参与者”参照。
A215: P013 | B215: 无明显偏好 | C215: N/A | D215: 无明显偏好 | E215: 4 | F215: 都挺不错的。后面那个可能更稳当一点点吧，但我不太确定是不是我看错。 | G215: 整块飘走的话就不行了，其他小问题我觉得可以接受。 | H215: 无 | I215: 无明显偏好 | J215: 无明显偏好 | K215: **默许倾向最强**；其配对差主要来自区块内相对高低，绝对水平贴天花板。
A216: P014 | B216: 无明显偏好 | C216: N/A | D216: 方法B | E216: 4 | F216: 有一个方法虚拟的轮廓明显是套在鼠标上的，另一个像是套在鼠标旁边半厘米的地方。位置这件事我看得很清楚。 | G216: 它看着很稳，但稳在错的地方——这个最糟。稳定的错误比抖动更容易骗人。 | H216: 无 | I216: 无明显偏好 | J216: EgoAnchor | K216: 自发说出 Q1/Q8 的正交性（“稳在错的地方”），支持问卷分列设计。
A217: P015 | B217: 方法A | C217: 4 | D217: 方法A | E217: 5 | F217: 静止的时候差得最多，一个几乎是死的，另一个一直在微微游。搬起来之后两个都会慢半拍，但慢的方式不一样。 | G217: 它一直在微微地动。哪怕幅度很小，只要不停我就没法当它是“钉在上面”。 | H217: 轻微眼疲劳 | I217: EgoAnchor | J217: EgoAnchor | K217: 手柄区块自述握持不顺手，已记录为审计信息；未作废。
A218: P016 | B218: 方法A | C218: 6 | D218: 方法A | E218: 6 | F218: 一个跟手，一个更稳。我拿起来的时候前者立刻跟上，后者要愣一下。稳我可以忍，愣一下会让我以为它掉了。 | G218: 我动了它没动。那一瞬间我会以为跟丢了，等它追上来我已经不信它了。 | H218: 无 | I218: EgoAnchor | J218: EgoAnchor | K218: **偏好 One-Euro 的典型个体**：区块级稳定项给分低于均值，但响应/平衡项反向；支持 Q7 权衡叙事。
A219: P017 | B219: 方法B | C219: 4 | D219: 方法B | E219: 6 | F219: 遮挡之后回来的样子不一样。一个是“回到原位”，一个是“找回原位”，后者中间有一小段在找。 | G219: 它要找一会儿才回来。那一小段时间我不知道它在干什么。 | H219: 无 | I219: EgoAnchor | J219: EgoAnchor | K219: 用“回到/找回”区分两方法恢复行为，措辞被记入开放题主题 recovery_jump。
A220: P018 | B220: 方法B | C220: 5 | D220: 方法B | E220: 6 | F220: 静止和遮挡这两段区别很清楚。运动中段两者都可以接受，但起步那一下反过来——更稳的那个起步更迟。 | G220: 不可预测。它有时候很准有时候偏，我猜不到下一秒是哪种，这比一直偏一点更让我不敢用。 | H220: 无 | I220: EgoAnchor | J220: EgoAnchor | K220: 自发表述 TiA-U/P 的可预测性构念（“猜不到下一秒”），支持方法级量表选择。
A221: P019 | B221: 方法A | C221: 4 | D221: 方法A | E221: 5 | F221: 说实话我看不出太大区别。可能有一个稍微稳一些，但我没有把握。 | G221: 如果它一直乱动我就不信了。刚才没到那个程度。 | H221: 颈部轻微酸胀 | I221: EgoAnchor | J221: EgoAnchor | K221: **低敏感度 + 慢速作答的代表**：其区块问卷时长触发 §8 的 AQ 缩减判据讨论；配对差接近 0。
A222: P020 | B222: 方法A | C222: 4 | D222: 方法A | E222: 6 | F222: 转动的时候朝向差别看得出来。一个跟着转得比较正，另一个转完之后角度会歪一点，要等一下才正回来。 | G222: 角度不对。位置差一点我能接受，方向歪了就完全不像贴在上面。 | H222: 无 | I222: EgoAnchor | J222: EgoAnchor | K222: 支持 Q9 独立测量的必要性（旋转通道不能由平移收益代表）。
A223: P021 | B223: 方法A | C223: 6 | D223: 方法A | E223: 6 | F223: 遮挡回来那一下差别最大。一个是直接在原位出现，另一个先出现在偏一点的地方再滑回去，那个滑回去很出戏。 | G223: 它出现在错的地方然后自己滑回来。我看到它自己纠正，就知道它刚才是错的。 | H223: 无 | I223: EgoAnchor | J223: EgoAnchor | K223: “看到它自己纠正”是本轮最有价值的开放反馈之一：恢复收敛过程本身可被察觉并侵蚀信任。
A224: P022 | B224: 无明显偏好 | C224: N/A | D224: 方法A | E224: 5 | F224: 订书机上两个都很好，鼠标上就分得出来了——鼠标上有一个总在动。 | G224: 它动的时候我会分心去看它有没有对准，就没法专心做手上的事。 | H224: 无 | I224: 无明显偏好 | J224: EgoAnchor | K224: 自发给出物体主效应的用户侧解释（几何约束弱 → 差异更可见）。
A225: P023 | B225: 方法B | C225: 7 | D225: 方法B | E225: 6 | F225: 区别很清楚，但方向相反：一个静止时几乎不动、起步慢；另一个静止时游、起步快。我说不出哪个整体更好。 | G225: 两种都会让我不信，只是原因不同：一个是它在动，一个是它跟不上。 | H225: 轻微眼疲劳 | I225: EgoAnchor | J225: EgoAnchor | K225: **“高区分信心 + 无明显偏好”的关键个体**：正是 v5.1 引入区分信心项要区分的第二种成因（权衡型无偏好）。
A226: P024 | B226: 无明显偏好 | C226: N/A | D226: 方法B | E226: 4 | F226: 稳定性上有一个明显更好。如果要做产品我会选更稳的那个，起步慢半拍用户能适应，虚拟内容乱飘用户会直接不用。 | G226: 乱飘。用户不会去分析原因，只会觉得这个功能不准。 | H226: 无 | I226: 无明显偏好 | J226: One-Euro | K226: 从产品视角复述 Q6/Q7 的权衡结论；第六区块问卷时长偏长（疲劳）。

Sheet Derived
A1: 派生量（全部为公式；绿底单元格 = 实时计算）：区块 AQ 子量表 → 方法级反向计分与分量表 → 每人每方法三物体均值 → 每人配对差
A3: D1. 区块级派生（144 行，与 Records A 段逐行对应）：AQ 两子量表按原计分取 3 项均值；另实时判定 §8 的两条门禁
A4: Participant_ID | B4: Block_Index | C4: Condition | D4: Object_Key | E4: AQ_EQ(3 项均值) | F4: AQ_IQ(3 项均值) | G4: 问卷时长_s | H4: 时长>150s | I4: >=5 连续同分
A5: =Records!A5 -> P001 | B5: =Records!B5 -> 1 | C5: =Records!H5 -> EgoAnchor | D5: =Records!F5 -> gamepad | E5: =AVERAGE(Records!S5:U5) -> 5.3333333 | F5: =AVERAGE(Records!O5:P5,Records!V5) -> 5 | G5: =Records!AA5 -> 129.9 | H5: =IF(Records!AA5>150,"是","否") -> 否 | I5: =IF(OR(AND(Records!K5=Records!L5,Records!L5=Records!M5,Records!M5=Records!O5,Records!O5=Records!P5),AND(Records!L5=Records!M5,Records!M5=Records!O5,Records!O5=Records!P5,Records!P5=Records!Q5),AND(Records!M5=Records!O5,Records!O5=Records!P5,Records!P5=Records!Q5,Records!Q5=Records!R5),AND(Records!O5=Records!P5,Records!P5=Records!Q5,Records!Q5=Records!R5,Records!R5=Records!S5),AND(Records!P5=Records!Q5,Records!Q5=Records!R5,Records!R5=Records!S5,Records!S5=Records!T5),AND(Records!Q5=Records!R5,Records!R5=Records!S5,Records!S5=Records!T5,Records!T5=Records!U5),AND(Records!R5=Records!S5,Records!S5=Records!T5,Records!T5=Records!U5,Records!U5=Records!V5),AND(Records!S5=Records!T5,Records!T5=Records!U5,Records!U5=Records!V5,Records!V5=Records!W5),AND(Records!T5=Records!U5,Records!U5=Records!V5,Records!V5=Records!W5,Records!W5=Records!X5)),"是","否") -> 是
A6: =Records!A6 -> P001 | B6: =Records!B6 -> 2 | C6: =Records!H6 -> One-Euro | D6: =Records!F6 -> gamepad | E6: =AVERAGE(Records!S6:U6) -> 5.6666667 | F6: =AVERAGE(Records!O6:P6,Records!V6) -> 6 | G6: =Records!AA6 -> 127.2 | H6: =IF(Records!AA6>150,"是","否") -> 否 | I6: =IF(OR(AND(Records!K6=Records!L6,Records!L6=Records!M6,Records!M6=Records!O6,Records!O6=Records!P6),AND(Records!L6=Records!M6,Records!M6=Records!O6,Records!O6=Records!P6,Records!P6=Records!Q6),AND(Records!M6=Records!O6,Records!O6=Records!P6,Records!P6=Records!Q6,Records!Q6=Records!R6),AND(Records!O6=Records!P6,Records!P6=Records!Q6,Records!Q6=Records!R6,Records!R6=Records!S6),AND(Records!P6=Records!Q6,Records!Q6=Records!R6,Records!R6=Records!S6,Records!S6=Records!T6),AND(Records!Q6=Records!R6,Records!R6=Records!S6,Records!S6=Records!T6,Records!T6=Records!U6),AND(Records!R6=Records!S6,Records!S6=Records!T6,Records!T6=Records!U6,Records!U6=Records!V6),AND(Records!S6=Records!T6,Records!T6=Records!U6,Records!U6=Records!V6,Records!V6=Records!W6),AND(Records!T6=Records!U6,Records!U6=Records!V6,Records!V6=Records!W6,Records!W6=Records!X6)),"是","否") -> 否
A7: =Records!A7 -> P001 | B7: =Records!B7 -> 3 | C7: =Records!H7 -> One-Euro | D7: =Records!F7 -> stapler | E7: =AVERAGE(Records!S7:U7) -> 6.6666667 | F7: =AVERAGE(Records!O7:P7,Records!V7) -> 6.3333333 | G7: =Records!AA7 -> 119.4 | H7: =IF(Records!AA7>150,"是","否") -> 否 | I7: =IF(OR(AND(Records!K7=Records!L7,Records!L7=Records!M7,Records!M7=Records!O7,Records!O7=Records!P7),AND(Records!L7=Records!M7,Records!M7=Records!O7,Records!O7=Records!P7,Records!P7=Records!Q7),AND(Records!M7=Records!O7,Records!O7=Records!P7,Records!P7=Records!Q7,Records!Q7=Records!R7),AND(Records!O7=Records!P7,Records!P7=Records!Q7,Records!Q7=Records!R7,Records!R7=Records!S7),AND(Records!P7=Records!Q7,Records!Q7=Records!R7,Records!R7=Records!S7,Records!S7=Records!T7),AND(Records!Q7=Records!R7,Records!R7=Records!S7,Records!S7=Records!T7,Records!T7=Records!U7),AND(Records!R7=Records!S7,Records!S7=Records!T7,Records!T7=Records!U7,Records!U7=Records!V7),AND(Records!S7=Records!T7,Records!T7=Records!U7,Records!U7=Records!V7,Records!V7=Records!W7),AND(Records!T7=Records!U7,Records!U7=Records!V7,Records!V7=Records!W7,Records!W7=Records!X7)),"是","否") -> 否
A8: =Records!A8 -> P001 | B8: =Records!B8 -> 4 | C8: =Records!H8 -> EgoAnchor | D8: =Records!F8 -> stapler | E8: =AVERAGE(Records!S8:U8) -> 6.6666667 | F8: =AVERAGE(Records!O8:P8,Records!V8) -> 6.3333333 | G8: =Records!AA8 -> 144.4 | H8: =IF(Records!AA8>150,"是","否") -> 否 | I8: =IF(OR(AND(Records!K8=Records!L8,Records!L8=Records!M8,Records!M8=Records!O8,Records!O8=Records!P8),AND(Records!L8=Records!M8,Records!M8=Records!O8,Records!O8=Records!P8,Records!P8=Records!Q8),AND(Records!M8=Records!O8,Records!O8=Records!P8,Records!P8=Records!Q8,Records!Q8=Records!R8),AND(Records!O8=Records!P8,Records!P8=Records!Q8,Records!Q8=Records!R8,Records!R8=Records!S8),AND(Records!P8=Records!Q8,Records!Q8=Records!R8,Records!R8=Records!S8,Records!S8=Records!T8),AND(Records!Q8=Records!R8,Records!R8=Records!S8,Records!S8=Records!T8,Records!T8=Records!U8),AND(Records!R8=Records!S8,Records!S8=Records!T8,Records!T8=Records!U8,Records!U8=Records!V8),AND(Records!S8=Records!T8,Records!T8=Records!U8,Records!U8=Records!V8,Records!V8=Records!W8),AND(Records!T8=Records!U8,Records!U8=Records!V8,Records!V8=Records!W8,Records!W8=Records!X8)),"是","否") -> 是
A9: =Records!A9 -> P001 | B9: =Records!B9 -> 5 | C9: =Records!H9 -> EgoAnchor | D9: =Records!F9 -> blue_mouse | E9: =AVERAGE(Records!S9:U9) -> 5 | F9: =AVERAGE(Records!O9:P9,Records!V9) -> 5 | G9: =Records!AA9 -> 144.5 | H9: =IF(Records!AA9>150,"是","否") -> 否 | I9: =IF(OR(AND(Records!K9=Records!L9,Records!L9=Records!M9,Records!M9=Records!O9,Records!O9=Records!P9),AND(Records!L9=Records!M9,Records!M9=Records!O9,Records!O9=Records!P9,Records!P9=Records!Q9),AND(Records!M9=Records!O9,Records!O9=Records!P9,Records!P9=Records!Q9,Records!Q9=Records!R9),AND(Records!O9=Records!P9,Records!P9=Records!Q9,Records!Q9=Records!R9,Records!R9=Records!S9),AND(Records!P9=Records!Q9,Records!Q9=Records!R9,Records!R9=Records!S9,Records!S9=Records!T9),AND(Records!Q9=Records!R9,Records!R9=Records!S9,Records!S9=Records!T9,Records!T9=Records!U9),AND(Records!R9=Records!S9,Records!S9=Records!T9,Records!T9=Records!U9,Records!U9=Records!V9),AND(Records!S9=Records!T9,Records!T9=Records!U9,Records!U9=Records!V9,Records!V9=Records!W9),AND(Records!T9=Records!U9,Records!U9=Records!V9,Records!V9=Records!W9,Records!W9=Records!X9)),"是","否") -> 否
A10: =Records!A10 -> P001 | B10: =Records!B10 -> 6 | C10: =Records!H10 -> One-Euro | D10: =Records!F10 -> blue_mouse | E10: =AVERAGE(Records!S10:U10) -> 5.3333333 | F10: =AVERAGE(Records!O10:P10,Records!V10) -> 5 | G10: =Records!AA10 -> 156.3 | H10: =IF(Records!AA10>150,"是","否") -> 是 | I10: =IF(OR(AND(Records!K10=Records!L10,Records!L10=Records!M10,Records!M10=Records!O10,Records!O10=Records!P10),AND(Records!L10=Records!M10,Records!M10=Records!O10,Records!O10=Records!P10,Records!P10=Records!Q10),AND(Records!M10=Records!O10,Records!O10=Records!P10,Records!P10=Records!Q10,Records!Q10=Records!R10),AND(Records!O10=Records!P10,Records!P10=Records!Q10,Records!Q10=Records!R10,Records!R10=Records!S10),AND(Records!P10=Records!Q10,Records!Q10=Records!R10,Records!R10=Records!S10,Records!S10=Records!T10),AND(Records!Q10=Records!R10,Records!R10=Records!S10,Records!S10=Records!T10,Records!T10=Records!U10),AND(Records!R10=Records!S10,Records!S10=Records!T10,Records!T10=Records!U10,Records!U10=Records!V10),AND(Records!S10=Records!T10,Records!T10=Records!U10,Records!U10=Records!V10,Records!V10=Records!W10),AND(Records!T10=Records!U10,Records!U10=Records!V10,Records!V10=Records!W10,Records!W10=Records!X10)),"是","否") -> 否
A11: =Records!A11 -> P002 | B11: =Records!B11 -> 1 | C11: =Records!H11 -> One-Euro | D11: =Records!F11 -> stapler | E11: =AVERAGE(Records!S11:U11) -> 4.6666667 | F11: =AVERAGE(Records!O11:P11,Records!V11) -> 5 | G11: =Records!AA11 -> 123.6 | H11: =IF(Records!AA11>150,"是","否") -> 否 | I11: =IF(OR(AND(Records!K11=Records!L11,Records!L11=Records!M11,Records!M11=Records!O11,Records!O11=Records!P11),AND(Records!L11=Records!M11,Records!M11=Records!O11,Records!O11=Records!P11,Records!P11=Records!Q11),AND(Records!M11=Records!O11,Records!O11=Records!P11,Records!P11=Records!Q11,Records!Q11=Records!R11),AND(Records!O11=Records!P11,Records!P11=Records!Q11,Records!Q11=Records!R11,Records!R11=Records!S11),AND(Records!P11=Records!Q11,Records!Q11=Records!R11,Records!R11=Records!S11,Records!S11=Records!T11),AND(Records!Q11=Records!R11,Records!R11=Records!S11,Records!S11=Records!T11,Records!T11=Records!U11),AND(Records!R11=Records!S11,Records!S11=Records!T11,Records!T11=Records!U11,Records!U11=Records!V11),AND(Records!S11=Records!T11,Records!T11=Records!U11,Records!U11=Records!V11,Records!V11=Records!W11),AND(Records!T11=Records!U11,Records!U11=Records!V11,Records!V11=Records!W11,Records!W11=Records!X11)),"是","否") -> 是
A12: =Records!A12 -> P002 | B12: =Records!B12 -> 2 | C12: =Records!H12 -> EgoAnchor | D12: =Records!F12 -> stapler | E12: =AVERAGE(Records!S12:U12) -> 5.3333333 | F12: =AVERAGE(Records!O12:P12,Records!V12) -> 5.3333333 | G12: =Records!AA12 -> 157.2 | H12: =IF(Records!AA12>150,"是","否") -> 是 | I12: =IF(OR(AND(Records!K12=Records!L12,Records!L12=Records!M12,Records!M12=Records!O12,Records!O12=Records!P12),AND(Records!L12=Records!M12,Records!M12=Records!O12,Records!O12=Records!P12,Records!P12=Records!Q12),AND(Records!M12=Records!O12,Records!O12=Records!P12,Records!P12=Records!Q12,Records!Q12=Records!R12),AND(Records!O12=Records!P12,Records!P12=Records!Q12,Records!Q12=Records!R12,Records!R12=Records!S12),AND(Records!P12=Records!Q12,Records!Q12=Records!R12,Records!R12=Records!S12,Records!S12=Records!T12),AND(Records!Q12=Records!R12,Records!R12=Records!S12,Records!S12=Records!T12,Records!T12=Records!U12),AND(Records!R12=Records!S12,Records!S12=Records!T12,Records!T12=Records!U12,Records!U12=Records!V12),AND(Records!S12=Records!T12,Records!T12=Records!U12,Records!U12=Records!V12,Records!V12=Records!W12),AND(Records!T12=Records!U12,Records!U12=Records!V12,Records!V12=Records!W12,Records!W12=Records!X12)),"是","否") -> 否
A13: =Records!A13 -> P002 | B13: =Records!B13 -> 3 | C13: =Records!H13 -> EgoAnchor | D13: =Records!F13 -> gamepad | E13: =AVERAGE(Records!S13:U13) -> 3.3333333 | F13: =AVERAGE(Records!O13:P13,Records!V13) -> 4.6666667 | G13: =Records!AA13 -> 147.8 | H13: =IF(Records!AA13>150,"是","否") -> 否 | I13: =IF(OR(AND(Records!K13=Records!L13,Records!L13=Records!M13,Records!M13=Records!O13,Records!O13=Records!P13),AND(Records!L13=Records!M13,Records!M13=Records!O13,Records!O13=Records!P13,Records!P13=Records!Q13),AND(Records!M13=Records!O13,Records!O13=Records!P13,Records!P13=Records!Q13,Records!Q13=Records!R13),AND(Records!O13=Records!P13,Records!P13=Records!Q13,Records!Q13=Records!R13,Records!R13=Records!S13),AND(Records!P13=Records!Q13,Records!Q13=Records!R13,Records!R13=Records!S13,Records!S13=Records!T13),AND(Records!Q13=Records!R13,Records!R13=Records!S13,Records!S13=Records!T13,Records!T13=Records!U13),AND(Records!R13=Records!S13,Records!S13=Records!T13,Records!T13=Records!U13,Records!U13=Records!V13),AND(Records!S13=Records!T13,Records!T13=Records!U13,Records!U13=Records!V13,Records!V13=Records!W13),AND(Records!T13=Records!U13,Records!U13=Records!V13,Records!V13=Records!W13,Records!W13=Records!X13)),"是","否") -> 否
A14: =Records!A14 -> P002 | B14: =Records!B14 -> 4 | C14: =Records!H14 -> One-Euro | D14: =Records!F14 -> gamepad | E14: =AVERAGE(Records!S14:U14) -> 4.3333333 | F14: =AVERAGE(Records!O14:P14,Records!V14) -> 4.6666667 | G14: =Records!AA14 -> 134.7 | H14: =IF(Records!AA14>150,"是","否") -> 否 | I14: =IF(OR(AND(Records!K14=Records!L14,Records!L14=Records!M14,Records!M14=Records!O14,Records!O14=Records!P14),AND(Records!L14=Records!M14,Records!M14=Records!O14,Records!O14=Records!P14,Records!P14=Records!Q14),AND(Records!M14=Records!O14,Records!O14=Records!P14,Records!P14=Records!Q14,Records!Q14=Records!R14),AND(Records!O14=Records!P14,Records!P14=Records!Q14,Records!Q14=Records!R14,Records!R14=Records!S14),AND(Records!P14=Records!Q14,Records!Q14=Records!R14,Records!R14=Records!S14,Records!S14=Records!T14),AND(Records!Q14=Records!R14,Records!R14=Records!S14,Records!S14=Records!T14,Records!T14=Records!U14),AND(Records!R14=Records!S14,Records!S14=Records!T14,Records!T14=Records!U14,Records!U14=Records!V14),AND(Records!S14=Records!T14,Records!T14=Records!U14,Records!U14=Records!V14,Records!V14=Records!W14),AND(Records!T14=Records!U14,Records!U14=Records!V14,Records!V14=Records!W14,Records!W14=Records!X14)),"是","否") -> 否
A15: =Records!A15 -> P002 | B15: =Records!B15 -> 5 | C15: =Records!H15 -> One-Euro | D15: =Records!F15 -> blue_mouse | E15: =AVERAGE(Records!S15:U15) -> 5.3333333 | F15: =AVERAGE(Records!O15:P15,Records!V15) -> 5.3333333 | G15: =Records!AA15 -> 157.6 | H15: =IF(Records!AA15>150,"是","否") -> 是 | I15: =IF(OR(AND(Records!K15=Records!L15,Records!L15=Records!M15,Records!M15=Records!O15,Records!O15=Records!P15),AND(Records!L15=Records!M15,Records!M15=Records!O15,Records!O15=Records!P15,Records!P15=Records!Q15),AND(Records!M15=Records!O15,Records!O15=Records!P15,Records!P15=Records!Q15,Records!Q15=Records!R15),AND(Records!O15=Records!P15,Records!P15=Records!Q15,Records!Q15=Records!R15,Records!R15=Records!S15),AND(Records!P15=Records!Q15,Records!Q15=Records!R15,Records!R15=Records!S15,Records!S15=Records!T15),AND(Records!Q15=Records!R15,Records!R15=Records!S15,Records!S15=Records!T15,Records!T15=Records!U15),AND(Records!R15=Records!S15,Records!S15=Records!T15,Records!T15=Records!U15,Records!U15=Records!V15),AND(Records!S15=Records!T15,Records!T15=Records!U15,Records!U15=Records!V15,Records!V15=Records!W15),AND(Records!T15=Records!U15,Records!U15=Records!V15,Records!V15=Records!W15,Records!W15=Records!X15)),"是","否") -> 否
A16: =Records!A16 -> P002 | B16: =Records!B16 -> 6 | C16: =Records!H16 -> EgoAnchor | D16: =Records!F16 -> blue_mouse | E16: =AVERAGE(Records!S16:U16) -> 3.6666667 | F16: =AVERAGE(Records!O16:P16,Records!V16) -> 3.6666667 | G16: =Records!AA16 -> 134.7 | H16: =IF(Records!AA16>150,"是","否") -> 否 | I16: =IF(OR(AND(Records!K16=Records!L16,Records!L16=Records!M16,Records!M16=Records!O16,Records!O16=Records!P16),AND(Records!L16=Records!M16,Records!M16=Records!O16,Records!O16=Records!P16,Records!P16=Records!Q16),AND(Records!M16=Records!O16,Records!O16=Records!P16,Records!P16=Records!Q16,Records!Q16=Records!R16),AND(Records!O16=Records!P16,Records!P16=Records!Q16,Records!Q16=Records!R16,Records!R16=Records!S16),AND(Records!P16=Records!Q16,Records!Q16=Records!R16,Records!R16=Records!S16,Records!S16=Records!T16),AND(Records!Q16=Records!R16,Records!R16=Records!S16,Records!S16=Records!T16,Records!T16=Records!U16),AND(Records!R16=Records!S16,Records!S16=Records!T16,Records!T16=Records!U16,Records!U16=Records!V16),AND(Records!S16=Records!T16,Records!T16=Records!U16,Records!U16=Records!V16,Records!V16=Records!W16),AND(Records!T16=Records!U16,Records!U16=Records!V16,Records!V16=Records!W16,Records!W16=Records!X16)),"是","否") -> 否
... A148: =Records!A148 -> P024 | B148: =Records!B148 -> 6 | C148: =Records!H148 -> EgoAnchor | D148: =Records!F148 -> stapler | E148: =AVERAGE(Records!S148:U148) -> 5.3333333 | F148: =AVERAGE(Records!O148:P148,Records!V148) -> 5.3333333 | G148: =Records!AA148 -> 136.1 | H148: =IF(Records!AA148>150,"是","否") -> 否 | I148: =IF(OR(AND(Records!K148=Records!L148,Records!L148=Records!M148,Records!M148=Records!O148,Records!O148=Records!P148),AND(Records!L148=Records!M148,Records!M148=Records!O148,Records!O148=Records!P148,Records!P148=Records!Q148),AND(Records!M148=Records!O148,Records!O148=Records!P148,Records!P148=Records!Q148,Records!Q148=Records!R148),AND(Records!O148=Records!P148,Records!P148=Records!Q148,Records!Q148=Records!R148,Records!R148=Records!S148),AND(Records!P148=Records!Q148,Records!Q148=Records!R148,Records!R148=Records!S148,Records!S148=Records!T148),AND(Records!Q148=Records!R148,Records!R148=Records!S148,Records!S148=Records!T148,Records!T148=Records!U148),AND(Records!R148=Records!S148,Records!S148=Records!T148,Records!T148=Records!U148,Records!U148=Records!V148),AND(Records!S148=Records!T148,Records!T148=Records!U148,Records!U148=Records!V148,Records!V148=Records!W148),AND(Records!T148=Records!U148,Records!U148=Records!V148,Records!V148=Records!W148,Records!W148=Records!X148)),"是","否") -> 否
A150: D2. 方法级派生（48 行）：TiA 四个反向项按 6−原始分换向（原始分保留在 Records B 段不被覆盖）；分量表 = 有效条目均值，缺失项自动跳过
A151: Participant_ID | B151: Rating_Order | C151: Condition | D151: RC1 | E151: RC2 | F151: RC3(换向) | G151: RC4 | H151: RC5(换向) | I151: RC6 | J151: UP1 | K151: UP2(换向) | L151: UP3 | M151: UP4(换向) | N151: STIAS1 | O151: STIAS2 | P151: STIAS3 | Q151: TiA-R/C(6 项均值) | R151: TiA-U/P(4 项均值) | S151: S-TIAS(3 项均值) | T151: 有效条目数
A152: =Records!A152 -> P001 | B152: =Records!B152 -> 1 | C152: =Records!D152 -> EgoAnchor | D152: =IF(Records!E152="","",Records!E152) -> 4 | E152: =IF(Records!F152="","",Records!F152) -> 4 | F152: =IF(Records!G152="","",6-Records!G152) -> 5 | G152: =IF(Records!H152="","",Records!H152) -> 4 | H152: =IF(Records!I152="","",6-Records!I152) -> 3 | I152: =IF(Records!J152="","",Records!J152) -> 4 | J152: =IF(Records!K152="","",Records!K152) -> 3 | K152: =IF(Records!L152="","",6-Records!L152) -> 4 | L152: =IF(Records!M152="","",Records!M152) -> 3 | M152: =IF(Records!N152="","",6-Records!N152) -> 4 | N152: =IF(Records!O152="","",Records!O152) -> 5 | O152: =IF(Records!P152="","",Records!P152) -> 6 | P152: =IF(Records!Q152="","",Records!Q152) -> 6 | Q152: =AVERAGE(D152:I152) -> 4 | R152: =AVERAGE(J152:M152) -> 3.5 | S152: =AVERAGE(N152:P152) -> 5.6666667 | T152: =COUNT(D152:I152,J152:M152,N152:P152) -> 13
A153: =Records!A153 -> P001 | B153: =Records!B153 -> 2 | C153: =Records!D153 -> One-Euro | D153: =IF(Records!E153="","",Records!E153) -> 5 | E153: =IF(Records!F153="","",Records!F153) -> 4 | F153: =IF(Records!G153="","",6-Records!G153) -> 4 | G153: =IF(Records!H153="","",Records!H153) -> 5 | H153: =IF(Records!I153="","",6-Records!I153) -> 4 | I153: =IF(Records!J153="","",Records!J153) -> 4 | J153: =IF(Records!K153="","",Records!K153) -> 3 | K153: =IF(Records!L153="","",6-Records!L153) -> 3 | L153: =IF(Records!M153="","",Records!M153) -> 5 | M153: =IF(Records!N153="","",6-Records!N153) -> 4 | N153: =IF(Records!O153="","",Records!O153) -> 6 | O153: =IF(Records!P153="","",Records!P153) -> 6 | P153: =IF(Records!Q153="","",Records!Q153) -> 5 | Q153: =AVERAGE(D153:I153) -> 4.3333333 | R153: =AVERAGE(J153:M153) -> 3.75 | S153: =AVERAGE(N153:P153) -> 5.6666667 | T153: =COUNT(D153:I153,J153:M153,N153:P153) -> 13
A154: =Records!A154 -> P002 | B154: =Records!B154 -> 1 | C154: =Records!D154 -> One-Euro | D154: =IF(Records!E154="","",Records!E154) -> 3 | E154: =IF(Records!F154="","",Records!F154) -> 2 | F154: =IF(Records!G154="","",6-Records!G154) -> 3 | G154: =IF(Records!H154="","",Records!H154) -> 2 | H154: =IF(Records!I154="","",6-Records!I154) -> 2 | I154: =IF(Records!J154="","",Records!J154) -> 2 | J154: =IF(Records!K154="","",Records!K154) -> 3 | K154: =IF(Records!L154="","",6-Records!L154) -> 2 | L154: =IF(Records!M154="","",Records!M154) -> 4 | M154: =IF(Records!N154="","",6-Records!N154) -> 3 | N154: =IF(Records!O154="","",Records!O154) -> 3 | O154: =IF(Records!P154="","",Records!P154) -> 3 | P154: =IF(Records!Q154="","",Records!Q154) -> 4 | Q154: =AVERAGE(D154:I154) -> 2.3333333 | R154: =AVERAGE(J154:M154) -> 3 | S154: =AVERAGE(N154:P154) -> 3.3333333 | T154: =COUNT(D154:I154,J154:M154,N154:P154) -> 13
A155: =Records!A155 -> P002 | B155: =Records!B155 -> 2 | C155: =Records!D155 -> EgoAnchor | D155: =IF(Records!E155="","",Records!E155) -> 3 | E155: =IF(Records!F155="","",Records!F155) -> 3 | F155: =IF(Records!G155="","",6-Records!G155) -> 3 | G155: =IF(Records!H155="","",Records!H155) | H155: =IF(Records!I155="","",6-Records!I155) -> 3 | I155: =IF(Records!J155="","",Records!J155) -> 3 | J155: =IF(Records!K155="","",Records!K155) -> 4 | K155: =IF(Records!L155="","",6-Records!L155) -> 3 | L155: =IF(Records!M155="","",Records!M155) -> 3 | M155: =IF(Records!N155="","",6-Records!N155) -> 2 | N155: =IF(Records!O155="","",Records!O155) -> 4 | O155: =IF(Records!P155="","",Records!P155) -> 4 | P155: =IF(Records!Q155="","",Records!Q155) -> 4 | Q155: =AVERAGE(D155:I155) -> 3 | R155: =AVERAGE(J155:M155) -> 3 | S155: =AVERAGE(N155:P155) -> 4 | T155: =COUNT(D155:I155,J155:M155,N155:P155) -> 12
A156: =Records!A156 -> P003 | B156: =Records!B156 -> 1 | C156: =Records!D156 -> EgoAnchor | D156: =IF(Records!E156="","",Records!E156) -> 5 | E156: =IF(Records!F156="","",Records!F156) -> 5 | F156: =IF(Records!G156="","",6-Records!G156) -> 3 | G156: =IF(Records!H156="","",Records!H156) -> 5 | H156: =IF(Records!I156="","",6-Records!I156) -> 5 | I156: =IF(Records!J156="","",Records!J156) -> 5 | J156: =IF(Records!K156="","",Records!K156) -> 5 | K156: =IF(Records!L156="","",6-Records!L156) -> 5 | L156: =IF(Records!M156="","",Records!M156) -> 4 | M156: =IF(Records!N156="","",6-Records!N156) -> 5 | N156: =IF(Records!O156="","",Records!O156) -> 7 | O156: =IF(Records!P156="","",Records!P156) -> 5 | P156: =IF(Records!Q156="","",Records!Q156) -> 7 | Q156: =AVERAGE(D156:I156) -> 4.6666667 | R156: =AVERAGE(J156:M156) -> 4.75 | S156: =AVERAGE(N156:P156) -> 6.3333333 | T156: =COUNT(D156:I156,J156:M156,N156:P156) -> 13
A157: =Records!A157 -> P003 | B157: =Records!B157 -> 2 | C157: =Records!D157 -> One-Euro | D157: =IF(Records!E157="","",Records!E157) -> 4 | E157: =IF(Records!F157="","",Records!F157) -> 3 | F157: =IF(Records!G157="","",6-Records!G157) -> 2 | G157: =IF(Records!H157="","",Records!H157) -> 2 | H157: =IF(Records!I157="","",6-Records!I157) -> 3 | I157: =IF(Records!J157="","",Records!J157) -> 3 | J157: =IF(Records!K157="","",Records!K157) -> 4 | K157: =IF(Records!L157="","",6-Records!L157) -> 4 | L157: =IF(Records!M157="","",Records!M157) -> 3 | M157: =IF(Records!N157="","",6-Records!N157) -> 3 | N157: =IF(Records!O157="","",Records!O157) -> 5 | O157: =IF(Records!P157="","",Records!P157) -> 3 | P157: =IF(Records!Q157="","",Records!Q157) -> 4 | Q157: =AVERAGE(D157:I157) -> 2.8333333 | R157: =AVERAGE(J157:M157) -> 3.5 | S157: =AVERAGE(N157:P157) -> 4 | T157: =COUNT(D157:I157,J157:M157,N157:P157) -> 13
A158: =Records!A158 -> P004 | B158: =Records!B158 -> 1 | C158: =Records!D158 -> One-Euro | D158: =IF(Records!E158="","",Records!E158) -> 4 | E158: =IF(Records!F158="","",Records!F158) -> 3 | F158: =IF(Records!G158="","",6-Records!G158) -> 4 | G158: =IF(Records!H158="","",Records!H158) -> 4 | H158: =IF(Records!I158="","",6-Records!I158) -> 3 | I158: =IF(Records!J158="","",Records!J158) -> 3 | J158: =IF(Records!K158="","",Records!K158) -> 4 | K158: =IF(Records!L158="","",6-Records!L158) -> 3 | L158: =IF(Records!M158="","",Records!M158) -> 3 | M158: =IF(Records!N158="","",6-Records!N158) -> 4 | N158: =IF(Records!O158="","",Records!O158) -> 5 | O158: =IF(Records!P158="","",Records!P158) -> 6 | P158: =IF(Records!Q158="","",Records!Q158) -> 5 | Q158: =AVERAGE(D158:I158) -> 3.5 | R158: =AVERAGE(J158:M158) -> 3.5 | S158: =AVERAGE(N158:P158) -> 5.3333333 | T158: =COUNT(D158:I158,J158:M158,N158:P158) -> 13
A159: =Records!A159 -> P004 | B159: =Records!B159 -> 2 | C159: =Records!D159 -> EgoAnchor | D159: =IF(Records!E159="","",Records!E159) -> 3 | E159: =IF(Records!F159="","",Records!F159) -> 3 | F159: =IF(Records!G159="","",6-Records!G159) -> 3 | G159: =IF(Records!H159="","",Records!H159) -> 2 | H159: =IF(Records!I159="","",6-Records!I159) -> 1 | I159: =IF(Records!J159="","",Records!J159) -> 3 | J159: =IF(Records!K159="","",Records!K159) -> 3 | K159: =IF(Records!L159="","",6-Records!L159) -> 3 | L159: =IF(Records!M159="","",Records!M159) -> 1 | M159: =IF(Records!N159="","",6-Records!N159) -> 3 | N159: =IF(Records!O159="","",Records!O159) -> 5 | O159: =IF(Records!P159="","",Records!P159) -> 4 | P159: =IF(Records!Q159="","",Records!Q159) -> 4 | Q159: =AVERAGE(D159:I159) -> 2.5 | R159: =AVERAGE(J159:M159) -> 2.5 | S159: =AVERAGE(N159:P159) -> 4.3333333 | T159: =COUNT(D159:I159,J159:M159,N159:P159) -> 13
A160: =Records!A160 -> P005 | B160: =Records!B160 -> 1 | C160: =Records!D160 -> One-Euro | D160: =IF(Records!E160="","",Records!E160) -> 2 | E160: =IF(Records!F160="","",Records!F160) -> 1 | F160: =IF(Records!G160="","",6-Records!G160) -> 2 | G160: =IF(Records!H160="","",Records!H160) -> 1 | H160: =IF(Records!I160="","",6-Records!I160) -> 3 | I160: =IF(Records!J160="","",Records!J160) -> 3 | J160: =IF(Records!K160="","",Records!K160) -> 1 | K160: =IF(Records!L160="","",6-Records!L160) -> 1 | L160: =IF(Records!M160="","",Records!M160) -> 1 | M160: =IF(Records!N160="","",6-Records!N160) -> 2 | N160: =IF(Records!O160="","",Records!O160) -> 1 | O160: =IF(Records!P160="","",Records!P160) -> 1 | P160: =IF(Records!Q160="","",Records!Q160) -> 3 | Q160: =AVERAGE(D160:I160) -> 2 | R160: =AVERAGE(J160:M160) -> 1.25 | S160: =AVERAGE(N160:P160) -> 1.6666667 | T160: =COUNT(D160:I160,J160:M160,N160:P160) -> 13
A161: =Records!A161 -> P005 | B161: =Records!B161 -> 2 | C161: =Records!D161 -> EgoAnchor | D161: =IF(Records!E161="","",Records!E161) -> 3 | E161: =IF(Records!F161="","",Records!F161) -> 2 | F161: =IF(Records!G161="","",6-Records!G161) -> 4 | G161: =IF(Records!H161="","",Records!H161) -> 2 | H161: =IF(Records!I161="","",6-Records!I161) -> 3 | I161: =IF(Records!J161="","",Records!J161) -> 3 | J161: =IF(Records!K161="","",Records!K161) -> 1 | K161: =IF(Records!L161="","",6-Records!L161) -> 3 | L161: =IF(Records!M161="","",Records!M161) -> 2 | M161: =IF(Records!N161="","",6-Records!N161) -> 3 | N161: =IF(Records!O161="","",Records!O161) -> 4 | O161: =IF(Records!P161="","",Records!P161) -> 3 | P161: =IF(Records!Q161="","",Records!Q161) -> 3 | Q161: =AVERAGE(D161:I161) -> 2.8333333 | R161: =AVERAGE(J161:M161) -> 2.25 | S161: =AVERAGE(N161:P161) -> 3.3333333 | T161: =COUNT(D161:I161,J161:M161,N161:P161) -> 13
A162: =Records!A162 -> P006 | B162: =Records!B162 -> 1 | C162: =Records!D162 -> EgoAnchor | D162: =IF(Records!E162="","",Records!E162) -> 3 | E162: =IF(Records!F162="","",Records!F162) -> 3 | F162: =IF(Records!G162="","",6-Records!G162) -> 3 | G162: =IF(Records!H162="","",Records!H162) -> 3 | H162: =IF(Records!I162="","",6-Records!I162) -> 4 | I162: =IF(Records!J162="","",Records!J162) -> 3 | J162: =IF(Records!K162="","",Records!K162) -> 2 | K162: =IF(Records!L162="","",6-Records!L162) -> 2 | L162: =IF(Records!M162="","",Records!M162) -> 2 | M162: =IF(Records!N162="","",6-Records!N162) -> 4 | N162: =IF(Records!O162="","",Records!O162) -> 4 | O162: =IF(Records!P162="","",Records!P162) -> 4 | P162: =IF(Records!Q162="","",Records!Q162) -> 4 | Q162: =AVERAGE(D162:I162) -> 3.1666667 | R162: =AVERAGE(J162:M162) -> 2.5 | S162: =AVERAGE(N162:P162) -> 4 | T162: =COUNT(D162:I162,J162:M162,N162:P162) -> 13
A163: =Records!A163 -> P006 | B163: =Records!B163 -> 2 | C163: =Records!D163 -> One-Euro | D163: =IF(Records!E163="","",Records!E163) -> 3 | E163: =IF(Records!F163="","",Records!F163) -> 3 | F163: =IF(Records!G163="","",6-Records!G163) -> 4 | G163: =IF(Records!H163="","",Records!H163) -> 3 | H163: =IF(Records!I163="","",6-Records!I163) -> 3 | I163: =IF(Records!J163="","",Records!J163) -> 3 | J163: =IF(Records!K163="","",Records!K163) -> 3 | K163: =IF(Records!L163="","",6-Records!L163) -> 3 | L163: =IF(Records!M163="","",Records!M163) -> 4 | M163: =IF(Records!N163="","",6-Records!N163) -> 3 | N163: =IF(Records!O163="","",Records!O163) -> 4 | O163: =IF(Records!P163="","",Records!P163) -> 4 | P163: =IF(Records!Q163="","",Records!Q163) -> 3 | Q163: =AVERAGE(D163:I163) -> 3.1666667 | R163: =AVERAGE(J163:M163) -> 3.25 | S163: =AVERAGE(N163:P163) -> 3.6666667 | T163: =COUNT(D163:I163,J163:M163,N163:P163) -> 13
... A199: =Records!A199 -> P024 | B199: =Records!B199 -> 2 | C199: =Records!D199 -> EgoAnchor | D199: =IF(Records!E199="","",Records!E199) -> 5 | E199: =IF(Records!F199="","",Records!F199) -> 5 | F199: =IF(Records!G199="","",6-Records!G199) -> 4 | G199: =IF(Records!H199="","",Records!H199) -> 5 | H199: =IF(Records!I199="","",6-Records!I199) -> 4 | I199: =IF(Records!J199="","",Records!J199) -> 5 | J199: =IF(Records!K199="","",Records!K199) -> 5 | K199: =IF(Records!L199="","",6-Records!L199) -> 5 | L199: =IF(Records!M199="","",Records!M199) -> 5 | M199: =IF(Records!N199="","",6-Records!N199) -> 5 | N199: =IF(Records!O199="","",Records!O199) -> 6 | O199: =IF(Records!P199="","",Records!P199) -> 7 | P199: =IF(Records!Q199="","",Records!Q199) -> 7 | Q199: =AVERAGE(D199:I199) -> 4.6666667 | R199: =AVERAGE(J199:M199) -> 5 | S199: =AVERAGE(N199:P199) -> 6.6666667 | T199: =COUNT(D199:I199,J199:M199,N199:P199) -> 13
A201: D3. 每人每方法（48 行 = 24 人 × 2 方法）：按计划书 6.2 在三个物体上取**均值**（非中位数——三点中位数只落在刻度点上，产生大量配对结平损失效能）。前 24 行 = EgoAnchor，后 24 行 = One-Euro，与 D4 逐行配对
A202: Participant_ID | B202: Condition | C202: Q1 | D202: Q2 | E202: Q9 | F202: AQ_IQ2 | G202: AQ_IQ3 | H202: Q3 | I202: Q8 | J202: AQ_EQ1 | K202: AQ_EQ2 | L202: AQ_EQ3 | M202: AQ_IQ1 | N202: Q6 | O202: Q7 | P202: AQ_EQ | Q202: AQ_IQ | R202: TIA_RC | S202: TIA_UP | T202: STIAS
A203: P001 | B203: EgoAnchor | C203: =AVERAGEIFS(Records!$K$5:$K$148,Records!$A$5:$A$148,$A203,Records!$H$5:$H$148,$B203) -> 5 | D203: =AVERAGEIFS(Records!$L$5:$L$148,Records!$A$5:$A$148,$A203,Records!$H$5:$H$148,$B203) -> 5 | E203: =AVERAGEIFS(Records!$M$5:$M$148,Records!$A$5:$A$148,$A203,Records!$H$5:$H$148,$B203) -> 5.3333333 | F203: =AVERAGEIFS(Records!$O$5:$O$148,Records!$A$5:$A$148,$A203,Records!$H$5:$H$148,$B203) -> 5.3333333 | G203: =AVERAGEIFS(Records!$P$5:$P$148,Records!$A$5:$A$148,$A203,Records!$H$5:$H$148,$B203) -> 5.3333333 | H203: =AVERAGEIFS(Records!$Q$5:$Q$148,Records!$A$5:$A$148,$A203,Records!$H$5:$H$148,$B203) -> 5.3333333 | I203: =AVERAGEIFS(Records!$R$5:$R$148,Records!$A$5:$A$148,$A203,Records!$H$5:$H$148,$B203) -> 6 | J203: =AVERAGEIFS(Records!$S$5:$S$148,Records!$A$5:$A$148,$A203,Records!$H$5:$H$148,$B203) -> 5.6666667 | K203: =AVERAGEIFS(Records!$T$5:$T$148,Records!$A$5:$A$148,$A203,Records!$H$5:$H$148,$B203) -> 5.3333333 | L203: =AVERAGEIFS(Records!$U$5:$U$148,Records!$A$5:$A$148,$A203,Records!$H$5:$H$148,$B203) -> 6 | M203: =AVERAGEIFS(Records!$V$5:$V$148,Records!$A$5:$A$148,$A203,Records!$H$5:$H$148,$B203) -> 5.6666667 | N203: =AVERAGEIFS(Records!$W$5:$W$148,Records!$A$5:$A$148,$A203,Records!$H$5:$H$148,$B203) -> 5.6666667 | O203: =AVERAGEIFS(Records!$X$5:$X$148,Records!$A$5:$A$148,$A203,Records!$H$5:$H$148,$B203) -> 4.6666667 | P203: =AVERAGEIFS($E$5:$E$148,$A$5:$A$148,$A203,$C$5:$C$148,$B203) -> 5.6666667 | Q203: =AVERAGEIFS($F$5:$F$148,$A$5:$A$148,$A203,$C$5:$C$148,$B203) -> 5.4444444 | R203: =AVERAGEIFS($Q$152:$Q$199,$A$152:$A$199,$A203,$C$152:$C$199,$B203) -> 4 | S203: =AVERAGEIFS($R$152:$R$199,$A$152:$A$199,$A203,$C$152:$C$199,$B203) -> 3.5 | T203: =AVERAGEIFS($S$152:$S$199,$A$152:$A$199,$A203,$C$152:$C$199,$B203) -> 5.6666667
A204: P002 | B204: EgoAnchor | C204: =AVERAGEIFS(Records!$K$5:$K$148,Records!$A$5:$A$148,$A204,Records!$H$5:$H$148,$B204) -> 5.3333333 | D204: =AVERAGEIFS(Records!$L$5:$L$148,Records!$A$5:$A$148,$A204,Records!$H$5:$H$148,$B204) -> 4.3333333 | E204: =AVERAGEIFS(Records!$M$5:$M$148,Records!$A$5:$A$148,$A204,Records!$H$5:$H$148,$B204) -> 4 | F204: =AVERAGEIFS(Records!$O$5:$O$148,Records!$A$5:$A$148,$A204,Records!$H$5:$H$148,$B204) -> 4.3333333 | G204: =AVERAGEIFS(Records!$P$5:$P$148,Records!$A$5:$A$148,$A204,Records!$H$5:$H$148,$B204) -> 4.3333333 | H204: =AVERAGEIFS(Records!$Q$5:$Q$148,Records!$A$5:$A$148,$A204,Records!$H$5:$H$148,$B204) -> 4 | I204: =AVERAGEIFS(Records!$R$5:$R$148,Records!$A$5:$A$148,$A204,Records!$H$5:$H$148,$B204) -> 4 | J204: =AVERAGEIFS(Records!$S$5:$S$148,Records!$A$5:$A$148,$A204,Records!$H$5:$H$148,$B204) -> 3 | K204: =AVERAGEIFS(Records!$T$5:$T$148,Records!$A$5:$A$148,$A204,Records!$H$5:$H$148,$B204) -> 4 | L204: =AVERAGEIFS(Records!$U$5:$U$148,Records!$A$5:$A$148,$A204,Records!$H$5:$H$148,$B204) -> 5.3333333 | M204: =AVERAGEIFS(Records!$V$5:$V$148,Records!$A$5:$A$148,$A204,Records!$H$5:$H$148,$B204) -> 5 | N204: =AVERAGEIFS(Records!$W$5:$W$148,Records!$A$5:$A$148,$A204,Records!$H$5:$H$148,$B204) -> 3.3333333 | O204: =AVERAGEIFS(Records!$X$5:$X$148,Records!$A$5:$A$148,$A204,Records!$H$5:$H$148,$B204) -> 3.6666667 | P204: =AVERAGEIFS($E$5:$E$148,$A$5:$A$148,$A204,$C$5:$C$148,$B204) -> 4.1111111 | Q204: =AVERAGEIFS($F$5:$F$148,$A$5:$A$148,$A204,$C$5:$C$148,$B204) -> 4.5555556 | R204: =AVERAGEIFS($Q$152:$Q$199,$A$152:$A$199,$A204,$C$152:$C$199,$B204) -> 3 | S204: =AVERAGEIFS($R$152:$R$199,$A$152:$A$199,$A204,$C$152:$C$199,$B204) -> 3 | T204: =AVERAGEIFS($S$152:$S$199,$A$152:$A$199,$A204,$C$152:$C$199,$B204) -> 4
A205: P003 | B205: EgoAnchor | C205: =AVERAGEIFS(Records!$K$5:$K$148,Records!$A$5:$A$148,$A205,Records!$H$5:$H$148,$B205) -> 7 | D205: =AVERAGEIFS(Records!$L$5:$L$148,Records!$A$5:$A$148,$A205,Records!$H$5:$H$148,$B205) -> 5.6666667 | E205: =AVERAGEIFS(Records!$M$5:$M$148,Records!$A$5:$A$148,$A205,Records!$H$5:$H$148,$B205) -> 5.6666667 | F205: =AVERAGEIFS(Records!$O$5:$O$148,Records!$A$5:$A$148,$A205,Records!$H$5:$H$148,$B205) -> 5 | G205: =AVERAGEIFS(Records!$P$5:$P$148,Records!$A$5:$A$148,$A205,Records!$H$5:$H$148,$B205) -> 6 | H205: =AVERAGEIFS(Records!$Q$5:$Q$148,Records!$A$5:$A$148,$A205,Records!$H$5:$H$148,$B205) -> 7 | I205: =AVERAGEIFS(Records!$R$5:$R$148,Records!$A$5:$A$148,$A205,Records!$H$5:$H$148,$B205) -> 6 | J205: =AVERAGEIFS(Records!$S$5:$S$148,Records!$A$5:$A$148,$A205,Records!$H$5:$H$148,$B205) -> 4.6666667 | K205: =AVERAGEIFS(Records!$T$5:$T$148,Records!$A$5:$A$148,$A205,Records!$H$5:$H$148,$B205) -> 6 | L205: =AVERAGEIFS(Records!$U$5:$U$148,Records!$A$5:$A$148,$A205,Records!$H$5:$H$148,$B205) -> 6.6666667 | M205: =AVERAGEIFS(Records!$V$5:$V$148,Records!$A$5:$A$148,$A205,Records!$H$5:$H$148,$B205) -> 5 | N205: =AVERAGEIFS(Records!$W$5:$W$148,Records!$A$5:$A$148,$A205,Records!$H$5:$H$148,$B205) -> 6.6666667 | O205: =AVERAGEIFS(Records!$X$5:$X$148,Records!$A$5:$A$148,$A205,Records!$H$5:$H$148,$B205) -> 6.3333333 | P205: =AVERAGEIFS($E$5:$E$148,$A$5:$A$148,$A205,$C$5:$C$148,$B205) -> 5.7777778 | Q205: =AVERAGEIFS($F$5:$F$148,$A$5:$A$148,$A205,$C$5:$C$148,$B205) -> 5.3333333 | R205: =AVERAGEIFS($Q$152:$Q$199,$A$152:$A$199,$A205,$C$152:$C$199,$B205) -> 4.6666667 | S205: =AVERAGEIFS($R$152:$R$199,$A$152:$A$199,$A205,$C$152:$C$199,$B205) -> 4.75 | T205: =AVERAGEIFS($S$152:$S$199,$A$152:$A$199,$A205,$C$152:$C$199,$B205) -> 6.3333333
A206: P004 | B206: EgoAnchor | C206: =AVERAGEIFS(Records!$K$5:$K$148,Records!$A$5:$A$148,$A206,Records!$H$5:$H$148,$B206) -> 4 | D206: =AVERAGEIFS(Records!$L$5:$L$148,Records!$A$5:$A$148,$A206,Records!$H$5:$H$148,$B206) -> 3.6666667 | E206: =AVERAGEIFS(Records!$M$5:$M$148,Records!$A$5:$A$148,$A206,Records!$H$5:$H$148,$B206) -> 3.3333333 | F206: =AVERAGEIFS(Records!$O$5:$O$148,Records!$A$5:$A$148,$A206,Records!$H$5:$H$148,$B206) -> 4 | G206: =AVERAGEIFS(Records!$P$5:$P$148,Records!$A$5:$A$148,$A206,Records!$H$5:$H$148,$B206) -> 4.3333333 | H206: =AVERAGEIFS(Records!$Q$5:$Q$148,Records!$A$5:$A$148,$A206,Records!$H$5:$H$148,$B206) -> 3.6666667 | I206: =AVERAGEIFS(Records!$R$5:$R$148,Records!$A$5:$A$148,$A206,Records!$H$5:$H$148,$B206) -> 4.6666667 | J206: =AVERAGEIFS(Records!$S$5:$S$148,Records!$A$5:$A$148,$A206,Records!$H$5:$H$148,$B206) -> 5 | K206: =AVERAGEIFS(Records!$T$5:$T$148,Records!$A$5:$A$148,$A206,Records!$H$5:$H$148,$B206) -> 4.6666667 | L206: =AVERAGEIFS(Records!$U$5:$U$148,Records!$A$5:$A$148,$A206,Records!$H$5:$H$148,$B206) -> 4.6666667 | M206: =AVERAGEIFS(Records!$V$5:$V$148,Records!$A$5:$A$148,$A206,Records!$H$5:$H$148,$B206) -> 4.6666667 | N206: =AVERAGEIFS(Records!$W$5:$W$148,Records!$A$5:$A$148,$A206,Records!$H$5:$H$148,$B206) -> 4.6666667 | O206: =AVERAGEIFS(Records!$X$5:$X$148,Records!$A$5:$A$148,$A206,Records!$H$5:$H$148,$B206) -> 3.3333333 | P206: =AVERAGEIFS($E$5:$E$148,$A$5:$A$148,$A206,$C$5:$C$148,$B206) -> 4.7777778 | Q206: =AVERAGEIFS($F$5:$F$148,$A$5:$A$148,$A206,$C$5:$C$148,$B206) -> 4.3333333 | R206: =AVERAGEIFS($Q$152:$Q$199,$A$152:$A$199,$A206,$C$152:$C$199,$B206) -> 2.5 | S206: =AVERAGEIFS($R$152:$R$199,$A$152:$A$199,$A206,$C$152:$C$199,$B206) -> 2.5 | T206: =AVERAGEIFS($S$152:$S$199,$A$152:$A$199,$A206,$C$152:$C$199,$B206) -> 4.3333333
A207: P005 | B207: EgoAnchor | C207: =AVERAGEIFS(Records!$K$5:$K$148,Records!$A$5:$A$148,$A207,Records!$H$5:$H$148,$B207) -> 4.3333333 | D207: =AVERAGEIFS(Records!$L$5:$L$148,Records!$A$5:$A$148,$A207,Records!$H$5:$H$148,$B207) -> 2.3333333 | E207: =AVERAGEIFS(Records!$M$5:$M$148,Records!$A$5:$A$148,$A207,Records!$H$5:$H$148,$B207) -> 2.6666667 | F207: =AVERAGEIFS(Records!$O$5:$O$148,Records!$A$5:$A$148,$A207,Records!$H$5:$H$148,$B207) -> 3.3333333 | G207: =AVERAGEIFS(Records!$P$5:$P$148,Records!$A$5:$A$148,$A207,Records!$H$5:$H$148,$B207) -> 5 | H207: =AVERAGEIFS(Records!$Q$5:$Q$148,Records!$A$5:$A$148,$A207,Records!$H$5:$H$148,$B207) -> 4.6666667 | I207: =AVERAGEIFS(Records!$R$5:$R$148,Records!$A$5:$A$148,$A207,Records!$H$5:$H$148,$B207) -> 4.3333333 | J207: =AVERAGEIFS(Records!$S$5:$S$148,Records!$A$5:$A$148,$A207,Records!$H$5:$H$148,$B207) -> 4 | K207: =AVERAGEIFS(Records!$T$5:$T$148,Records!$A$5:$A$148,$A207,Records!$H$5:$H$148,$B207) -> 4.6666667 | L207: =AVERAGEIFS(Records!$U$5:$U$148,Records!$A$5:$A$148,$A207,Records!$H$5:$H$148,$B207) -> 4 | M207: =AVERAGEIFS(Records!$V$5:$V$148,Records!$A$5:$A$148,$A207,Records!$H$5:$H$148,$B207) -> 2.3333333 | N207: =AVERAGEIFS(Records!$W$5:$W$148,Records!$A$5:$A$148,$A207,Records!$H$5:$H$148,$B207) -> 4.6666667 | O207: =AVERAGEIFS(Records!$X$5:$X$148,Records!$A$5:$A$148,$A207,Records!$H$5:$H$148,$B207) -> 4.6666667 | P207: =AVERAGEIFS($E$5:$E$148,$A$5:$A$148,$A207,$C$5:$C$148,$B207) -> 4.2222222 | Q207: =AVERAGEIFS($F$5:$F$148,$A$5:$A$148,$A207,$C$5:$C$148,$B207) -> 3.5555556 | R207: =AVERAGEIFS($Q$152:$Q$199,$A$152:$A$199,$A207,$C$152:$C$199,$B207) -> 2.8333333 | S207: =AVERAGEIFS($R$152:$R$199,$A$152:$A$199,$A207,$C$152:$C$199,$B207) -> 2.25 | T207: =AVERAGEIFS($S$152:$S$199,$A$152:$A$199,$A207,$C$152:$C$199,$B207) -> 3.3333333
A208: P006 | B208: EgoAnchor | C208: =AVERAGEIFS(Records!$K$5:$K$148,Records!$A$5:$A$148,$A208,Records!$H$5:$H$148,$B208) -> 4.3333333 | D208: =AVERAGEIFS(Records!$L$5:$L$148,Records!$A$5:$A$148,$A208,Records!$H$5:$H$148,$B208) -> 4 | E208: =AVERAGEIFS(Records!$M$5:$M$148,Records!$A$5:$A$148,$A208,Records!$H$5:$H$148,$B208) -> 4 | F208: =AVERAGEIFS(Records!$O$5:$O$148,Records!$A$5:$A$148,$A208,Records!$H$5:$H$148,$B208) -> 4 | G208: =AVERAGEIFS(Records!$P$5:$P$148,Records!$A$5:$A$148,$A208,Records!$H$5:$H$148,$B208) -> 3.3333333 | H208: =AVERAGEIFS(Records!$Q$5:$Q$148,Records!$A$5:$A$148,$A208,Records!$H$5:$H$148,$B208) -> 4 | I208: =AVERAGEIFS(Records!$R$5:$R$148,Records!$A$5:$A$148,$A208,Records!$H$5:$H$148,$B208) -> 4 | J208: =AVERAGEIFS(Records!$S$5:$S$148,Records!$A$5:$A$148,$A208,Records!$H$5:$H$148,$B208) -> 4 | K208: =AVERAGEIFS(Records!$T$5:$T$148,Records!$A$5:$A$148,$A208,Records!$H$5:$H$148,$B208) -> 4.3333333 | L208: =AVERAGEIFS(Records!$U$5:$U$148,Records!$A$5:$A$148,$A208,Records!$H$5:$H$148,$B208) -> 4.6666667 | M208: =AVERAGEIFS(Records!$V$5:$V$148,Records!$A$5:$A$148,$A208,Records!$H$5:$H$148,$B208) -> 3.6666667 | N208: =AVERAGEIFS(Records!$W$5:$W$148,Records!$A$5:$A$148,$A208,Records!$H$5:$H$148,$B208) -> 3 | O208: =AVERAGEIFS(Records!$X$5:$X$148,Records!$A$5:$A$148,$A208,Records!$H$5:$H$148,$B208) -> 4 | P208: =AVERAGEIFS($E$5:$E$148,$A$5:$A$148,$A208,$C$5:$C$148,$B208) -> 4.3333333 | Q208: =AVERAGEIFS($F$5:$F$148,$A$5:$A$148,$A208,$C$5:$C$148,$B208) -> 3.6666667 | R208: =AVERAGEIFS($Q$152:$Q$199,$A$152:$A$199,$A208,$C$152:$C$199,$B208) -> 3.1666667 | S208: =AVERAGEIFS($R$152:$R$199,$A$152:$A$199,$A208,$C$152:$C$199,$B208) -> 2.5 | T208: =AVERAGEIFS($S$152:$S$199,$A$152:$A$199,$A208,$C$152:$C$199,$B208) -> 4
A209: P007 | B209: EgoAnchor | C209: =AVERAGEIFS(Records!$K$5:$K$148,Records!$A$5:$A$148,$A209,Records!$H$5:$H$148,$B209) -> 7 | D209: =AVERAGEIFS(Records!$L$5:$L$148,Records!$A$5:$A$148,$A209,Records!$H$5:$H$148,$B209) -> 6.3333333 | E209: =AVERAGEIFS(Records!$M$5:$M$148,Records!$A$5:$A$148,$A209,Records!$H$5:$H$148,$B209) -> 7 | F209: =AVERAGEIFS(Records!$O$5:$O$148,Records!$A$5:$A$148,$A209,Records!$H$5:$H$148,$B209) -> 6.6666667 | G209: =AVERAGEIFS(Records!$P$5:$P$148,Records!$A$5:$A$148,$A209,Records!$H$5:$H$148,$B209) -> 6.6666667 | H209: =AVERAGEIFS(Records!$Q$5:$Q$148,Records!$A$5:$A$148,$A209,Records!$H$5:$H$148,$B209) -> 7 | I209: =AVERAGEIFS(Records!$R$5:$R$148,Records!$A$5:$A$148,$A209,Records!$H$5:$H$148,$B209) -> 7 | J209: =AVERAGEIFS(Records!$S$5:$S$148,Records!$A$5:$A$148,$A209,Records!$H$5:$H$148,$B209) -> 6.6666667 | K209: =AVERAGEIFS(Records!$T$5:$T$148,Records!$A$5:$A$148,$A209,Records!$H$5:$H$148,$B209) -> 6 | L209: =AVERAGEIFS(Records!$U$5:$U$148,Records!$A$5:$A$148,$A209,Records!$H$5:$H$148,$B209) -> 7 | M209: =AVERAGEIFS(Records!$V$5:$V$148,Records!$A$5:$A$148,$A209,Records!$H$5:$H$148,$B209) -> 6.3333333 | N209: =AVERAGEIFS(Records!$W$5:$W$148,Records!$A$5:$A$148,$A209,Records!$H$5:$H$148,$B209) -> 7 | O209: =AVERAGEIFS(Records!$X$5:$X$148,Records!$A$5:$A$148,$A209,Records!$H$5:$H$148,$B209) -> 7 | P209: =AVERAGEIFS($E$5:$E$148,$A$5:$A$148,$A209,$C$5:$C$148,$B209) -> 6.5555556 | Q209: =AVERAGEIFS($F$5:$F$148,$A$5:$A$148,$A209,$C$5:$C$148,$B209) -> 6.5555556 | R209: =AVERAGEIFS($Q$152:$Q$199,$A$152:$A$199,$A209,$C$152:$C$199,$B209) -> 5 | S209: =AVERAGEIFS($R$152:$R$199,$A$152:$A$199,$A209,$C$152:$C$199,$B209) -> 4.75 | T209: =AVERAGEIFS($S$152:$S$199,$A$152:$A$199,$A209,$C$152:$C$199,$B209) -> 7
A210: P008 | B210: EgoAnchor | C210: =AVERAGEIFS(Records!$K$5:$K$148,Records!$A$5:$A$148,$A210,Records!$H$5:$H$148,$B210) -> 5.6666667 | D210: =AVERAGEIFS(Records!$L$5:$L$148,Records!$A$5:$A$148,$A210,Records!$H$5:$H$148,$B210) -> 6.3333333 | E210: =AVERAGEIFS(Records!$M$5:$M$148,Records!$A$5:$A$148,$A210,Records!$H$5:$H$148,$B210) -> 6.6666667 | F210: =AVERAGEIFS(Records!$O$5:$O$148,Records!$A$5:$A$148,$A210,Records!$H$5:$H$148,$B210) -> 4.3333333 | G210: =AVERAGEIFS(Records!$P$5:$P$148,Records!$A$5:$A$148,$A210,Records!$H$5:$H$148,$B210) -> 4.6666667 | H210: =AVERAGEIFS(Records!$Q$5:$Q$148,Records!$A$5:$A$148,$A210,Records!$H$5:$H$148,$B210) -> 5.6666667 | I210: =AVERAGEIFS(Records!$R$5:$R$148,Records!$A$5:$A$148,$A210,Records!$H$5:$H$148,$B210) -> 6 | J210: =AVERAGEIFS(Records!$S$5:$S$148,Records!$A$5:$A$148,$A210,Records!$H$5:$H$148,$B210) -> 6.6666667 | K210: =AVERAGEIFS(Records!$T$5:$T$148,Records!$A$5:$A$148,$A210,Records!$H$5:$H$148,$B210) -> 7 | L210: =AVERAGEIFS(Records!$U$5:$U$148,Records!$A$5:$A$148,$A210,Records!$H$5:$H$148,$B210) -> 6.3333333 | M210: =AVERAGEIFS(Records!$V$5:$V$148,Records!$A$5:$A$148,$A210,Records!$H$5:$H$148,$B210) -> 6.3333333 | N210: =AVERAGEIFS(Records!$W$5:$W$148,Records!$A$5:$A$148,$A210,Records!$H$5:$H$148,$B210) -> 4.6666667 | O210: =AVERAGEIFS(Records!$X$5:$X$148,Records!$A$5:$A$148,$A210,Records!$H$5:$H$148,$B210) -> 5.3333333 | P210: =AVERAGEIFS($E$5:$E$148,$A$5:$A$148,$A210,$C$5:$C$148,$B210) -> 6.6666667 | Q210: =AVERAGEIFS($F$5:$F$148,$A$5:$A$148,$A210,$C$5:$C$148,$B210) -> 5.1111111 | R210: =AVERAGEIFS($Q$152:$Q$199,$A$152:$A$199,$A210,$C$152:$C$199,$B210) -> 3.6666667 | S210: =AVERAGEIFS($R$152:$R$199,$A$152:$A$199,$A210,$C$152:$C$199,$B210) -> 4.75 | T210: =AVERAGEIFS($S$152:$S$199,$A$152:$A$199,$A210,$C$152:$C$199,$B210) -> 5.6666667
A211: P009 | B211: EgoAnchor | C211: =AVERAGEIFS(Records!$K$5:$K$148,Records!$A$5:$A$148,$A211,Records!$H$5:$H$148,$B211) -> 4.6666667 | D211: =AVERAGEIFS(Records!$L$5:$L$148,Records!$A$5:$A$148,$A211,Records!$H$5:$H$148,$B211) -> 5.3333333 | E211: =AVERAGEIFS(Records!$M$5:$M$148,Records!$A$5:$A$148,$A211,Records!$H$5:$H$148,$B211) -> 5.3333333 | F211: =AVERAGEIFS(Records!$O$5:$O$148,Records!$A$5:$A$148,$A211,Records!$H$5:$H$148,$B211) -> 4.3333333 | G211: =AVERAGEIFS(Records!$P$5:$P$148,Records!$A$5:$A$148,$A211,Records!$H$5:$H$148,$B211) -> 5.6666667 | H211: =AVERAGEIFS(Records!$Q$5:$Q$148,Records!$A$5:$A$148,$A211,Records!$H$5:$H$148,$B211) -> 4 | I211: =AVERAGEIFS(Records!$R$5:$R$148,Records!$A$5:$A$148,$A211,Records!$H$5:$H$148,$B211) -> 4.3333333 | J211: =AVERAGEIFS(Records!$S$5:$S$148,Records!$A$5:$A$148,$A211,Records!$H$5:$H$148,$B211) -> 4.3333333 | K211: =AVERAGEIFS(Records!$T$5:$T$148,Records!$A$5:$A$148,$A211,Records!$H$5:$H$148,$B211) -> 4.6666667 | L211: =AVERAGEIFS(Records!$U$5:$U$148,Records!$A$5:$A$148,$A211,Records!$H$5:$H$148,$B211) -> 5.3333333 | M211: =AVERAGEIFS(Records!$V$5:$V$148,Records!$A$5:$A$148,$A211,Records!$H$5:$H$148,$B211) -> 5.3333333 | N211: =AVERAGEIFS(Records!$W$5:$W$148,Records!$A$5:$A$148,$A211,Records!$H$5:$H$148,$B211) -> 4 | O211: =AVERAGEIFS(Records!$X$5:$X$148,Records!$A$5:$A$148,$A211,Records!$H$5:$H$148,$B211) -> 3.3333333 | P211: =AVERAGEIFS($E$5:$E$148,$A$5:$A$148,$A211,$C$5:$C$148,$B211) -> 4.7777778 | Q211: =AVERAGEIFS($F$5:$F$148,$A$5:$A$148,$A211,$C$5:$C$148,$B211) -> 5.1111111 | R211: =AVERAGEIFS($Q$152:$Q$199,$A$152:$A$199,$A211,$C$152:$C$199,$B211) -> 3.4 | S211: =AVERAGEIFS($R$152:$R$199,$A$152:$A$199,$A211,$C$152:$C$199,$B211) -> 3.5 | T211: =AVERAGEIFS($S$152:$S$199,$A$152:$A$199,$A211,$C$152:$C$199,$B211) -> 4.3333333
A212: P010 | B212: EgoAnchor | C212: =AVERAGEIFS(Records!$K$5:$K$148,Records!$A$5:$A$148,$A212,Records!$H$5:$H$148,$B212) -> 3.3333333 | D212: =AVERAGEIFS(Records!$L$5:$L$148,Records!$A$5:$A$148,$A212,Records!$H$5:$H$148,$B212) -> 3.6666667 | E212: =AVERAGEIFS(Records!$M$5:$M$148,Records!$A$5:$A$148,$A212,Records!$H$5:$H$148,$B212) -> 4.6666667 | F212: =AVERAGEIFS(Records!$O$5:$O$148,Records!$A$5:$A$148,$A212,Records!$H$5:$H$148,$B212) -> 5.3333333 | G212: =AVERAGEIFS(Records!$P$5:$P$148,Records!$A$5:$A$148,$A212,Records!$H$5:$H$148,$B212) -> 4 | H212: =AVERAGEIFS(Records!$Q$5:$Q$148,Records!$A$5:$A$148,$A212,Records!$H$5:$H$148,$B212) -> 4.3333333 | I212: =AVERAGEIFS(Records!$R$5:$R$148,Records!$A$5:$A$148,$A212,Records!$H$5:$H$148,$B212) -> 3.6666667 | J212: =AVERAGEIFS(Records!$S$5:$S$148,Records!$A$5:$A$148,$A212,Records!$H$5:$H$148,$B212) -> 4.6666667 | K212: =AVERAGEIFS(Records!$T$5:$T$148,Records!$A$5:$A$148,$A212,Records!$H$5:$H$148,$B212) -> 4 | L212: =AVERAGEIFS(Records!$U$5:$U$148,Records!$A$5:$A$148,$A212,Records!$H$5:$H$148,$B212) -> 6 | M212: =AVERAGEIFS(Records!$V$5:$V$148,Records!$A$5:$A$148,$A212,Records!$H$5:$H$148,$B212) -> 5 | N212: =AVERAGEIFS(Records!$W$5:$W$148,Records!$A$5:$A$148,$A212,Records!$H$5:$H$148,$B212) -> 3.3333333 | O212: =AVERAGEIFS(Records!$X$5:$X$148,Records!$A$5:$A$148,$A212,Records!$H$5:$H$148,$B212) -> 4 | P212: =AVERAGEIFS($E$5:$E$148,$A$5:$A$148,$A212,$C$5:$C$148,$B212) -> 4.8888889 | Q212: =AVERAGEIFS($F$5:$F$148,$A$5:$A$148,$A212,$C$5:$C$148,$B212) -> 4.7777778 | R212: =AVERAGEIFS($Q$152:$Q$199,$A$152:$A$199,$A212,$C$152:$C$199,$B212) -> 3.1666667 | S212: =AVERAGEIFS($R$152:$R$199,$A$152:$A$199,$A212,$C$152:$C$199,$B212) -> 2.75 | T212: =AVERAGEIFS($S$152:$S$199,$A$152:$A$199,$A212,$C$152:$C$199,$B212) -> 3.6666667
A213: P011 | B213: EgoAnchor | C213: =AVERAGEIFS(Records!$K$5:$K$148,Records!$A$5:$A$148,$A213,Records!$H$5:$H$148,$B213) -> 6.3333333 | D213: =AVERAGEIFS(Records!$L$5:$L$148,Records!$A$5:$A$148,$A213,Records!$H$5:$H$148,$B213) -> 5.6666667 | E213: =AVERAGEIFS(Records!$M$5:$M$148,Records!$A$5:$A$148,$A213,Records!$H$5:$H$148,$B213) -> 5.6666667 | F213: =AVERAGEIFS(Records!$O$5:$O$148,Records!$A$5:$A$148,$A213,Records!$H$5:$H$148,$B213) -> 4 | G213: =AVERAGEIFS(Records!$P$5:$P$148,Records!$A$5:$A$148,$A213,Records!$H$5:$H$148,$B213) -> 5.3333333 | H213: =AVERAGEIFS(Records!$Q$5:$Q$148,Records!$A$5:$A$148,$A213,Records!$H$5:$H$148,$B213) -> 5 | I213: =AVERAGEIFS(Records!$R$5:$R$148,Records!$A$5:$A$148,$A213,Records!$H$5:$H$148,$B213) -> 4.6666667 | J213: =AVERAGEIFS(Records!$S$5:$S$148,Records!$A$5:$A$148,$A213,Records!$H$5:$H$148,$B213) -> 5.3333333 | K213: =AVERAGEIFS(Records!$T$5:$T$148,Records!$A$5:$A$148,$A213,Records!$H$5:$H$148,$B213) -> 4 | L213: =AVERAGEIFS(Records!$U$5:$U$148,Records!$A$5:$A$148,$A213,Records!$H$5:$H$148,$B213) -> 6.3333333 | M213: =AVERAGEIFS(Records!$V$5:$V$148,Records!$A$5:$A$148,$A213,Records!$H$5:$H$148,$B213) -> 5.3333333 | N213: =AVERAGEIFS(Records!$W$5:$W$148,Records!$A$5:$A$148,$A213,Records!$H$5:$H$148,$B213) -> 4.6666667 | O213: =AVERAGEIFS(Records!$X$5:$X$148,Records!$A$5:$A$148,$A213,Records!$H$5:$H$148,$B213) -> 5.6666667 | P213: =AVERAGEIFS($E$5:$E$148,$A$5:$A$148,$A213,$C$5:$C$148,$B213) -> 5.2222222 | Q213: =AVERAGEIFS($F$5:$F$148,$A$5:$A$148,$A213,$C$5:$C$148,$B213) -> 4.8888889 | R213: =AVERAGEIFS($Q$152:$Q$199,$A$152:$A$199,$A213,$C$152:$C$199,$B213) -> 3.5 | S213: =AVERAGEIFS($R$152:$R$199,$A$152:$A$199,$A213,$C$152:$C$199,$B213) -> 3.75 | T213: =AVERAGEIFS($S$152:$S$199,$A$152:$A$199,$A213,$C$152:$C$199,$B213) -> 5.3333333
A214: P012 | B214: EgoAnchor | C214: =AVERAGEIFS(Records!$K$5:$K$148,Records!$A$5:$A$148,$A214,Records!$H$5:$H$148,$B214) -> 4.6666667 | D214: =AVERAGEIFS(Records!$L$5:$L$148,Records!$A$5:$A$148,$A214,Records!$H$5:$H$148,$B214) -> 5 | E214: =AVERAGEIFS(Records!$M$5:$M$148,Records!$A$5:$A$148,$A214,Records!$H$5:$H$148,$B214) -> 5 | F214: =AVERAGEIFS(Records!$O$5:$O$148,Records!$A$5:$A$148,$A214,Records!$H$5:$H$148,$B214) -> 5.3333333 | G214: =AVERAGEIFS(Records!$P$5:$P$148,Records!$A$5:$A$148,$A214,Records!$H$5:$H$148,$B214) -> 6 | H214: =AVERAGEIFS(Records!$Q$5:$Q$148,Records!$A$5:$A$148,$A214,Records!$H$5:$H$148,$B214) -> 6.3333333 | I214: =AVERAGEIFS(Records!$R$5:$R$148,Records!$A$5:$A$148,$A214,Records!$H$5:$H$148,$B214) -> 5.3333333 | J214: =AVERAGEIFS(Records!$S$5:$S$148,Records!$A$5:$A$148,$A214,Records!$H$5:$H$148,$B214) -> 6 | K214: =AVERAGEIFS(Records!$T$5:$T$148,Records!$A$5:$A$148,$A214,Records!$H$5:$H$148,$B214) -> 5 | L214: =AVERAGEIFS(Records!$U$5:$U$148,Records!$A$5:$A$148,$A214,Records!$H$5:$H$148,$B214) -> 5.6666667 | M214: =AVERAGEIFS(Records!$V$5:$V$148,Records!$A$5:$A$148,$A214,Records!$H$5:$H$148,$B214) -> 6.3333333 | N214: =AVERAGEIFS(Records!$W$5:$W$148,Records!$A$5:$A$148,$A214,Records!$H$5:$H$148,$B214) -> 5.3333333 | O214: =AVERAGEIFS(Records!$X$5:$X$148,Records!$A$5:$A$148,$A214,Records!$H$5:$H$148,$B214) -> 6 | P214: =AVERAGEIFS($E$5:$E$148,$A$5:$A$148,$A214,$C$5:$C$148,$B214) -> 5.5555556 | Q214: =AVERAGEIFS($F$5:$F$148,$A$5:$A$148,$A214,$C$5:$C$148,$B214) -> 5.8888889 | R214: =AVERAGEIFS($Q$152:$Q$199,$A$152:$A$199,$A214,$C$152:$C$199,$B214) -> 4.1666667 | S214: =AVERAGEIFS($R$152:$R$199,$A$152:$A$199,$A214,$C$152:$C$199,$B214) -> 3.75 | T214: =AVERAGEIFS($S$152:$S$199,$A$152:$A$199,$A214,$C$152:$C$199,$B214) -> 6
... A250: P024 | B250: One-Euro | C250: =AVERAGEIFS(Records!$K$5:$K$148,Records!$A$5:$A$148,$A250,Records!$H$5:$H$148,$B250) -> 6.3333333 | D250: =AVERAGEIFS(Records!$L$5:$L$148,Records!$A$5:$A$148,$A250,Records!$H$5:$H$148,$B250) -> 7 | E250: =AVERAGEIFS(Records!$M$5:$M$148,Records!$A$5:$A$148,$A250,Records!$H$5:$H$148,$B250) -> 7 | F250: =AVERAGEIFS(Records!$O$5:$O$148,Records!$A$5:$A$148,$A250,Records!$H$5:$H$148,$B250) -> 7 | G250: =AVERAGEIFS(Records!$P$5:$P$148,Records!$A$5:$A$148,$A250,Records!$H$5:$H$148,$B250) -> 6 | H250: =AVERAGEIFS(Records!$Q$5:$Q$148,Records!$A$5:$A$148,$A250,Records!$H$5:$H$148,$B250) -> 6 | I250: =AVERAGEIFS(Records!$R$5:$R$148,Records!$A$5:$A$148,$A250,Records!$H$5:$H$148,$B250) -> 7 | J250: =AVERAGEIFS(Records!$S$5:$S$148,Records!$A$5:$A$148,$A250,Records!$H$5:$H$148,$B250) -> 7 | K250: =AVERAGEIFS(Records!$T$5:$T$148,Records!$A$5:$A$148,$A250,Records!$H$5:$H$148,$B250) -> 6.3333333 | L250: =AVERAGEIFS(Records!$U$5:$U$148,Records!$A$5:$A$148,$A250,Records!$H$5:$H$148,$B250) -> 7 | M250: =AVERAGEIFS(Records!$V$5:$V$148,Records!$A$5:$A$148,$A250,Records!$H$5:$H$148,$B250) -> 6 | N250: =AVERAGEIFS(Records!$W$5:$W$148,Records!$A$5:$A$148,$A250,Records!$H$5:$H$148,$B250) -> 7 | O250: =AVERAGEIFS(Records!$X$5:$X$148,Records!$A$5:$A$148,$A250,Records!$H$5:$H$148,$B250) -> 6.6666667 | P250: =AVERAGEIFS($E$5:$E$148,$A$5:$A$148,$A250,$C$5:$C$148,$B250) -> 6.7777778 | Q250: =AVERAGEIFS($F$5:$F$148,$A$5:$A$148,$A250,$C$5:$C$148,$B250) -> 6.3333333 | R250: =AVERAGEIFS($Q$152:$Q$199,$A$152:$A$199,$A250,$C$152:$C$199,$B250) -> 5 | S250: =AVERAGEIFS($R$152:$R$199,$A$152:$A$199,$A250,$C$152:$C$199,$B250) -> 4.5 | T250: =AVERAGEIFS($S$152:$S$199,$A$152:$A$199,$A250,$C$152:$C$199,$B250) -> 7
A252: D4. 每人配对差（EgoAnchor − One-Euro，24 行）：主家族 7 项 + 已发表量表家族 5 项。末列校验两行 Participant_ID 一致（配对正确性自检，应全为 OK）
A253: Participant_ID | B253: Q1 | C253: Q8 | D253: Q2 | E253: Q9 | F253: Q3 | G253: Q6 | H253: Q7 | I253: AQ_EQ | J253: AQ_IQ | K253: TIA_RC | L253: TIA_UP | M253: STIAS | N253: 配对校验
A254: P001 | B254: =C203-C227 -> 1 | C254: =I203-I227 -> -0.33333333 | D254: =D203-D227 -> -0.33333333 | E254: =E203-E227 -> 0.33333333 | F254: =H203-H227 -> 0.33333333 | G254: =N203-N227 -> 0.66666667 | H254: =O203-O227 -> 0.66666667 | I254: =P203-P227 -> -0.22222222 | J254: =Q203-Q227 -> -0.33333333 | K254: =R203-R227 -> -0.33333333 | L254: =S203-S227 -> -0.25 | M254: =T203-T227 -> 0 | N254: =IF(AND($A203=$A254,$A227=$A254),"OK","配对错误") -> OK
A255: P002 | B255: =C204-C228 -> 0.33333333 | C255: =I204-I228 -> 0.33333333 | D255: =D204-D228 -> -0.33333333 | E255: =E204-E228 -> -0.33333333 | F255: =H204-H228 -> 0 | G255: =N204-N228 -> -0.66666667 | H255: =O204-O228 -> -0.66666667 | I255: =P204-P228 -> -0.66666667 | J255: =Q204-Q228 -> -0.44444444 | K255: =R204-R228 -> 0.66666667 | L255: =S204-S228 -> 0 | M255: =T204-T228 -> 0.66666667 | N255: =IF(AND($A204=$A255,$A228=$A255),"OK","配对错误") -> OK
A256: P003 | B256: =C205-C229 -> 4 | C256: =I205-I229 -> 3 | D256: =D205-D229 -> 0.33333333 | E256: =E205-E229 -> 2.3333333 | F256: =H205-H229 -> 2.3333333 | G256: =N205-N229 -> 2.3333333 | H256: =O205-O229 -> 2.6666667 | I256: =P205-P229 -> 1 | J256: =Q205-Q229 -> 0.66666667 | K256: =R205-R229 -> 1.8333333 | L256: =S205-S229 -> 1.25 | M256: =T205-T229 -> 2.3333333 | N256: =IF(AND($A205=$A256,$A229=$A256),"OK","配对错误") -> OK
A257: P004 | B257: =C206-C230 -> -0.33333333 | C257: =I206-I230 -> -0.33333333 | D257: =D206-D230 -> -0.66666667 | E257: =E206-E230 -> -0.66666667 | F257: =H206-H230 -> -1 | G257: =N206-N230 -> -0.66666667 | H257: =O206-O230 -> -1 | I257: =P206-P230 -> -0.55555556 | J257: =Q206-Q230 -> -0.55555556 | K257: =R206-R230 -> -1 | L257: =S206-S230 -> -1 | M257: =T206-T230 -> -1 | N257: =IF(AND($A206=$A257,$A230=$A257),"OK","配对错误") -> OK
A258: P005 | B258: =C207-C231 -> 2.3333333 | C258: =I207-I231 -> 1.3333333 | D258: =D207-D231 -> -1 | E258: =E207-E231 -> 0.66666667 | F258: =H207-H231 -> 1.6666667 | G258: =N207-N231 -> 2 | H258: =O207-O231 -> 1 | I258: =P207-P231 -> 0.11111111 | J258: =Q207-Q231 -> -1 | K258: =R207-R231 -> 0.83333333 | L258: =S207-S231 -> 1 | M258: =T207-T231 -> 1.6666667 | N258: =IF(AND($A207=$A258,$A231=$A258),"OK","配对错误") -> OK
A259: P006 | B259: =C208-C232 -> 0 | C259: =I208-I232 -> -0.66666667 | D259: =D208-D232 -> 0.33333333 | E259: =E208-E232 -> -0.66666667 | F259: =H208-H232 -> 0 | G259: =N208-N232 -> -0.66666667 | H259: =O208-O232 -> -0.33333333 | I259: =P208-P232 -> -0.33333333 | J259: =Q208-Q232 -> -0.22222222 | K259: =R208-R232 -> 0 | L259: =S208-S232 -> -0.75 | M259: =T208-T232 -> 0.33333333 | N259: =IF(AND($A208=$A259,$A232=$A259),"OK","配对错误") -> OK
A260: P007 | B260: =C209-C233 -> 1 | C260: =I209-I233 -> 0.66666667 | D260: =D209-D233 -> -0.66666667 | E260: =E209-E233 -> 1 | F260: =H209-H233 -> 0.33333333 | G260: =N209-N233 -> 1.3333333 | H260: =O209-O233 -> 1 | I260: =P209-P233 -> 0.88888889 | J260: =Q209-Q233 -> 0.22222222 | K260: =R209-R233 -> 0.33333333 | L260: =S209-S233 -> 0 | M260: =T209-T233 -> 0.33333333 | N260: =IF(AND($A209=$A260,$A233=$A260),"OK","配对错误") -> OK
A261: P008 | B261: =C210-C234 -> 1 | C261: =I210-I234 -> 0.66666667 | D261: =D210-D234 -> 0.66666667 | E261: =E210-E234 -> 0.66666667 | F261: =H210-H234 -> 1.3333333 | G261: =N210-N234 -> 0.66666667 | H261: =O210-O234 -> 0.66666667 | I261: =P210-P234 -> 0.77777778 | J261: =Q210-Q234 -> 0.33333333 | K261: =R210-R234 -> 0.16666667 | L261: =S210-S234 -> 1 | M261: =T210-T234 -> 0 | N261: =IF(AND($A210=$A261,$A234=$A261),"OK","配对错误") -> OK
A262: P009 | B262: =C211-C235 -> 0.66666667 | C262: =I211-I235 -> 1 | D262: =D211-D235 -> 0.33333333 | E262: =E211-E235 -> 0.66666667 | F262: =H211-H235 -> 0 | G262: =N211-N235 -> 0.66666667 | H262: =O211-O235 -> 1 | I262: =P211-P235 -> -0.22222222 | J262: =Q211-Q235 -> 0.33333333 | K262: =R211-R235 -> 0.4 | L262: =S211-S235 -> 0.75 | M262: =T211-T235 -> 0.33333333 | N262: =IF(AND($A211=$A262,$A235=$A262),"OK","配对错误") -> OK
A263: P010 | B263: =C212-C236 -> -1 | C263: =I212-I236 -> 0 | D263: =D212-D236 -> 0 | E263: =E212-E236 -> -0.33333333 | F263: =H212-H236 -> 0.33333333 | G263: =N212-N236 -> 0 | H263: =O212-O236 -> 0 | I263: =P212-P236 -> -0.11111111 | J263: =Q212-Q236 -> 0 | K263: =R212-R236 -> -0.16666667 | L263: =S212-S236 -> -0.25 | M263: =T212-T236 -> -0.66666667 | N263: =IF(AND($A212=$A263,$A236=$A263),"OK","配对错误") -> OK
A264: P011 | B264: =C213-C237 -> 2.6666667 | C264: =I213-I237 -> 2 | D264: =D213-D237 -> 0.33333333 | E264: =E213-E237 -> 1.6666667 | F264: =H213-H237 -> 1.6666667 | G264: =N213-N237 -> 1.3333333 | H264: =O213-O237 -> 2 | I264: =P213-P237 -> 1.3333333 | J264: =Q213-Q237 -> 0.77777778 | K264: =R213-R237 -> 1.5 | L264: =S213-S237 -> 1.25 | M264: =T213-T237 -> 3 | N264: =IF(AND($A213=$A264,$A237=$A264),"OK","配对错误") -> OK
A265: P012 | B265: =C214-C238 -> 0.33333333 | C265: =I214-I238 -> 0.66666667 | D265: =D214-D238 -> 0.66666667 | E265: =E214-E238 -> -0.33333333 | F265: =H214-H238 -> 0.66666667 | G265: =N214-N238 -> 1 | H265: =O214-O238 -> 0.66666667 | I265: =P214-P238 -> -0.33333333 | J265: =Q214-Q238 -> 0.66666667 | K265: =R214-R238 -> 0.66666667 | L265: =S214-S238 -> 0 | M265: =T214-T238 -> 1.3333333 | N265: =IF(AND($A214=$A265,$A238=$A265),"OK","配对错误") -> OK
... A277: P024 | B277: =C226-C250 -> -0.33333333 | C277: =I226-I250 -> 0 | D277: =D226-D250 -> -0.66666667 | E277: =E226-E250 -> -0.33333333 | F277: =H226-H250 -> 0.33333333 | G277: =N226-N250 -> 0 | H277: =O226-O250 -> -0.66666667 | I277: =P226-P250 -> -1.1111111 | J277: =Q226-Q250 -> -1.1111111 | K277: =R226-R250 -> -0.33333333 | L277: =S226-S250 -> 0.5 | M277: =T226-T250 -> -0.33333333 | N277: =IF(AND($A226=$A277,$A250=$A277),"OK","配对错误") -> OK

Sheet Analysis
A1: 分析结果（合成数据）：绿底 = 公式实时计算；黄底 = Python 写入（Wilcoxon W / p、Holm 校正 p、r_rb 自举 CI、信度 α/ω、TOST p）
A3: A. 主证实家族（7 项；三物体均值 → 配对 Wilcoxon → 家族内 Holm(7)）
A4: 条目 | B4: 简称 | C4: One-Euro Mdn[IQR] | D4: EgoAnchor Mdn[IQR] | E4: 配对差中位 | F4: 配对差均值 | G4: 配对差 SD | H4: dz | I4: W | J4: p_raw | K4: p_Holm | L4: 匹配秩双列 r | M4: r 95%CI
A5: Q1 | B5: 静止稳定 | C5: =TEXT(MEDIAN(Derived!$C$227:$C$250),"0.00")&" ["&TEXT(QUARTILE(Derived!$C$227:$C$250,1),"0.00")&", "&TEXT(QUARTILE(Derived!$C$227:$C$250,3),"0.00")&"]" -> 4.33 [3.67, 4.75] | D5: =TEXT(MEDIAN(Derived!$C$203:$C$226),"0.00")&" ["&TEXT(QUARTILE(Derived!$C$203:$C$226,1),"0.00")&", "&TEXT(QUARTILE(Derived!$C$203:$C$226,3),"0.00")&"]" -> 5.50 [4.58, 6.42] | E5: =MEDIAN(Derived!$B$254:$B$277) -> 0.66666667 | F5: =AVERAGE(Derived!$B$254:$B$277) -> 1.125 | G5: =STDEV.S(Derived!$B$254:$B$277) -> 1.223018 | H5: =AVERAGE(Derived!$B$254:$B$277)/STDEV.S(Derived!$B$254:$B$277) -> 0.91985566 | I5: 16 | J5: 0.0002 | K5: 0.0014 | L5: 0.884 | M5: [+0.66, +1.00]
A6: Q8 | B6: 位置正确 | C6: =TEXT(MEDIAN(Derived!$I$227:$I$250),"0.00")&" ["&TEXT(QUARTILE(Derived!$I$227:$I$250,1),"0.00")&", "&TEXT(QUARTILE(Derived!$I$227:$I$250,3),"0.00")&"]" -> 4.33 [3.58, 5.08] | D6: =TEXT(MEDIAN(Derived!$I$203:$I$226),"0.00")&" ["&TEXT(QUARTILE(Derived!$I$203:$I$226,1),"0.00")&", "&TEXT(QUARTILE(Derived!$I$203:$I$226,3),"0.00")&"]" -> 5.33 [4.33, 6.00] | E6: =MEDIAN(Derived!$C$254:$C$277) -> 0.66666667 | F6: =AVERAGE(Derived!$C$254:$C$277) -> 0.88888889 | G6: =STDEV.S(Derived!$C$254:$C$277) -> 1.0797507 | H6: =AVERAGE(Derived!$C$254:$C$277)/STDEV.S(Derived!$C$254:$C$277) -> 0.82323532 | I6: 20 | J6: 0.0009 | K6: 0.0034 | L6: 0.827 | M6: [+0.55, +0.99]
A7: Q2 | B7: 运动附着 | C7: =TEXT(MEDIAN(Derived!$D$227:$D$250),"0.00")&" ["&TEXT(QUARTILE(Derived!$D$227:$D$250,1),"0.00")&", "&TEXT(QUARTILE(Derived!$D$227:$D$250,3),"0.00")&"]" -> 4.83 [4.25, 5.42] | D7: =TEXT(MEDIAN(Derived!$D$203:$D$226),"0.00")&" ["&TEXT(QUARTILE(Derived!$D$203:$D$226,1),"0.00")&", "&TEXT(QUARTILE(Derived!$D$203:$D$226,3),"0.00")&"]" -> 5.00 [4.00, 5.67] | E7: =MEDIAN(Derived!$D$254:$D$277) -> 0 | F7: =AVERAGE(Derived!$D$254:$D$277) -> -0.013888889 | G7: =STDEV.S(Derived!$D$254:$D$277) -> 0.6843959 | H7: =AVERAGE(Derived!$D$254:$D$277)/STDEV.S(Derived!$D$254:$D$277) -> -0.020293647 | I7: 96.5 | J7: 0.7501 | K7: 0.7501 | L7: -0.081 | M7: [-0.56, +0.42]
A8: Q9 | B8: 姿态一致 | C8: =TEXT(MEDIAN(Derived!$E$227:$E$250),"0.00")&" ["&TEXT(QUARTILE(Derived!$E$227:$E$250,1),"0.00")&", "&TEXT(QUARTILE(Derived!$E$227:$E$250,3),"0.00")&"]" -> 4.67 [4.00, 5.33] | D8: =TEXT(MEDIAN(Derived!$E$203:$E$226),"0.00")&" ["&TEXT(QUARTILE(Derived!$E$203:$E$226,1),"0.00")&", "&TEXT(QUARTILE(Derived!$E$203:$E$226,3),"0.00")&"]" -> 4.83 [4.00, 5.83] | E8: =MEDIAN(Derived!$E$254:$E$277) -> 0.5 | F8: =AVERAGE(Derived!$E$254:$E$277) -> 0.38888889 | G8: =STDEV.S(Derived!$E$254:$E$277) -> 0.90445311 | H8: =AVERAGE(Derived!$E$254:$E$277)/STDEV.S(Derived!$E$254:$E$277) -> 0.42997131 | I8: 57.5 | J8: 0.0432 | K8: 0.0864 | L8: 0.502 | M8: [+0.05, +0.85]
A9: Q3 | B9: 恢复一致 | C9: =TEXT(MEDIAN(Derived!$H$227:$H$250),"0.00")&" ["&TEXT(QUARTILE(Derived!$H$227:$H$250,1),"0.00")&", "&TEXT(QUARTILE(Derived!$H$227:$H$250,3),"0.00")&"]" -> 4.33 [3.92, 4.75] | D9: =TEXT(MEDIAN(Derived!$H$203:$H$226),"0.00")&" ["&TEXT(QUARTILE(Derived!$H$203:$H$226,1),"0.00")&", "&TEXT(QUARTILE(Derived!$H$203:$H$226,3),"0.00")&"]" -> 5.00 [4.25, 6.08] | E9: =MEDIAN(Derived!$F$254:$F$277) -> 0.5 | F9: =AVERAGE(Derived!$F$254:$F$277) -> 0.875 | G9: =STDEV.S(Derived!$F$254:$F$277) -> 0.94184781 | H9: =AVERAGE(Derived!$F$254:$F$277)/STDEV.S(Derived!$F$254:$F$277) -> 0.92902483 | I9: 12 | J9: 0.0005 | K9: 0.0025 | L9: 0.886 | M9: [+0.62, +1.00]
A10: Q6 | B10: 依赖意愿 | C10: =TEXT(MEDIAN(Derived!$N$227:$N$250),"0.00")&" ["&TEXT(QUARTILE(Derived!$N$227:$N$250,1),"0.00")&", "&TEXT(QUARTILE(Derived!$N$227:$N$250,3),"0.00")&"]" -> 4.00 [3.33, 4.33] | D10: =TEXT(MEDIAN(Derived!$N$203:$N$226),"0.00")&" ["&TEXT(QUARTILE(Derived!$N$203:$N$226,1),"0.00")&", "&TEXT(QUARTILE(Derived!$N$203:$N$226,3),"0.00")&"]" -> 4.67 [4.00, 5.67] | E10: =MEDIAN(Derived!$G$254:$G$277) -> 0.66666667 | F10: =AVERAGE(Derived!$G$254:$G$277) -> 0.875 | G10: =STDEV.S(Derived!$G$254:$G$277) -> 0.92110257 | H10: =AVERAGE(Derived!$G$254:$G$277)/STDEV.S(Derived!$G$254:$G$277) -> 0.94994849 | I10: 16.5 | J10: 0.0003 | K10: 0.0021 | L10: 0.87 | M10: [+0.63, +1.00]
A11: Q7 | B11: 稳定-响应平衡 | C11: =TEXT(MEDIAN(Derived!$O$227:$O$250),"0.00")&" ["&TEXT(QUARTILE(Derived!$O$227:$O$250,1),"0.00")&", "&TEXT(QUARTILE(Derived!$O$227:$O$250,3),"0.00")&"]" -> 4.00 [3.67, 4.42] | D11: =TEXT(MEDIAN(Derived!$O$203:$O$226),"0.00")&" ["&TEXT(QUARTILE(Derived!$O$203:$O$226,1),"0.00")&", "&TEXT(QUARTILE(Derived!$O$203:$O$226,3),"0.00")&"]" -> 5.33 [4.00, 5.75] | E11: =MEDIAN(Derived!$H$254:$H$277) -> 0.83333333 | F11: =AVERAGE(Derived!$H$254:$H$277) -> 0.83333333 | G11: =STDEV.S(Derived!$H$254:$H$277) -> 0.99758162 | H11: =AVERAGE(Derived!$H$254:$H$277)/STDEV.S(Derived!$H$254:$H$277) -> 0.83535354 | I11: 24 | J11: 0.0009 | K11: 0.0034 | L11: 0.81 | M11: [+0.50, +0.98]
A13: B. 已发表量表家族（5 检验；Holm(5)；TiA 反向项已在 Derived D2 按 6−原始分换向）——信度只对本家族报告，且只表述为当前样本信度
A14: 量表 | B14: One-Euro Mdn[IQR] | C14: EgoAnchor Mdn[IQR] | D14: 配对差中位 | E14: 配对差 SD | F14: dz | G14: W | H14: p_raw | I14: p_Holm | J14: 匹配秩双列 r | K14: α(OE) | L14: α(EA) | M14: ω(OE)/ω(EA)
A15: AQ-EQ（3 项均值） | B15: =TEXT(MEDIAN(Derived!$P$227:$P$250),"0.00")&" ["&TEXT(QUARTILE(Derived!$P$227:$P$250,1),"0.00")&", "&TEXT(QUARTILE(Derived!$P$227:$P$250,3),"0.00")&"]" -> 4.89 [4.19, 5.89] | C15: =TEXT(MEDIAN(Derived!$P$203:$P$226),"0.00")&" ["&TEXT(QUARTILE(Derived!$P$203:$P$226,1),"0.00")&", "&TEXT(QUARTILE(Derived!$P$203:$P$226,3),"0.00")&"]" -> 5.06 [4.61, 5.78] | D15: =MEDIAN(Derived!$I$254:$I$277) -> 0 | E15: =STDEV.S(Derived!$I$254:$I$277) -> 0.65856592 | F15: =AVERAGE(Derived!$I$254:$I$277)/STDEV.S(Derived!$I$254:$I$277) -> 0.25307515 | G15: 119.5 | H15: 0.3833 | I15: 0.7666 | J15: 0.203 | K15: 0.806 | L15: 0.718 | M15: 0.906 / 0.852
A16: AQ-IQ（3 项均值） | B16: =TEXT(MEDIAN(Derived!$Q$227:$Q$250),"0.00")&" ["&TEXT(QUARTILE(Derived!$Q$227:$Q$250,1),"0.00")&", "&TEXT(QUARTILE(Derived!$Q$227:$Q$250,3),"0.00")&"]" -> 4.78 [4.42, 5.67] | C16: =TEXT(MEDIAN(Derived!$Q$203:$Q$226),"0.00")&" ["&TEXT(QUARTILE(Derived!$Q$203:$Q$226,1),"0.00")&", "&TEXT(QUARTILE(Derived!$Q$203:$Q$226,3),"0.00")&"]" -> 5.11 [4.33, 5.61] | D16: =MEDIAN(Derived!$J$254:$J$277) -> 0.11111111 | E16: =STDEV.S(Derived!$J$254:$J$277) -> 0.76764739 | F16: =AVERAGE(Derived!$J$254:$J$277)/STDEV.S(Derived!$J$254:$J$277) -> 0.060309325 | G16: 117.5 | H16: 0.7701 | I16: 0.7701 | J16: 0.071 | K16: 0.77 | L16: 0.831 | M16: 0.869 / 0.901
A17: TiA-R/C（6 项均值） | B17: =TEXT(MEDIAN(Derived!$R$227:$R$250),"0.00")&" ["&TEXT(QUARTILE(Derived!$R$227:$R$250,1),"0.00")&", "&TEXT(QUARTILE(Derived!$R$227:$R$250,3),"0.00")&"]" -> 3.08 [2.71, 3.62] | C17: =TEXT(MEDIAN(Derived!$R$203:$R$226),"0.00")&" ["&TEXT(QUARTILE(Derived!$R$203:$R$226,1),"0.00")&", "&TEXT(QUARTILE(Derived!$R$203:$R$226,3),"0.00")&"]" -> 3.50 [3.12, 4.50] | D17: =MEDIAN(Derived!$K$254:$K$277) -> 0.36666667 | E17: =STDEV.S(Derived!$K$254:$K$277) -> 0.77490325 | F17: =AVERAGE(Derived!$K$254:$K$277)/STDEV.S(Derived!$K$254:$K$277) -> 0.64165717 | G17: 49.5 | H17: 0.0071 | I17: 0.0282 | J17: 0.641 | K17: 0.933 | L17: 0.894 | M17: 0.949 / 0.926
A18: TiA-U/P（4 项均值） | B18: =TEXT(MEDIAN(Derived!$S$227:$S$250),"0.00")&" ["&TEXT(QUARTILE(Derived!$S$227:$S$250,1),"0.00")&", "&TEXT(QUARTILE(Derived!$S$227:$S$250,3),"0.00")&"]" -> 3.12 [2.50, 3.75] | C18: =TEXT(MEDIAN(Derived!$S$203:$S$226),"0.00")&" ["&TEXT(QUARTILE(Derived!$S$203:$S$226,1),"0.00")&", "&TEXT(QUARTILE(Derived!$S$203:$S$226,3),"0.00")&"]" -> 3.62 [2.69, 4.75] | D18: =MEDIAN(Derived!$L$254:$L$277) -> 0.5 | E18: =STDEV.S(Derived!$L$254:$L$277) -> 0.78474761 | F18: =AVERAGE(Derived!$L$254:$L$277)/STDEV.S(Derived!$L$254:$L$277) -> 0.59732581 | G18: 30.5 | H18: 0.0092 | I18: 0.0282 | J18: 0.679 | K18: 0.901 | L18: 0.892 | M18: 0.935 / 0.926
A19: S-TIAS（3 项均值） | B19: =TEXT(MEDIAN(Derived!$T$227:$T$250),"0.00")&" ["&TEXT(QUARTILE(Derived!$T$227:$T$250,1),"0.00")&", "&TEXT(QUARTILE(Derived!$T$227:$T$250,3),"0.00")&"]" -> 4.17 [3.33, 5.67] | C19: =TEXT(MEDIAN(Derived!$T$203:$T$226),"0.00")&" ["&TEXT(QUARTILE(Derived!$T$203:$T$226,1),"0.00")&", "&TEXT(QUARTILE(Derived!$T$203:$T$226,3),"0.00")&"]" -> 5.33 [4.25, 6.08] | D19: =MEDIAN(Derived!$M$254:$M$277) -> 0.5 | E19: =STDEV.S(Derived!$M$254:$M$277) -> 1.1670979 | F19: =AVERAGE(Derived!$M$254:$M$277)/STDEV.S(Derived!$M$254:$M$277) -> 0.72592214 | G19: 22 | H19: 0.0019 | I19: 0.0096 | J19: 0.79 | K19: 0.894 | L19: 0.873 | M19: 0.934 / 0.923
A21: C. 次级与稳健性
A22: 项 | B22: 状态 | C22: 说明
A23: Q10 放置后稳定 | B23: 未启用 | C23: 预实验按计划书 §8 冻结为停用；本轮 Records A 段 Q10_OPT 列全部留空。事后诊断：区块问卷时长中位 130.4 s、>150 s 占 27.8%，两条启用判据均未满足
A24: AQ 缩减规则 | B24: 已触发判据但本轮未执行 | C24: 计划书 §8：>150 s 或出现响应定式即停用 AQ-EQ3 与 AQ-IQ1。本轮 >150 s 占 27.8%、≥5 连续同分占 13.2%，两条均触发；为保持与官方 13 项结构逐列可比，本演练仍按完整 13 项生成，正式采集应按规则缩减
A25: 逐条目 CLMM（次级） | B25: 本轮未拟合 | C25: 计划书 6.3 的次级模型是序数 CLMM（固定效应 = 方法+物体+方法×物体+区块位置+对象内先后；随机效应 = 参与者截距，另建议加参与者×条目随机斜率）。本演练环境无累积链接混合模型实现（scipy 无此模型，statsmodels 的 OrderedModel 不支持随机效应），故不以任何代理模型冒充 CLMM 结果；方向一致性改由 D 段逐物体描述承担
A26: N=18 敏感性 | B26: 主家族 5/7 显著、量表家族 0/5 显著 | C26: 按平衡优先规则取前 18 人（先行方法 9/9）；详见 Resample 表下方的 N=18 明细
A28: D. 逐物体描述（探索性；只作方向一致性检查，不作未校正的逐物体检验）
A29: 结局 | B29: 物体 | C29: One-Euro M | D29: EgoAnchor M | E29: 差值 | F29: 方向 | G29: 物体增益设定 | H29: 备注
A30: Q1 | B30: 鼠标 | C30: =AVERAGEIFS(Records!$K$5:$K$148,Records!$F$5:$F$148,"blue_mouse",Records!$H$5:$H$148,"One-Euro") -> 3.9583333 | D30: =AVERAGEIFS(Records!$K$5:$K$148,Records!$F$5:$F$148,"blue_mouse",Records!$H$5:$H$148,"EgoAnchor") -> 5.4166667 | E30: =D30-C30 -> 1.4583333 | F30: =IF(E30>0.001,"+",IF(E30<-0.001,"−","≈0")) -> + | G30: static 增益 1.22
A31: Q1 | B31: 固定订书机 | C31: =AVERAGEIFS(Records!$K$5:$K$148,Records!$F$5:$F$148,"stapler",Records!$H$5:$H$148,"One-Euro") -> 4.7083333 | D31: =AVERAGEIFS(Records!$K$5:$K$148,Records!$F$5:$F$148,"stapler",Records!$H$5:$H$148,"EgoAnchor") -> 5.6666667 | E31: =D31-C31 -> 0.95833333 | F31: =IF(E31>0.001,"+",IF(E31<-0.001,"−","≈0")) -> + | G31: static 增益 0.86
A32: Q1 | B32: 游戏手柄 | C32: =AVERAGEIFS(Records!$K$5:$K$148,Records!$F$5:$F$148,"gamepad",Records!$H$5:$H$148,"One-Euro") -> 4.25 | D32: =AVERAGEIFS(Records!$K$5:$K$148,Records!$F$5:$F$148,"gamepad",Records!$H$5:$H$148,"EgoAnchor") -> 5.2083333 | E32: =D32-C32 -> 0.95833333 | F32: =IF(E32>0.001,"+",IF(E32<-0.001,"−","≈0")) -> + | G32: static 增益 0.98
A33: Q8 | B33: 鼠标 | C33: =AVERAGEIFS(Records!$R$5:$R$148,Records!$F$5:$F$148,"blue_mouse",Records!$H$5:$H$148,"One-Euro") -> 4.125 | D33: =AVERAGEIFS(Records!$R$5:$R$148,Records!$F$5:$F$148,"blue_mouse",Records!$H$5:$H$148,"EgoAnchor") -> 5.25 | E33: =D33-C33 -> 1.125 | F33: =IF(E33>0.001,"+",IF(E33<-0.001,"−","≈0")) -> + | G33: position 增益 1.18
A34: Q8 | B34: 固定订书机 | C34: =AVERAGEIFS(Records!$R$5:$R$148,Records!$F$5:$F$148,"stapler",Records!$H$5:$H$148,"One-Euro") -> 4.8333333 | D34: =AVERAGEIFS(Records!$R$5:$R$148,Records!$F$5:$F$148,"stapler",Records!$H$5:$H$148,"EgoAnchor") -> 5.5 | E34: =D34-C34 -> 0.66666667 | F34: =IF(E34>0.001,"+",IF(E34<-0.001,"−","≈0")) -> + | G34: position 增益 0.84
A35: Q8 | B35: 游戏手柄 | C35: =AVERAGEIFS(Records!$R$5:$R$148,Records!$F$5:$F$148,"gamepad",Records!$H$5:$H$148,"One-Euro") -> 4.2916667 | D35: =AVERAGEIFS(Records!$R$5:$R$148,Records!$F$5:$F$148,"gamepad",Records!$H$5:$H$148,"EgoAnchor") -> 5.1666667 | E35: =D35-C35 -> 0.875 | F35: =IF(E35>0.001,"+",IF(E35<-0.001,"−","≈0")) -> + | G35: position 增益 1.02
A36: Q2 | B36: 鼠标 | C36: =AVERAGEIFS(Records!$L$5:$L$148,Records!$F$5:$F$148,"blue_mouse",Records!$H$5:$H$148,"One-Euro") -> 4.7916667 | D36: =AVERAGEIFS(Records!$L$5:$L$148,Records!$F$5:$F$148,"blue_mouse",Records!$H$5:$H$148,"EgoAnchor") -> 4.5 | E36: =D36-C36 -> -0.29166667 | F36: =IF(E36>0.001,"+",IF(E36<-0.001,"−","≈0")) -> − | G36: motion 增益 1.00
A37: Q2 | B37: 固定订书机 | C37: =AVERAGEIFS(Records!$L$5:$L$148,Records!$F$5:$F$148,"stapler",Records!$H$5:$H$148,"One-Euro") -> 5.25 | D37: =AVERAGEIFS(Records!$L$5:$L$148,Records!$F$5:$F$148,"stapler",Records!$H$5:$H$148,"EgoAnchor") -> 5.25 | E37: =D37-C37 -> 0 | F37: =IF(E37>0.001,"+",IF(E37<-0.001,"−","≈0")) -> ≈0 | G37: motion 增益 0.95
A38: Q2 | B38: 游戏手柄 | C38: =AVERAGEIFS(Records!$L$5:$L$148,Records!$F$5:$F$148,"gamepad",Records!$H$5:$H$148,"One-Euro") -> 4.7916667 | D38: =AVERAGEIFS(Records!$L$5:$L$148,Records!$F$5:$F$148,"gamepad",Records!$H$5:$H$148,"EgoAnchor") -> 5.0416667 | E38: =D38-C38 -> 0.25 | F38: =IF(E38>0.001,"+",IF(E38<-0.001,"−","≈0")) -> + | G38: motion 增益 1.12
A39: Q9 | B39: 鼠标 | C39: =AVERAGEIFS(Records!$M$5:$M$148,Records!$F$5:$F$148,"blue_mouse",Records!$H$5:$H$148,"One-Euro") -> 4.25 | D39: =AVERAGEIFS(Records!$M$5:$M$148,Records!$F$5:$F$148,"blue_mouse",Records!$H$5:$H$148,"EgoAnchor") -> 4.7083333 | E39: =D39-C39 -> 0.45833333 | F39: =IF(E39>0.001,"+",IF(E39<-0.001,"−","≈0")) -> + | G39: orient 增益 1.10
A40: Q9 | B40: 固定订书机 | C40: =AVERAGEIFS(Records!$M$5:$M$148,Records!$F$5:$F$148,"stapler",Records!$H$5:$H$148,"One-Euro") -> 5.0416667 | D40: =AVERAGEIFS(Records!$M$5:$M$148,Records!$F$5:$F$148,"stapler",Records!$H$5:$H$148,"EgoAnchor") -> 5.2083333 | E40: =D40-C40 -> 0.16666667 | F40: =IF(E40>0.001,"+",IF(E40<-0.001,"−","≈0")) -> + | G40: orient 增益 0.92
A41: Q9 | B41: 游戏手柄 | C41: =AVERAGEIFS(Records!$M$5:$M$148,Records!$F$5:$F$148,"gamepad",Records!$H$5:$H$148,"One-Euro") -> 4.4583333 | D41: =AVERAGEIFS(Records!$M$5:$M$148,Records!$F$5:$F$148,"gamepad",Records!$H$5:$H$148,"EgoAnchor") -> 5 | E41: =D41-C41 -> 0.54166667 | F41: =IF(E41>0.001,"+",IF(E41<-0.001,"−","≈0")) -> + | G41: orient 增益 1.05
A42: Q3 | B42: 鼠标 | C42: =AVERAGEIFS(Records!$Q$5:$Q$148,Records!$F$5:$F$148,"blue_mouse",Records!$H$5:$H$148,"One-Euro") -> 4 | D42: =AVERAGEIFS(Records!$Q$5:$Q$148,Records!$F$5:$F$148,"blue_mouse",Records!$H$5:$H$148,"EgoAnchor") -> 4.9583333 | E42: =D42-C42 -> 0.95833333 | F42: =IF(E42>0.001,"+",IF(E42<-0.001,"−","≈0")) -> + | G42: recov 增益 1.05
A43: Q3 | B43: 固定订书机 | C43: =AVERAGEIFS(Records!$Q$5:$Q$148,Records!$F$5:$F$148,"stapler",Records!$H$5:$H$148,"One-Euro") -> 4.9166667 | D43: =AVERAGEIFS(Records!$Q$5:$Q$148,Records!$F$5:$F$148,"stapler",Records!$H$5:$H$148,"EgoAnchor") -> 5.2083333 | E43: =D43-C43 -> 0.29166667 | F43: =IF(E43>0.001,"+",IF(E43<-0.001,"−","≈0")) -> + | G43: recov 增益 0.88
A44: Q3 | B44: 游戏手柄 | C44: =AVERAGEIFS(Records!$Q$5:$Q$148,Records!$F$5:$F$148,"gamepad",Records!$H$5:$H$148,"One-Euro") -> 4.0416667 | D44: =AVERAGEIFS(Records!$Q$5:$Q$148,Records!$F$5:$F$148,"gamepad",Records!$H$5:$H$148,"EgoAnchor") -> 5.4166667 | E44: =D44-C44 -> 1.375 | F44: =IF(E44>0.001,"+",IF(E44<-0.001,"−","≈0")) -> + | G44: recov 增益 1.20
A45: Q6 | B45: 鼠标 | C45: =AVERAGEIFS(Records!$W$5:$W$148,Records!$F$5:$F$148,"blue_mouse",Records!$H$5:$H$148,"One-Euro") -> 3.5833333 | D45: =AVERAGEIFS(Records!$W$5:$W$148,Records!$F$5:$F$148,"blue_mouse",Records!$H$5:$H$148,"EgoAnchor") -> 4.6666667 | E45: =D45-C45 -> 1.0833333 | F45: =IF(E45>0.001,"+",IF(E45<-0.001,"−","≈0")) -> + | G45: position 增益 1.18
A46: Q6 | B46: 固定订书机 | C46: =AVERAGEIFS(Records!$W$5:$W$148,Records!$F$5:$F$148,"stapler",Records!$H$5:$H$148,"One-Euro") -> 4.2083333 | D46: =AVERAGEIFS(Records!$W$5:$W$148,Records!$F$5:$F$148,"stapler",Records!$H$5:$H$148,"EgoAnchor") -> 4.9583333 | E46: =D46-C46 -> 0.75 | F46: =IF(E46>0.001,"+",IF(E46<-0.001,"−","≈0")) -> + | G46: position 增益 0.84
A47: Q6 | B47: 游戏手柄 | C47: =AVERAGEIFS(Records!$W$5:$W$148,Records!$F$5:$F$148,"gamepad",Records!$H$5:$H$148,"One-Euro") -> 4 | D47: =AVERAGEIFS(Records!$W$5:$W$148,Records!$F$5:$F$148,"gamepad",Records!$H$5:$H$148,"EgoAnchor") -> 4.7916667 | E47: =D47-C47 -> 0.79166667 | F47: =IF(E47>0.001,"+",IF(E47<-0.001,"−","≈0")) -> + | G47: position 增益 1.02
A48: Q7 | B48: 鼠标 | C48: =AVERAGEIFS(Records!$X$5:$X$148,Records!$F$5:$F$148,"blue_mouse",Records!$H$5:$H$148,"One-Euro") -> 3.9583333 | D48: =AVERAGEIFS(Records!$X$5:$X$148,Records!$F$5:$F$148,"blue_mouse",Records!$H$5:$H$148,"EgoAnchor") -> 5.0416667 | E48: =D48-C48 -> 1.0833333 | F48: =IF(E48>0.001,"+",IF(E48<-0.001,"−","≈0")) -> + | G48: static 增益 1.22
A49: Q7 | B49: 固定订书机 | C49: =AVERAGEIFS(Records!$X$5:$X$148,Records!$F$5:$F$148,"stapler",Records!$H$5:$H$148,"One-Euro") -> 4.4583333 | D49: =AVERAGEIFS(Records!$X$5:$X$148,Records!$F$5:$F$148,"stapler",Records!$H$5:$H$148,"EgoAnchor") -> 5.0833333 | E49: =D49-C49 -> 0.625 | F49: =IF(E49>0.001,"+",IF(E49<-0.001,"−","≈0")) -> + | G49: static 增益 0.86
A50: Q7 | B50: 游戏手柄 | C50: =AVERAGEIFS(Records!$X$5:$X$148,Records!$F$5:$F$148,"gamepad",Records!$H$5:$H$148,"One-Euro") -> 4.2083333 | D50: =AVERAGEIFS(Records!$X$5:$X$148,Records!$F$5:$F$148,"gamepad",Records!$H$5:$H$148,"EgoAnchor") -> 5 | E50: =D50-C50 -> 0.79166667 | F50: =IF(E50>0.001,"+",IF(E50<-0.001,"−","≈0")) -> + | G50: static 增益 0.98
A51: AQ_EQ | B51: 鼠标 | C51: =AVERAGEIFS(Derived!$E$5:$E$148,Derived!$D$5:$D$148,"blue_mouse",Derived!$C$5:$C$148,"One-Euro") -> 4.6805556 | D51: =AVERAGEIFS(Derived!$E$5:$E$148,Derived!$D$5:$D$148,"blue_mouse",Derived!$C$5:$C$148,"EgoAnchor") -> 4.9027778 | E51: =D51-C51 -> 0.22222222 | F51: =IF(E51>0.001,"+",IF(E51<-0.001,"−","≈0")) -> + | G51: embed 增益 1.05
A52: AQ_EQ | B52: 固定订书机 | C52: =AVERAGEIFS(Derived!$E$5:$E$148,Derived!$D$5:$D$148,"stapler",Derived!$C$5:$C$148,"One-Euro") -> 5.4861111 | D52: =AVERAGEIFS(Derived!$E$5:$E$148,Derived!$D$5:$D$148,"stapler",Derived!$C$5:$C$148,"EgoAnchor") -> 5.4166667 | E52: =D52-C52 -> -0.069444444 | F52: =IF(E52>0.001,"+",IF(E52<-0.001,"−","≈0")) -> − | G52: embed 增益 0.90
A53: AQ_EQ | B53: 游戏手柄 | C53: =AVERAGEIFS(Derived!$E$5:$E$148,Derived!$D$5:$D$148,"gamepad",Derived!$C$5:$C$148,"One-Euro") -> 4.9027778 | D53: =AVERAGEIFS(Derived!$E$5:$E$148,Derived!$D$5:$D$148,"gamepad",Derived!$C$5:$C$148,"EgoAnchor") -> 5.25 | E53: =D53-C53 -> 0.34722222 | F53: =IF(E53>0.001,"+",IF(E53<-0.001,"−","≈0")) -> + | G53: embed 增益 1.02
A54: AQ_IQ | B54: 鼠标 | C54: =AVERAGEIFS(Derived!$F$5:$F$148,Derived!$D$5:$D$148,"blue_mouse",Derived!$C$5:$C$148,"One-Euro") -> 4.6666667 | D54: =AVERAGEIFS(Derived!$F$5:$F$148,Derived!$D$5:$D$148,"blue_mouse",Derived!$C$5:$C$148,"EgoAnchor") -> 4.7777778 | E54: =D54-C54 -> 0.11111111 | F54: =IF(E54>0.001,"+",IF(E54<-0.001,"−","≈0")) -> + | G54: smooth 增益 1.10
A55: AQ_IQ | B55: 固定订书机 | C55: =AVERAGEIFS(Derived!$F$5:$F$148,Derived!$D$5:$D$148,"stapler",Derived!$C$5:$C$148,"One-Euro") -> 5.3333333 | D55: =AVERAGEIFS(Derived!$F$5:$F$148,Derived!$D$5:$D$148,"stapler",Derived!$C$5:$C$148,"EgoAnchor") -> 5.1666667 | E55: =D55-C55 -> -0.16666667 | F55: =IF(E55>0.001,"+",IF(E55<-0.001,"−","≈0")) -> − | G55: smooth 增益 0.90
A56: AQ_IQ | B56: 游戏手柄 | C56: =AVERAGEIFS(Derived!$F$5:$F$148,Derived!$D$5:$D$148,"gamepad",Derived!$C$5:$C$148,"One-Euro") -> 4.9722222 | D56: =AVERAGEIFS(Derived!$F$5:$F$148,Derived!$D$5:$D$148,"gamepad",Derived!$C$5:$C$148,"EgoAnchor") -> 5.1666667 | E56: =D56-C56 -> 0.19444444 | F56: =IF(E56>0.001,"+",IF(E56<-0.001,"−","≈0")) -> + | G56: smooth 增益 1.05
A58: E. 操纵检验（配对 TOST，等价界采集前冻结；不以「不显著」代替等价）
A59: 检验项 | B59: One-Euro | C59: EgoAnchor | D59: 差值 | E59: 等价界(冻结) | F59: TOST_p | G59: 判定 | H59: 备注
A60: 候选到达率 Hz | B60: =AVERAGEIFS(Records!$AF$5:$AF$148,Records!$H$5:$H$148,"One-Euro") -> 9.51375 | C60: =AVERAGEIFS(Records!$AF$5:$AF$148,Records!$H$5:$H$148,"EgoAnchor") -> 9.4991667 | D60: =C60-B60 -> -0.014583333 | E60: 0.5 | F60: 0 | G60: 等价 | H60: 输入可比性：两方法在同一物体内由同一次感知会话服务
A61: VCD 分数中位 | B61: =AVERAGEIFS(Records!$AG$5:$AG$148,Records!$H$5:$H$148,"One-Euro") -> 0.88915278 | C61: =AVERAGEIFS(Records!$AG$5:$AG$148,Records!$H$5:$H$148,"EgoAnchor") -> 0.88995833 | D61: =C61-B61 -> 0.00080555556 | E61: 0.03 | F61: 0 | G61: 等价 | H61: 候选质量可比性
A62: VCD 接纳率 | B62: =AVERAGEIFS(Records!$AH$5:$AH$148,Records!$H$5:$H$148,"One-Euro") -> 0.91233333 | C62: =AVERAGEIFS(Records!$AH$5:$AH$148,Records!$H$5:$H$148,"EgoAnchor") -> 0.91586111 | D62: =C62-B62 -> 0.0035277778 | E62: 0.04 | F62: 0 | G62: 等价 | H62: 接纳可比性（两方法共享同一 VCD 门）
A63: 输出可用率 | B63: =AVERAGEIFS(Records!$AI$5:$AI$148,Records!$H$5:$H$148,"One-Euro") -> 0.95070833 | C63: =AVERAGEIFS(Records!$AI$5:$AI$148,Records!$H$5:$H$148,"EgoAnchor") -> 0.95093056 | D63: =C63-B63 -> 0.00022222222 | E63: 0.025 | F63: 0 | G63: 等价 | H63: 输出可用率
A64: 遮挡时长 s | B64: =AVERAGEIFS(Records!$AJ$5:$AJ$148,Records!$H$5:$H$148,"One-Euro") -> 0.75148611 | C64: =AVERAGEIFS(Records!$AJ$5:$AJ$148,Records!$H$5:$H$148,"EgoAnchor") -> 0.75215278 | D64: =C64-B64 -> 0.00066666667 | E64: 0.06 | F64: 0 | G64: 等价 | H64: 目标 0.6–0.9 s 的冻结值 0.75 s
A65: FrozenUncertain 区块数 | B65: =COUNTIF(Records!$AK$5:$AK$148,"FrozenUncertain") -> 142 | H65: 须为多数：遮挡时长必须使锚点停在 FrozenUncertain 而不进入 Lost
A66: Lost 区块数 | B66: =COUNTIF(Records!$AK$5:$AK$148,"Lost") -> 2 | H66: 须在两方法间平衡
A67: Lost 区块数（EgoAnchor） | B67: =COUNTIFS(Records!$AK$5:$AK$148,"Lost",Records!$H$5:$H$148,"EgoAnchor") -> 1 | H67: 方法间平衡检查
A68: Lost 区块数（One-Euro） | B68: =COUNTIFS(Records!$AK$5:$AK$148,"Lost",Records!$H$5:$H$148,"One-Euro") -> 1 | H68: 方法间平衡检查
A69: 服务器重获取总次数 | B69: =SUM(Records!$AM$5:$AM$148) -> 2 | H69: 描述性
A72: F. 最终测量计数（描述性，不作推断）
A73: 测量 | B73: 解码后 EgoAnchor | C73: 解码后 One-Euro | D73: 无明显偏好/NA | E73: 合计 | F73: 分布明细 | G73: 备注
A74: 方法选择 | B74: =COUNTIF(Records!$I$203:$I$226,"EgoAnchor") -> 16 | C74: =COUNTIF(Records!$I$203:$I$226,"One-Euro") -> 1 | D74: =COUNTIF(Records!$I$203:$I$226,"无明显偏好") -> 7 | E74: =B74+C74+D74 -> 24 | G74: F1；标签在参与者内全程稳定绑定同一方法，故可解码
A75: 信任选择 | B75: =COUNTIF(Records!$J$203:$J$226,"EgoAnchor") -> 19 | C75: =COUNTIF(Records!$J$203:$J$226,"One-Euro") -> 2 | D75: =COUNTIF(Records!$J$203:$J$226,"无明显偏好") -> 3 | E75: =B75+C75+D75 -> 24 | G75: F3；与偏好选择独立作答，允许不一致
A76: 偏好强度分布(1–7) | E76: =COUNT(Records!$C$203:$C$226) -> 17 | F76: ="1:"&COUNTIF(Records!$C$203:$C$226,1)&" "&"2:"&COUNTIF(Records!$C$203:$C$226,2)&" "&"3:"&COUNTIF(Records!$C$203:$C$226,3)&" "&"4:"&COUNTIF(Records!$C$203:$C$226,4)&" "&"5:"&COUNTIF(Records!$C$203:$C$226,5)&" "&"6:"&COUNTIF(Records!$C$203:$C$226,6)&" "&"7:"&COUNTIF(Records!$C$203:$C$226,7) -> 1:0 2:0 3:0 4:8 5:4 6:4 7:1 | G76: F2；仅对做出方法选择者施测，「无明显偏好」记 N/A
A77: 区分信心分布(1–7) | E77: =COUNT(Records!$E$203:$E$226) -> 24 | F77: ="1:"&COUNTIF(Records!$E$203:$E$226,1)&" "&"2:"&COUNTIF(Records!$E$203:$E$226,2)&" "&"3:"&COUNTIF(Records!$E$203:$E$226,3)&" "&"4:"&COUNTIF(Records!$E$203:$E$226,4)&" "&"5:"&COUNTIF(Records!$E$203:$E$226,5)&" "&"6:"&COUNTIF(Records!$E$203:$E$226,6)&" "&"7:"&COUNTIF(Records!$E$203:$E$226,7) -> 1:0 2:0 3:1 4:7 5:7 6:7 7:2 | G77: F4；用于区分「无明显偏好」的两种成因
A78: 偏好×信任不一致人数 | E78: 4 | F78: P002、P014、P022、P024 | G78: 偏好与信任分离本身是有信息量的结果
A79: 结束不适分布 | E79: =COUNTIF(Records!$H$203:$H$226,"无") -> 18 | F79: 无 18 人、轻微头晕（休息 5 min 后缓解） 1 人、轻微眼疲劳 4 人、颈部轻微酸胀 1 人 | G79: SSQ 衍生清单只作安全监测与退出审计，不作因变量
A82: G. 开放题主题编码（0/1；码本见计划书 6.4；本轮由生成模型按原文自评，正式采集须两名编码者独立编码后讨论分歧）
A83: Participant_ID | B83: 最明显区别(原文) | C83: 破坏信任(原文) | D83: Stationary_Jitter | E83: Viewpoint_Drift | F83: Absolute_Offset | G83: Motion_Lag | H83: Motion_Sliding | I83: Orientation_Mismatch | J83: PostPlacement_Settling | K83: Recovery_Jump | L83: Wrong_Recovery | M83: Predictability | N83: Embedding_Blending | O83: No_Noticeable_Difference | P83: Other
A84: P001 | B84: 一种在我头动的时候模型会跟着飘一点，尤其是我往左右挪的时候能看出来它和鼠标错开了一点；另一种就死死钉在上面。拿起来移动的时候两个都有点跟不上，感觉差不多。 | C84: 它明明放着没动，虚拟的东西却在那儿晃。哪怕晃得很小，我也会开始怀疑它到底知不知道东西在哪儿。 | D84: 1 | E84: 1 | F84: 0 | G84: 1 | H84: 0 | I84: 0 | J84: 0 | K84: 0 | L84: 0 | M84: 0 | N84: 0 | O84: 0 | P84: 0
A85: P002 | B85: 说实话差别不太大。可能挡住再拿开的时候，有一次那个虚拟的东西回来得有点歪，然后又自己修回去了；另一次就直接对上了。 | C85: 遮住再拿开以后它跳到别的地方去，哪怕马上又回来了，我也会觉得这个东西不太靠得住。 | D85: 0 | E85: 0 | F85: 0 | G85: 0 | H85: 0 | I85: 0 | J85: 0 | K85: 1 | L85: 1 | M85: 0 | N85: 0 | O85: 1 | P85: 0
A86: P003 | B86: 第一个方法静止的时候有一层很细的抖，像呼吸一样；而且我头一动，它相对鼠标的位置会有零点几毫米级的偏移，视角回来又对上。第二个方法静止是真的静止，但我拿起来的一瞬间它起步比第一个慢，大概晚了小半拍。 | C86: 最怕的是误差忽大忽小。固定偏个五毫米我能自己在脑子里补偿，忽大忽小就没法补偿了，我就只能不看它。 | D86: 1 | E86: 1 | F86: 0 | G86: 1 | H86: 0 | I86: 0 | J86: 0 | K86: 0 | L86: 0 | M86: 1 | N86: 0 | O86: 0 | P86: 0
A87: P004 | B87: 有一个我拿起来的时候它反应更快一点，我一动它就跟着动；另一个好像要等一下才追上来，虽然追上以后更稳。我个人更喜欢跟得紧的那个。 | C87: 我一动它半天不动，那种“慢半拍”的感觉最让我出戏，会觉得它其实不知道我在干什么。 | D87: 0 | E87: 0 | F87: 0 | G87: 1 | H87: 0 | I87: 0 | J87: 0 | K87: 0 | L87: 0 | M87: 0 | N87: 0 | O87: 0 | P87: 0
A88: P005 | B88: 区别主要在两处：一是静止时的稳定性，二是遮挡拿开以后回来的位置准不准。有一次其中一个方法回来以后明显偏了一截，停了一下才慢慢挪回去；另一个基本是直接就在正确位置上了。 | C88: 遮挡以后恢复到一个错的位置，而且它自己还挺“自信”地停在那儿。这种情况下我就完全不敢按它指的地方去拿东西了。 | D88: 1 | E88: 0 | F88: 0 | G88: 0 | H88: 0 | I88: 0 | J88: 0 | K88: 0 | L88: 1 | M88: 0 | N88: 0 | O88: 0 | P88: 0
A89: P006 | B89: 我感觉两个差不多？可能有一个稍微稳一点点，但我不太确定，也可能是我第二次看已经习惯了。 | C89: 如果它整个跑到桌子外面去了那肯定不信了，但刚才没有出现这种情况。 | D89: 0 | E89: 0 | F89: 0 | G89: 0 | H89: 0 | I89: 0 | J89: 0 | K89: 0 | L89: 0 | M89: 0 | N89: 0 | O89: 1 | P89: 0
A90: P007 | B90: 两个都还不到我认为“贴合”的程度，但其中一个明显更收敛。差别最大的是订书机，边缘是直线，一偏就看得出来；鼠标是弧面，反而不容易看出来。 | C90: 边缘对不上。直边最诚实，它偏两毫米我就知道它偏了。 | D90: 0 | E90: 0 | F90: 1 | G90: 0 | H90: 0 | I90: 0 | J90: 0 | K90: 0 | L90: 0 | M90: 0 | N90: 1 | O90: 0 | P90: 0
A91: P008 | B91: 转的时候差别最大。有一个方法我把手柄侧过来，虚拟的那层会稍微“滞后一点角度”，像是拧慢了一点；另一个基本咬得住。静止的时候也是后者更干净。 | C91: 朝向错了比位置错了更难受。位置偏一点我还当它是标注，朝向错了就完全是另一个东西了。 | D91: 1 | E91: 0 | F91: 0 | G91: 0 | H91: 0 | I91: 1 | J91: 0 | K91: 0 | L91: 0 | M91: 0 | N91: 0 | O91: 0 | P91: 0
A92: P009 | B92: 遮挡那一下能看出区别。挡板拿开的时候，有一次它先跳了一下再回位，另一个就直接在那儿了。其他阶段我不太说得清。 | C92: 它跳。哪怕只跳一次，我后面就一直等着它再跳。 | D92: 0 | E92: 0 | F92: 0 | G92: 0 | H92: 0 | I92: 0 | J92: 0 | K92: 1 | L92: 0 | M92: 0 | N92: 0 | O92: 0 | P92: 0
A93: P010 | B93: 说实话我前面两个物体没太看出来，到手柄的时候好像后面那个更稳一些。可能也是我看熟了。 | C93: 要是它明显不在东西上面了，我就不看它了。 | D93: 0 | E93: 0 | F93: 1 | G93: 0 | H93: 0 | I93: 0 | J93: 0 | K93: 0 | L93: 0 | M93: 0 | N93: 0 | O93: 1 | P93: 0
A94: P011 | B94: 一个像是把观测直接用了，另一个像是做了平滑和某种“静止就钉住”的处理。所以静止时后者纹丝不动，但起步时它要先“解锁”，会晚一点。 | C94: 解锁太慢。如果我已经开始搬了它还钉在原地，哪怕只有零点几秒，也会让我怀疑它到底知不知道我在动。 | D94: 1 | E94: 0 | F94: 0 | G94: 1 | H94: 0 | I94: 0 | J94: 0 | K94: 0 | L94: 0 | M94: 0 | N94: 0 | O94: 0 | P94: 1
A95: P012 | B95: 主要是静止和遮挡恢复这两块。动起来的时候两个我觉得差不多，各有各的问题。 | C95: 虚拟的那层跟实物错开一个可见的距离，尤其是错开还不动的时候。 | D95: 1 | E95: 0 | F95: 1 | G95: 0 | H95: 0 | I95: 0 | J95: 0 | K95: 0 | L95: 0 | M95: 0 | N95: 0 | O95: 0 | P95: 0
... A107: P024 | B107: 稳定性上有一个明显更好。如果要做产品我会选更稳的那个，起步慢半拍用户能适应，虚拟内容乱飘用户会直接不用。 | C107: 乱飘。用户不会去分析原因，只会觉得这个功能不准。 | D107: 1 | E107: 0 | F107: 0 | G107: 0 | H107: 0 | I107: 0 | J107: 0 | K107: 0 | L107: 0 | M107: 0 | N107: 0 | O107: 0 | P107: 0

Sheet Resample
A1: 400 次换种子重抽的可复现性分布（人物设定与潜在效应固定，只重抽人内随机成分）
A2: 读法：主种子那一次只是这条分布上的一个点。规划正式采集时应看「Holm 后显著占比」而不是主种子的单次 p 值——占比即该结局在本效应量设定与 N=24 下的经验检出率。
A4: A. 主证实家族（7 项）
A5: 条目 | B5: 简称 | C5: dz 中位 | D5: dz 5–95 百分位 | E5: p 中位 | F5: p<.05 占比(未校正) | G5: Holm 后显著占比 | H5: 配对差均值中位 | I5: 潜在 delta 设定 | J5: 备注
A6: Q1 | B6: 静止稳定 | C6: 1.207 | D6: [+0.90, +1.57] | E6: 0.0005 | F6: 100.0% | G6: 100.0% | H6: 1.361 | I6: 1.06 | J6: 头动泄漏 P95 10.65->0.82 mm（13.0x）；静止帧间增量 0.85->0.06 mm（13.2x）——最强通道
A7: Q8 | B7: 位置正确 | C7: 1.097 | D7: [+0.80, +1.48] | E7: 0.0007 | F7: 100.0% | G7: 100.0% | H7: 1.125 | I7: 0.9 | J7: 绝对配准 P95 14.00->6.60 mm（2.1x）
A8: Q2 | B8: 运动附着 | C8: 0.238 | D8: [-0.13, +0.55] | E8: 0.2845 | F8: 14.8% | G8: 13.8% | H8: 0.181 | I8: 0.14 | J8: 平移对齐 RMSE 15.69->9.12 mm 对 Start-transition 334->510 ms 反向，设计声明的零效应
A9: Q9 | B9: 姿态一致 | C9: 0.626 | D9: [+0.29, +1.02] | E9: 0.0176 | F9: 79.2% | G9: 69.5% | H9: 0.5 | I9: 0.42 | J9: 静止旋转泄漏 3.29->0.33 度（10.1x）但旋转对齐 RMSE 5.55->4.81 度（仅 1.15x），两通道悬殊
A10: Q3 | B10: 恢复一致 | C10: 1.203 | D10: [+0.92, +1.60] | E10: 0.0005 | F10: 100.0% | G10: 100.0% | H10: 1.292 | I10: 0.98 | J10: 遮挡平移 P95 10.41->4.85 mm（2.1x）；灾难性失效 >40 mm 1->0 次
A11: Q6 | B11: 依赖意愿 | C11: 0.979 | D11: [+0.68, +1.33] | E11: 0.0012 | F11: 99.8% | G11: 99.2% | H11: 0.944 | I11: 0.74 | J11: 应用侧结局；灾难性失效 1->0 是依赖意愿的直接依据
A12: Q7 | B12: 稳定-响应平衡 | C12: 0.994 | D12: [+0.67, +1.35] | E12: 0.0011 | F12: 99.8% | G12: 99.2% | H12: 0.958 | I12: 0.7 | J12: 稳定性收益与时延代价的整体权衡
A14: B. 已发表量表家族（5 检验）
A15: 量表 | B15: dz 中位 | C15: dz 5–95 百分位 | D15: p 中位 | E15: p<.05 占比(未校正) | F15: Holm 后显著占比 | G15: 配对差均值中位 | H15: α 中位(OE/EA) | I15: 备注
A16: AQ-EQ（3 项均值） | B16: 0.502 | C16: [+0.18, +0.90] | D16: 0.0461 | E16: 64.0% | F16: 51.2% | G16: 0.333 | H16: 0.80 / 0.80 | I16: 三项均值，含预期天花板的 AQ-EQ3（尺度协调，delta=+0.05）；天花板项拉低子量表整体效应，是保留完整子量表的已知代价
A17: AQ-IQ（3 项均值） | B17: 0.371 | C17: [+0.04, +0.78] | D17: 0.1114 | E17: 39.2% | F17: 34.2% | G17: 0.241 | H17: 0.82 / 0.78 | I17: 三项均值，内部方向相反：AQ-IQ2 响应及时 delta=−0.16（Start-transition 反向）与 AQ-IQ3 运动平滑 delta=+0.58 相消，故子量表分预期弱于其最强单项
A18: TiA-R/C（6 项均值） | B18: 1.002 | C18: [+0.69, +1.35] | D18: 0.001 | E18: 99.8% | F18: 98.0% | G18: 0.812 | H18: 0.93 / 0.92 | I18: 六项均值（含两个反向项）；对应灾难性失效 1→0 与静止/恢复通道的累积印象
A19: TiA-U/P（4 项均值） | B19: 0.9 | C19: [+0.54, +1.28] | D19: 0.002 | E19: 98.5% | F19: 94.8% | G19: 0.745 | H19: 0.89 / 0.89 | I19: 四项均值（含两个反向项）；可预测性是 One-Euro 的主要弱项，但两方法界面完全相同使 UP1/UP3 效应受限
A20: S-TIAS（3 项均值） | B20: 0.948 | C20: [+0.61, +1.34] | D20: 0.0015 | E20: 99.2% | F20: 96.8% | G20: 1.167 | H20: 0.88 / 0.88 | I20: 三项均值，七点程度尺；负担最低的总体信任分，量程更大故 dz 通常最高
A22: C. 顺序诊断的重抽分布（检验主种子那次的先行方法差异是否为抽样波动）
A23: 诊断项 | B23: 主种子 p | C23: 重抽 p 中位 | D23: 重抽 p<.05 占比 | E23: 判定 | F23: 说明
A24: 先行方法 | B24: 0.0885 | C24: 0.554 | D24: 2.2% | E24: 抽样波动 | F24: S1/S2 使先行方法与区块位置结构性共线：先行 EgoAnchor 时它占据更早的区块（均值 3.33 对 3.67），疲劳更小。该不对称是冻结设计的固有性质，在两个先行组间对称抵消，不构成方法效应
A25: 标签映射 | B25: 0.8852 | C25: 0.603 | D25: 1.5% | E25: 抽样波动 | F25: 匿名标签 A/B 到方法的映射在参与者间平衡；显著即提示标签泄漏
A26: 标签序列 | B26: 0.7075 | C26: 0.525 | D26: 0.8% | E26: 抽样波动 | F26: S1 与 S2 的互补方法序列
A27: 首个物体 | B27: 0.9975 | C27: 0.639 | D27: 1.2% | E27: 抽样波动 | F27: 第一个物体的方法差（检查物体主效应是否污染方法对比）
A29: D. N=18 敏感性（下限样本；按先行方法与标签映射优先保平衡取前 18 人）
A30: 结局 | B30: 家族 | C30: dz | D30: p_raw | E30: p_Holm | F30: N=24 时 p_Holm | G30: N=18 是否保住 | H30: 说明
A31: 静止稳定 | B31: 主证实 | C31: 0.887 | D31: 0.0015 | E31: 0.0104 | F31: 0.0014 | G31: 保住 | H31: N=18 时最严 Holm α 为 .05/7；下限样本主要损失中等效应量结局
A32: 位置正确 | B32: 主证实 | C32: 0.719 | D32: 0.0073 | E32: 0.0218 | F32: 0.0034 | G32: 保住 | H32: N=18 时最严 Holm α 为 .05/7；下限样本主要损失中等效应量结局
A33: 运动附着 | B33: 主证实 | C33: 0 | D33: 0.7757 | E33: 0.7757 | F33: 0.7501 | G33: 两者均不显著 | H33: N=18 时最严 Holm α 为 .05/7；下限样本主要损失中等效应量结局
A34: 姿态一致 | B34: 主证实 | C34: 0.424 | D34: 0.1024 | E34: 0.2047 | F34: 0.0864 | G34: 两者均不显著 | H34: N=18 时最严 Holm α 为 .05/7；下限样本主要损失中等效应量结局
A35: 恢复一致 | B35: 主证实 | C35: 0.827 | D35: 0.0037 | E35: 0.0185 | F35: 0.0025 | G35: 保住 | H35: N=18 时最严 Holm α 为 .05/7；下限样本主要损失中等效应量结局
A36: 依赖意愿 | B36: 主证实 | C36: 0.872 | D36: 0.0019 | E36: 0.0113 | F36: 0.0021 | G36: 保住 | H36: N=18 时最严 Holm α 为 .05/7；下限样本主要损失中等效应量结局
A37: 稳定-响应平衡 | B37: 主证实 | C37: 0.827 | D37: 0.0041 | E37: 0.0185 | F37: 0.0034 | G37: 保住 | H37: N=18 时最严 Holm α 为 .05/7；下限样本主要损失中等效应量结局
A38: AQ-EQ | B38: 已发表量表 | C38: 0.372 | D38: 0.2142 | E38: 0.4283 | F38: 0.7666 | G38: 两者均不显著 | H38: N=18 时最严 Holm α 为 .05/7；下限样本主要损失中等效应量结局
A39: AQ-IQ | B39: 已发表量表 | C39: 0.179 | D39: 0.5014 | E39: 0.5014 | F39: 0.7701 | G39: 两者均不显著 | H39: N=18 时最严 Holm α 为 .05/7；下限样本主要损失中等效应量结局
A40: TiA-R/C | B40: 已发表量表 | C40: 0.604 | D40: 0.0293 | E40: 0.1172 | F40: 0.0282 | G40: 丢失 | H40: N=18 时最严 Holm α 为 .05/7；下限样本主要损失中等效应量结局
A41: TiA-U/P | B41: 已发表量表 | C41: 0.514 | D41: 0.0375 | E41: 0.1172 | F41: 0.0282 | G41: 丢失 | H41: N=18 时最严 Holm α 为 .05/7；下限样本主要损失中等效应量结局
A42: S-TIAS | B42: 已发表量表 | C42: 0.724 | D42: 0.01 | E42: 0.0501 | F42: 0.0096 | G42: 丢失 | H42: N=18 时最严 Holm α 为 .05/7；下限样本主要损失中等效应量结局
A44: N=18 下主家族 5/7、量表家族 0/5 显著；相对 N=24 丢失：TiA-R/C、TiA-U/P、S-TIAS。参与者子集按先行方法 9/9、标签映射 9/9 优先保平衡选取。
