Workbook

Sheet README
A1: 【合成演练数据 · 不得进入论文结果】EgoAnchor 实验三 AI 模拟采集与分析工作簿（Claude-Opus-5 v3）
A2: 本工作簿全部数据由 Claude Opus 5 按 v5.1 冻结设计模拟生成，用于采集表与分析流程演练。严禁作为真实参与者数据、论文证据、效应量/功效/样本量依据，也不得与真实采集数据合并。唯一权威设计规格为 2026-EgoAnchor/experiment_3_questionnaire_design_zh.md（v5.1）；唯一正式采集工作簿为 EgoAnchor_Experiment3_DataCollection_24P_v5_1_Beautified_Checked_VSCodeSafe.xlsx。
A4: 一、本轮模拟的基本信息
A5: 项 | B5: 内容
A6: 模拟模型 | B6: Claude-Opus-5（Claude Opus 5）
A7: 生成日期 | B7: 2026-07-27
A8: 主种子 | B8: 20260727
A9: 参与者数 | B9: 24（24 平衡单元各 1 人，先行方法 12/12，标签映射 12/12）
A10: 评分总数 | B10: 2592（区块 78 + 方法级 26 + 最终 4 = 每人 108）
A11: Q10 状态 | B11: 默认停用（计划书 4.2/第八节）；启用判据的实测评估见 Simulation_Audit
A12: 遮挡冻结时长 | B12: 0.75 s（0.6–0.9 s 区间内，避开 0.45/1.0 s 边界）
A13: 刺激来源 | B13: 实验一/二正式批次 experiment1_summary.csv 的 One-Euro Anchor 与 EgoAnchor 两行
A14: 是否事后校准 | B14: 否。模型为纯前向生成，不按目标效应量反向校准
A16: 二、表结构与公式约定（本轮按要求用公式实时计算问卷小分）
A17: 工作表 | B17: 角色 | C17: 是否含公式 | D17: 说明
A18: README | B18: 声明与导读 | C18: 无 | D18: 合成边界、模拟信息、表结构约定
A19: Verification_Audit | B19: 量表核对存档 | C19: 无 | D19: 沿用正式采集表的逐条核对结论，另附本轮模拟边界记录
A20: Questionnaire | B20: 条目字典 | C20: 无 | D20: 背景 B1–B6、区块 13+1、TiA 6+4、S-TIAS 3、最终 7 项与量尺锚点
A21: Participants | B21: 24 平衡单元与背景 | C21: 无 | D21: 平衡单元、物体顺序、标签映射、B1–B6、纳入审计、人物设定摘要
A22: Records | B22: 唯一输入表 | C22: 无 | D22: A 区块 144 行 + B 方法级 48 行 + C 最终 24 行，只放原始评分
A23: Derived | B23: 四级派生 | C23: 全为公式 | D23: L1 区块级子量表 → L2 三物体均值 → L3 TiA 反向与量表分 → L4 配对差
A24: Analysis | B24: 结果表 | C24: 多数为公式 | D24: Mdn/IQR、配对差、dz、逐物体、计数为公式；W/p/Holm/r_rb CI/α/ω/TOST 由代码写数值
A25: Simulation_Audit | B25: 模型可审计层 | C25: 部分公式 | D25: 通道刺激剖面、条目权重、事件日志、问卷负担诊断、换种子重抽结果
A27: 三、颜色约定
A28: 绿色底 | B28: 原始录入值（Records 唯一输入；不得被派生值覆盖）
A29: 琥珀底 | B29: 公式实时计算（Excel 打开时全量重算；离线缓存值由受限求值器注入）
A30: 无底色 | B30: 由分析代码写入的统计量（Wilcoxon W/p、Holm p、r_rb 自举 CI、α/ω、TOST p）
A32: 四、冻结分析家族（与计划书 6.1 一致）
A33: 主证实家族（7） | B33: Q1 静止稳定 / Q8 位置正确 / Q2 运动附着 / Q9 姿态一致 / Q3 恢复一致 / Q6 依赖意愿 / Q7 稳定–响应平衡 | D33: 三物体取均值 → 配对 Wilcoxon → 家族内 Holm（N=24 最严 MDE dz=0.801）
A34: 已发表量表家族（5） | B34: AQ-EQ / AQ-IQ / TiA-R/C / TiA-U/P / S-TIAS | D34: 同上；仅此家族报告当前样本 α/ω；TiA 反向项先按 6−原始分换向
A35: 次级 | B35: Q10（本轮停用） | D35: CLMM 见 Analysis C 段说明
A36: 描述性 | B36: 两项强制选择、偏好强度、区分信心、开放题主题、安全检查、运行时审计 | D36: 不作推断

Sheet Verification_Audit
A1: 量表与内容核验记录（沿用正式采集表 2026-07-26 结论）+ 本轮模拟边界
A2: 前 16 行为正式采集表 Verification_Audit 的逐条结论，模拟工作簿原样保留以保证条目与署名一致；第二节为本轮 AI 模拟自身的边界与方法记录。
A4: 一、量表核对结论（原样沿用）
A5: 核对对象 | B5: 状态 | C5: 结论/修正 | D5: 依据/来源
A6: AQ 英文条目 | B6: 已核对 | C6: 官方原文六条（指代 The virtual object），对象化替换极小 | D6: doi:10.1007/s11747-025-01108-2 Appendix
A7: AQ 量尺 | B7: 已核对 | C7: 七点：1 = I do not agree … 7 = I fully agree | D7: 同上
A8: AQ 书目 | B8: 已核对 | C8: Schein, Rauschnabel, Praxmarer-Carus, Babin. JAMS 54:49–69 | D8: CC BY 4.0
A9: TiA 条目结构 | B9: 已核对 | C9: R/C 6 项（官方 1,6,10,13,15,19）+ U/P 4 项（2,7,11,16） | D9: 官方 GitHub（CC BY-SA 4.0）
A10: TiA 反向计分 | B10: 已核对 | C10: 反向项 RC3/RC5/UP2/UP4；五点反向分 = 6 − 原始分 | D10: 同上
A11: TiA 量尺 | B11: 已核对 | C11: 五点同意度 + 允许 No response（记缺失） | D11: 同上
A12: TiA 效度措辞 | B12: 需遵守 | C12: 只写 adapted TiA subscales + 当前样本信度 | D12: 官方 GitHub 声明
A13: S-TIAS 条目 | B13: 已核对 | C13: 原文指代 the AI assistant → 本研究替换为“这种对象锚定方法” | D13: doi:10.3389/frai.2025.1582880
A14: S-TIAS 量尺 | B14: 已核对 | C14: 1 = Not at all … 7 = Extremely；三项均值 | D14: 同上
A15: S-TIAS 书目 | B15: 已核对（作者更正） | C15: McGrath, Lack, Tisch, Duenser. Frontiers in AI 8:1582880（语料误标 Karpus） | D15: CC BY
A16: Gottsacker 2024 书目 | B16: 已核对 | C16: Computers & Graphics 123:104035（八位作者） | D16: doi:10.1016/j.cag.2024.104035
... A21: 中文施测措辞 | B21: 已冻结 | C21: 19 条量表条目逐条对照官方原文完成语义等价审计并冻结 | D21: 计划书 4.6 核对状态
A23: 二、本轮 AI 模拟的边界与方法记录
A24: 项 | B24: 状态 | C24: 说明 | D24: 依据
A25: 数据性质 | B25: 合成 | C25: 全部评分由生成模型产出，无真实参与者；不得进入论文结果或与真实数据合并 | D25: AGENTS.md 合成数据边界
A26: 刺激标定 | B26: 实测驱动 | C26: 15 个知觉通道的量级全部取自实验一/二正式批次实测值，按 log 压缩折算 | D26: analysis/metrics/experiment1_summary.csv
A27: 事后校准 | B27: 未使用 | C27: 不按目标效应量反向校准；效应量是前向模型的结果而非输入 | D27: 本轮方法约定
A28: 公式实时计算 | B28: 已启用 | C28: 问卷小分（AQ 两子量表、TiA 两分量表、S-TIAS）与派生统计全由公式计算 | D28: 用户本轮要求
A29: 公式正确性 | B29: 双路交叉验证 | C29: 公式文本→受限求值器→缓存值，对比 Records 原始分→独立 Python 重算，逐格容差 1e-9 | D29: sim_opus5_v3_verify.py
A30: 参与者独立性 | B30: 逐人独立随机流 | C30: 每人使用独立种子与独立随机流，单人结果不受他人影响 | D30: 用户本轮要求
A31: 次级 CLMM | B31: 未拟合 | C31: 本环境无支持随机效应的累积链接混合模型；不以代理模型冒充，改由逐物体方向一致性承担 | D31: Analysis C 段

Sheet Questionnaire
A1: 实验三问卷全条目（v5.1 Verified）——本表为唯一条目字典
A2: 中文施测版为头显/纸面呈现文本；官方英文原文为原量表逐字条目（自制条目无）。本表内容与正式采集表一致，仅供模拟工作簿自洽引用。
A4: A. 实验前背景（Participants 表填写，每人一次）
A5: ID | B5: 中文 | C5: 应答格式/选项
A6: B1_Age | B6: 年龄 | C6: 整数
A7: B2_Gender | B7: 性别 | C7: 女 / 男 / 非二元或其他 / 不愿透露
A8: B3_Handedness | B8: 主手（精细操作） | C8: 右手 / 左手 / 双手均可
A9: B4_Vision | B9: 视力情况 | C9: 正常 / 矫正后正常 / 其他
A10: B5_VRMR_Experience | B10: VR/MR 使用经验 | C10: 从未 / 1–5 次 / 6–20 次 / 超过 20 次 / 经常使用
A11: B6_PhysObj_MR_Experience | B11: 实物 AR/MR 交互经验 | C11: 从未 / 1–2 次 / 数次 / 经常
A13: B. 区块级 13 项必答 + Q10 可选（统一七点同意度；界面标题：请根据刚才在这个物体上的体验作答）
A14: 页序 | B14: Item_ID | C14: 简称 | D14: 中文施测版 | E14: 官方英文原文 | F14: 分析家族 | G14: 来源 | H14: 本轮状态 | I14: 备注
A15: 1 | B15: Q1 | C15: 静止稳定 | D15: 在静止观察阶段，虚拟内容保持在同一位置不动。 | E15: — | F15: 主证实 | G15: 自制（v4 冻结） | H15: 启用
A16: 2 | B16: Q2 | C16: 运动附着 | D16: 在拿起、移动和旋转物体时，虚拟内容始终附着在真实物体上的同一位置。 | E16: — | F16: 主证实 | G16: 自制（v5.1 锐化措辞） | H16: 启用
A17: 3 | B17: Q9 | C17: 姿态一致 | D17: 旋转物体时，虚拟内容的朝向与真实物体的朝向保持一致。 | E17: — | F17: 主证实 | G17: 自制（v4 冻结） | H17: 启用
A18: 3' | B18: Q10_OPT | C18: 放置后稳定（可选） | D18: 把物体放到桌面后，虚拟内容很快就稳定下来。 | E18: — | F18: 次级 | G18: 自制（v4 可选，本轮停用） | H18: 停用
A19: 4 | B19: AQ_IQ2 | C19: 响应及时 | D19: 虚拟内容实时响应我对真实物体的操作。 | E19: The virtual object responds in real-time. | F19: 已发表量表 | G19: AQ Interaction Quality（对象化适配） | H19: 启用
A20: 5 | B20: AQ_IQ3 | C20: 运动平滑 | D20: 在交互过程中，虚拟内容随真实物体平滑运动。 | E20: The virtual object moves smoothly. | F20: 已发表量表 | G20: AQ Interaction Quality（对象化适配） | H20: 启用
A21: 6 | B21: Q3 | C21: 恢复一致 | D21: 遮挡移除后，虚拟内容恢复到了与真实物体一致的位置。 | E21: — | F21: 主证实 | G21: 自制（v4 冻结） | H21: 启用
A22: 7 | B22: Q8 | C22: 位置正确 | D22: 虚拟内容出现的位置，与真实物体实际所在的位置相符。 | E22: — | F22: 主证实 | G22: 自制（v4 冻结） | H22: 启用
A23: 8 | B23: AQ_EQ1 | C23: 融合 | D23: 虚拟内容与真实物体及周围真实元素自然融合。 | E23: The virtual object blends in with real elements. | F23: 已发表量表 | G23: AQ Embedding Quality（对象化适配） | H23: 启用
A24: 9 | B24: AQ_EQ2 | C24: 嵌入可信 | D24: 虚拟内容真实地嵌入在真实物体及其现实环境中。 | E24: The virtual object is realistically embedded in the environment. | F24: 已发表量表 | G24: AQ Embedding Quality（对象化适配） | H24: 启用
A25: 10 | B25: AQ_EQ3 | C25: 尺度协调 | D25: 虚拟内容的尺度与真实物体及现实世界中的事物相匹配。 | E25: The size of the virtual object is in scale to things in the real world. | F25: 已发表量表 | G25: AQ Embedding Quality（对象化适配） | H25: 启用
A26: 11 | B26: AQ_IQ1 | C26: 交互直观 | D26: 通过操作真实物体与虚拟内容进行交互是直观的。 | E26: Interaction with the virtual object is intuitive. | F26: 已发表量表 | G26: AQ Interaction Quality（对象化适配） | H26: 启用
... A28: 13 | B28: Q7 | C28: 稳定-响应平衡 | D28: 总体而言，该方法在锚点稳定性与响应及时性之间取得了合适的平衡。 | E28: — | F28: 主证实 | G28: 自制（v4 冻结） | H28: 启用
A29: 量尺 | B29: 七点同意度：1 完全不同意 … 7 完全同意
A31: C. 方法级（全部六区块完成后，按 S1 先 A / S2 先 B 依次评价两方法）
A32: C1. adapted TiA 两分量表（10 项） | B32: 五点同意度：1 Strongly disagree … 5 Strongly agree；允许无法回答（记缺失）。反向项计分 = 6 − 原始分（仅分析派生）；呈现按官方相对顺序 1,2,6,7,10,11,13,15,16,19 交错。
A33: Item_ID | B33: 分量表 | C33: 官方英文原文 | D33: 中文施测版（已冻结） | E33: 反向 | F33: 官方条目号
A34: TIA_RC1 | B34: Reliability/Competence | C34: The system is capable of interpreting situations correctly. | D34: 这种对象锚定方法能够正确判断当前状况。 | E34: 否 | F34: 1
A35: TIA_RC2 | B35: Reliability/Competence | C35: The system works reliably. | D35: 这种对象锚定方法运行可靠。 | E35: 否 | F35: 6
A36: TIA_RC3 | B36: Reliability/Competence | C36: A system malfunction is likely. | D36: 这种对象锚定方法很可能发生故障。 | E36: 是 | F36: 10
A37: TIA_RC4 | B37: Reliability/Competence | C37: The system is capable of taking over complicated tasks. | D37: 这种对象锚定方法能够承担复杂的锚定任务。 | E37: 否 | F37: 13
A38: TIA_RC5 | B38: Reliability/Competence | C38: The system might make sporadic errors. | D38: 这种对象锚定方法可能偶尔出错。 | E38: 是 | F38: 15
A39: TIA_RC6 | B39: Reliability/Competence | C39: I am confident about the system's capabilities. | D39: 我对这种对象锚定方法的能力有信心。 | E39: 否 | F39: 19
A40: TIA_UP1 | B40: Understanding/Predictability | C40: The system state was always clear to me. | D40: 这种对象锚定方法的状态对我来说始终清楚。 | E40: 否 | F40: 2
A41: TIA_UP2 | B41: Understanding/Predictability | C41: The system reacts unpredictably. | D41: 这种对象锚定方法的反应难以预测。 | E41: 是 | F41: 7
A42: TIA_UP3 | B42: Understanding/Predictability | C42: I was able to understand why things happened. | D42: 我能够理解为什么会出现刚才的锚定行为。 | E42: 否 | F42: 11
A43: TIA_UP4 | B43: Understanding/Predictability | C43: It's difficult to identify what the system will do next. | D43: 我很难判断这种对象锚定方法接下来会怎样表现。 | E43: 是 | F43: 16
A44: —— 尺度切换提示页：TiA（五点同意度）→ S-TIAS（七点程度尺），端点改变须参与者确认 ——
A45: C2. adapted S-TIAS（3 项） | B45: 七点程度尺：1 Not at all（完全没有）… 7 Extremely（非常强烈）；三项均值
A46: Item_ID | B46: 官方研究英文 | C46: 中文施测版
A47: STIAS1 | B47: I am confident in the AI assistant. | C47: 我对这种对象锚定方法有信心。
A48: STIAS2 | B48: The AI assistant is reliable. | C48: 这种对象锚定方法是可靠的。
A49: STIAS3 | B49: I can trust the AI assistant. | C49: 我可以信任这种对象锚定方法。
A51: D. 最终问卷（摘下头显后；两项强制选择独立作答）
A52: ID | B52: 中文 | C52: 应答格式 | D52: 备注
A53: FINAL_METHOD_CHOICE | B53: 如果需要在实际混合现实应用中使用一个对象锚定方法，你会选择哪一种？ | C53: 方法A / 方法B / 无明显偏好 | D53: 强制选择；离场后按映射解码
A54: FINAL_PREFERENCE_STRENGTH | B54: 你的选择有多明确？ | C54: 1 只有非常轻微的偏好 … 7 非常明确的偏好；选“无明显偏好”者记 NA | D54: v5.1 新增；描述性
A55: FINAL_TRUST_CHOICE | B55: 如果虚拟内容标注的位置会影响你在真实世界中的实际操作，你更信任哪一种方法的标注？ | C55: 方法A / 方法B / 无明显偏好 | D55: 与偏好选择独立作答；不一致本身是结果
A56: FINAL_DISCRIMINATION_CONFIDENCE | B56: 你有多大信心认为自己能够感受到两种方法之间的差异？ | C56: 1 完全没有信心 … 7 非常有信心 | D56: v5.1 新增；解释“无明显偏好”成因
A57: OPEN_DIFFERENCE | B57: 你认为两种锚定方法之间最明显的区别是什么？ | C57: 开放文本 | D57: 主题分析
A58: OPEN_DISTRUST | B58: 在使用附着于真实物体的虚拟内容时，什么现象最容易使你不再信任这个锚点？ | C58: 开放文本 | D58: 信息量最高的问题
A59: END_DISCOMFORT | B59: 与实验开始前相比，你目前是否感到额外的不适？ | C59: 无 / 轻微 / 中等 / 明显 / 因不适中止 | D59: 仅安全监测，不作因变量

Sheet Participants
A1: 参与者信息与 24 平衡单元（合成数据；方法映射两列在真实采集中仅实验员可见）
A2: Participant_ID | B2: 平衡单元 | C2: 物体排列ID | D2: 标签序列 | E2: 物体1 | F2: 物体2 | G2: 物体3 | H2: 区块内标签顺序 | I2: 方法A=（保密） | J2: 方法B=（保密） | K2: 先行实际方法 | L2: B1_年龄 | M2: B2_性别 | N2: B3_主手 | O2: B4_视力 | P2: B5_VR/MR经验 | Q2: B6_实物MR经验 | R2: 签署同意 | S2: 基线不适 | T2: 实际时长_min | U2: 纳入分析 | V2: 退出/技术问题 | W2: 区分信心 | X2: 人物设定（仅模拟）
A3: P001 | B3: O1-S1-EA | C3: 1 | D3: S1 | E3: 鼠标 | F3: 固定订书机 | G3: 游戏手柄 | H3: A-B / B-A / A-B | I3: EgoAnchor | J3: One-Euro | K3: EgoAnchor | L3: 30 | M3: 男 | N3: 右手 | O3: 矫正后正常 | P3: 1–5 次 | Q3: 从未 | R3: 是 | S3: 轻微 | T3: 62.3 | U3: 是 | V3: 无 | W3: 7 | X3: 软件工程师·易疲劳｜平时不戴头显，到第四个区块后明显疲劳，后段作答变快、刻度收窄，出现连续同分。
A4: P002 | B4: O1-S2-EA | C4: 1 | D4: S2 | E4: 鼠标 | F4: 固定订书机 | G4: 游戏手柄 | H4: B-A / A-B / B-A | I4: EgoAnchor | J4: One-Euro | K4: One-Euro | L4: 29 | M4: 男 | N4: 右手 | O4: 正常 | P4: 经常使用 | Q4: 数次 | R4: 是 | S4: 无 | T4: 57.1 | U4: 是 | V4: 无 | W4: 6 | X4: 电子工程博士·反向权衡者｜明确认为交互系统里延迟比抖动更致命；即使看到稳定性差异，也可能在权衡题和最终选择上偏向响应更快的一方。
A5: P003 | B5: O1-S2-OE | C5: 1 | D5: S2 | E5: 鼠标 | F5: 固定订书机 | G5: 游戏手柄 | H5: B-A / A-B / B-A | I5: One-Euro | J5: EgoAnchor | K5: EgoAnchor | L5: 20 | M5: 男 | N5: 右手 | O5: 正常 | P5: 1–5 次 | Q5: 从未 | R5: 是 | S5: 无 | T5: 55.4 | U5: 是 | V5: 无 | W5: 6 | X5: 物理系本科·量化思维｜会自己估计毫米量级并在心里换算，静止阶段刻意做大幅头动来放大差异。
A6: P004 | B6: O1-S1-OE | C6: 1 | D6: S1 | E6: 鼠标 | F6: 固定订书机 | G6: 游戏手柄 | H6: A-B / B-A / A-B | I6: One-Euro | J6: EgoAnchor | K6: One-Euro | L6: 25 | M6: 非二元或其他 | N6: 右手 | O6: 正常 | P6: 6–20 次 | Q6: 1–2 次 | R6: 是 | S6: 无 | T6: 58.1 | U6: 是 | V6: 无 | W6: 7 | X6: 研究生助教·需求特征敏感｜做过实验助教，最容易推测研究假设并顺着假设作答；是本组需求特征风险的上界样本。
A7: P005 | B7: O2-S1-EA | C7: 2 | D7: S1 | E7: 鼠标 | F7: 游戏手柄 | G7: 固定订书机 | H7: A-B / B-A / A-B | I7: EgoAnchor | J7: One-Euro | K7: EgoAnchor | L7: 24 | M7: 男 | N7: 右手 | O7: 正常 | P7: 6–20 次 | Q7: 1–2 次 | R7: 是 | S7: 无 | T7: 54.8 | U7: 是 | V7: 无 | W7: 7 | X7: 机械工程硕士·分析型｜习惯把现象拆成量级来判断，静止阶段会刻意左右移动头部反复确认，措辞克制。
A8: P006 | B8: O2-S2-EA | C8: 2 | D8: S2 | E8: 鼠标 | F8: 游戏手柄 | G8: 固定订书机 | H8: B-A / A-B / B-A | I8: EgoAnchor | J8: One-Euro | K8: One-Euro | L8: 28 | M8: 男 | N8: 右手 | O8: 矫正后正常 | P8: 1–5 次 | Q8: 从未 | R8: 是 | S8: 无 | T8: 55.2 | U8: 是 | V8: 无 | W8: 5 | X8: 材料学博士·低敏感高标准｜知觉敏感度偏低但打分标准很严：两个方法他都不太满意，整体分最低、差异幅度中等。
A9: P007 | B9: O2-S2-OE | C9: 2 | D9: S2 | E9: 鼠标 | F9: 游戏手柄 | G9: 固定订书机 | H9: B-A / A-B / B-A | I9: One-Euro | J9: EgoAnchor | K9: EgoAnchor | L9: 19 | M9: 女 | N9: 右手 | O9: 正常 | P9: 从未 | Q9: 从未 | R9: 是 | S9: 无 | T9: 60 | U9: 是 | V9: 无 | W9: 5 | X9: 大一新生·首次VR｜第一次戴头显，整体新奇感强，缺少参照系，倾向给偏高的分；只有明显跳变才会注意到。
A10: P008 | B10: O2-S1-OE | C10: 2 | D10: S1 | E10: 鼠标 | F10: 游戏手柄 | G10: 固定订书机 | H10: A-B / B-A / A-B | I10: One-Euro | J10: EgoAnchor | K10: One-Euro | L10: 25 | M10: 女 | N10: 右手 | O10: 正常 | P10: 6–20 次 | Q10: 1–2 次 | R10: 是 | S10: 无 | T10: 55.1 | U10: 是 | V10: 无 | W10: 2 | X10: 建筑学硕士·空间判断强｜受过空间训练，会用桌面网格和物体边缘做参照判断绝对位置与朝向，对偏移比对抖动更敏感。
A11: P009 | B11: O3-S1-EA | C11: 3 | D11: S1 | E11: 固定订书机 | F11: 鼠标 | G11: 游戏手柄 | H11: A-B / B-A / A-B | I11: EgoAnchor | J11: One-Euro | K11: EgoAnchor | L11: 21 | M11: 男 | N11: 右手 | O11: 正常 | P11: 超过 20 次 | Q11: 经常 | R11: 是 | S11: 无 | T11: 51.7 | U11: 是 | V11: 无 | W11: 6 | X11: 机器人竞赛学生·技术乐观｜做过视觉跟踪项目，能说出机制名词，对系统整体持乐观态度，给分偏高但区分清楚。
A12: P010 | B12: O3-S2-EA | C12: 3 | D12: S2 | E12: 固定订书机 | F12: 鼠标 | G12: 游戏手柄 | H12: B-A / A-B / B-A | I12: EgoAnchor | J12: One-Euro | K12: One-Euro | L12: 45 | M12: 女 | N12: 右手 | O12: 矫正后正常 | P12: 从未 | Q12: 从未 | R12: 是 | S12: 无 | T12: 63.7 | U12: 是 | V12: 无 | W12: 6 | X12: 图书馆员·耐心细致｜最慢最认真的参与者，逐题反复确认，问卷时长最长；对遮挡恢复的正确性印象最深。
A13: P011 | B13: O3-S2-OE | C13: 3 | D13: S2 | E13: 固定订书机 | F13: 鼠标 | G13: 游戏手柄 | H13: B-A / A-B / B-A | I13: One-Euro | J13: EgoAnchor | K13: EgoAnchor | L13: 24 | M13: 女 | N13: 右手 | O13: 正常 | P13: 从未 | Q13: 1–2 次 | R13: 是 | S13: 无 | T13: 60.5 | U13: 是 | V13: 无 | W13: 2 | X13: 护理专业·配合度高｜严格按指令完成动作，作答偏正面；对遮挡恢复后的正确性比较在意。
A14: P012 | B14: O3-S1-OE | C14: 3 | D14: S1 | E14: 固定订书机 | F14: 鼠标 | G14: 游戏手柄 | H14: A-B / B-A / A-B | I14: One-Euro | J14: EgoAnchor | K14: One-Euro | L14: 28 | M14: 非二元或其他 | N14: 左手 | O14: 正常 | P14: 6–20 次 | Q14: 数次 | R14: 是 | S14: 无 | T14: 57 | U14: 是 | V14: 无 | W14: 7 | X14: 工业设计师·细节挑剔｜职业习惯是找瑕疵，任何一处不贴合都会拉低整块评分；给分整体偏低但区分度最高。
... A26: P024 | B26: O6-S1-OE | C26: 6 | D26: S1 | E26: 游戏手柄 | F26: 固定订书机 | G26: 鼠标 | H26: A-B / B-A / A-B | I26: One-Euro | J26: EgoAnchor | K26: One-Euro | L26: 23 | M26: 女 | N26: 右手 | O26: 正常 | P26: 1–5 次 | Q26: 1–2 次 | R26: 是 | S26: 无 | T26: 55.8 | U26: 是 | V26: 无 | W26: 5 | X26: 医学生·安全导向｜把这套东西代入手术导航之类的场景想，一次明显失败就会让她大幅下调依赖意愿并记很久。

Sheet Records
A1: 实验记录（合成数据）：A 区块 144 行 → B 方法级 48 行 → C 最终问卷 24 行。本表只放原始评分，原始分不得被反向分覆盖。
A3: A. 区块记录（每行 = 一个方法×物体区块：进度 + 13 项评分（Q10 停用） + 问卷时长 + 运行时审计）
A4: Participant_ID | B4: Block_Index | C4: 平衡单元 | D4: 物体位置 | E4: 物体 | F4: Object_Key | G4: Shown_Label | H4: Condition(保密) | I4: 物体内先后 | J4: 该方法第几次 | K4: Q1 | L4: Q2 | M4: Q9 | N4: Q10_OPT | O4: AQ_IQ2 | P4: AQ_IQ3 | Q4: Q3 | R4: Q8 | S4: AQ_EQ1 | T4: AQ_EQ2 | U4: AQ_EQ3 | V4: AQ_IQ1 | W4: Q6 | X4: Q7 | Y4: 问卷开始 | Z4: 问卷结束 | AA4: 问卷时长_s | AB4: 任务完成 | AC4: 问卷完成 | AD4: 区块有效 | AE4: 技术问题 | AF4: Candidate_Rate_Hz | AG4: VCD_Median | AH4: VCD_Admission_Rate | AI4: Output_Availability | AJ4: 遮挡时长_s | AK4: 遮挡生命周期状态 | AL4: 进入Lost | AM4: 服务器重获取次数 | AN4: StaticLock进入次数 | AO4: 注意力失效 | AP4: 最长连续同分 | AQ4: 备注
A5: P001 | B5: 1 | C5: O1-S1-EA | D5: 1 | E5: 鼠标 | F5: blue_mouse | G5: 方法A | H5: EgoAnchor | I5: 1 | J5: 1 | K5: 5 | L5: 4 | M5: 4 | O5: 5 | P5: 4 | Q5: 4 | R5: 5 | S5: 5 | T5: 5 | U5: 6 | V5: 5 | W5: 5 | X5: 4 | Y5: 09:15:00 | Z5: 09:18:15 | AA5: 195.6 | AB5: 是 | AC5: 是 | AD5: 是 | AE5: 无 | AF5: 9.85 | AG5: 0.892 | AH5: 0.934 | AI5: 0.985 | AJ5: 0.722 | AK5: FrozenUncertain | AL5: 否 | AM5: 0 | AN5: 5 | AO5: 否 | AP5: 3
A6: P001 | B6: 2 | C6: O1-S1-EA | D6: 1 | E6: 鼠标 | F6: blue_mouse | G6: 方法B | H6: One-Euro | I6: 2 | J6: 1 | K6: 3 | L6: 4 | M6: 5 | O6: 4 | P6: 4 | Q6: 4 | R6: 4 | S6: 3 | T6: 4 | U6: 4 | V6: 3 | W6: 4 | X6: 4 | Y6: 09:19:50 | Z6: 09:22:57 | AA6: 186.7 | AB6: 是 | AC6: 是 | AD6: 是 | AE6: 无 | AF6: 9.33 | AG6: 0.889 | AH6: 0.952 | AI6: 0.991 | AJ6: 0.725 | AK6: FrozenUncertain | AL6: 否 | AM6: 0 | AN6: 0 | AO6: 是 | AP6: 4
A7: P001 | B7: 3 | C7: O1-S1-EA | D7: 2 | E7: 固定订书机 | F7: stapler | G7: 方法B | H7: One-Euro | I7: 1 | J7: 2 | K7: 4 | L7: 5 | M7: 5 | O7: 5 | P7: 4 | Q7: 4 | R7: 5 | S7: 5 | T7: 4 | U7: 5 | V7: 5 | W7: 5 | X7: 4 | Y7: 09:24:32 | Z7: 09:27:16 | AA7: 164.3 | AB7: 是 | AC7: 是 | AD7: 是 | AE7: 无 | AF7: 9.51 | AG7: 0.931 | AH7: 0.941 | AI7: 0.995 | AJ7: 0.827 | AK7: FrozenUncertain | AL7: 否 | AM7: 0 | AN7: 0 | AO7: 否 | AP7: 3
A8: P001 | B8: 4 | C8: O1-S1-EA | D8: 2 | E8: 固定订书机 | F8: stapler | G8: 方法A | H8: EgoAnchor | I8: 2 | J8: 2 | K8: 5 | L8: 5 | M8: 5 | O8: 6 | P8: 5 | Q8: 5 | R8: 5 | S8: 5 | T8: 5 | U8: 7 | V8: 5 | W8: 5 | X8: 6 | Y8: 09:28:51 | Z8: 09:31:42 | AA8: 170.4 | AB8: 是 | AC8: 是 | AD8: 是 | AE8: 无 | AF8: 9.8 | AG8: 0.917 | AH8: 0.953 | AI8: 0.997 | AJ8: 0.825 | AK8: FrozenUncertain | AL8: 否 | AM8: 0 | AN8: 3 | AO8: 否 | AP8: 5
A9: P001 | B9: 5 | C9: O1-S1-EA | D9: 3 | E9: 游戏手柄 | F9: gamepad | G9: 方法A | H9: EgoAnchor | I9: 1 | J9: 3 | K9: 4 | L9: 6 | M9: 5 | O9: 4 | P9: 3 | Q9: 5 | R9: 5 | S9: 5 | T9: 5 | U9: 7 | V9: 7 | W9: 7 | X9: 5 | Y9: 09:33:17 | Z9: 09:36:04 | AA9: 167.8 | AB9: 是 | AC9: 是 | AD9: 是 | AE9: 无 | AF9: 9.45 | AG9: 0.851 | AH9: 0.93 | AI9: 0.981 | AJ9: 0.847 | AK9: FrozenUncertain | AL9: 否 | AM9: 0 | AN9: 5 | AO9: 是 | AP9: 4
A10: P001 | B10: 6 | C10: O1-S1-EA | D10: 3 | E10: 游戏手柄 | F10: gamepad | G10: 方法B | H10: One-Euro | I10: 2 | J10: 3 | K10: 3 | L10: 3 | M10: 3 | O10: 5 | P10: 5 | Q10: 5 | R10: 4 | S10: 5 | T10: 4 | U10: 6 | V10: 6 | W10: 4 | X10: 5 | Y10: 09:37:39 | Z10: 09:40:15 | AA10: 155.9 | AB10: 是 | AC10: 是 | AD10: 是 | AE10: 无 | AF10: 9.21 | AG10: 0.857 | AH10: 0.899 | AI10: 0.982 | AJ10: 0.876 | AK10: FrozenUncertain | AL10: 否 | AM10: 0 | AN10: 0 | AO10: 否 | AP10: 3
A11: P002 | B11: 1 | C11: O1-S2-EA | D11: 1 | E11: 鼠标 | F11: blue_mouse | G11: 方法B | H11: One-Euro | I11: 1 | J11: 1 | K11: 3 | L11: 3 | M11: 3 | O11: 4 | P11: 5 | Q11: 1 | R11: 4 | S11: 5 | T11: 3 | U11: 6 | V11: 6 | W11: 1 | X11: 4 | Y11: 09:15:00 | Z11: 09:16:59 | AA11: 119.7 | AB11: 是 | AC11: 是 | AD11: 是 | AE11: 无 | AF11: 9.24 | AG11: 0.879 | AH11: 0.913 | AI11: 0.987 | AJ11: 0.712 | AK11: FrozenUncertain | AL11: 否 | AM11: 0 | AN11: 0 | AO11: 否 | AP11: 3 | AQ11: 灾难性恢复失效(>40mm 级)
A12: P002 | B12: 2 | C12: O1-S2-EA | D12: 1 | E12: 鼠标 | F12: blue_mouse | G12: 方法A | H12: EgoAnchor | I12: 2 | J12: 1 | K12: 6 | L12: 5 | M12: 5 | O12: 5 | P12: 5 | Q12: 6 | R12: 6 | S12: 6 | T12: 7 | U12: 7 | V12: 6 | W12: 6 | X12: 5 | Y12: 09:18:34 | Z12: 09:20:37 | AA12: 122.3 | AB12: 是 | AC12: 是 | AD12: 是 | AE12: 无 | AF12: 9.4 | AG12: 0.929 | AH12: 0.96 | AI12: 0.988 | AJ12: 0.716 | AK12: FrozenUncertain | AL12: 否 | AM12: 0 | AN12: 8 | AO12: 否 | AP12: 4
A13: P002 | B13: 3 | C13: O1-S2-EA | D13: 2 | E13: 固定订书机 | F13: stapler | G13: 方法A | H13: EgoAnchor | I13: 1 | J13: 2 | K13: 6 | L13: 5 | M13: 6 | O13: 5 | P13: 6 | Q13: 5 | R13: 6 | S13: 7 | T13: 6 | U13: 6 | V13: 6 | W13: 5 | X13: 6 | Y13: 09:22:12 | Z13: 09:23:54 | AA13: 102.4 | AB13: 是 | AC13: 是 | AD13: 是 | AE13: 无 | AF13: 9.64 | AG13: 0.941 | AH13: 0.96 | AI13: 0.998 | AJ13: 0.782 | AK13: FrozenUncertain | AL13: 否 | AM13: 0 | AN13: 5 | AO13: 否 | AP13: 3
A14: P002 | B14: 4 | C14: O1-S2-EA | D14: 2 | E14: 固定订书机 | F14: stapler | G14: 方法B | H14: One-Euro | I14: 2 | J14: 2 | K14: 5 | L14: 6 | M14: 5 | O14: 6 | P14: 5 | Q14: 4 | R14: 4 | S14: 6 | T14: 5 | U14: 6 | V14: 6 | W14: 5 | X14: 4 | Y14: 09:25:29 | Z14: 09:27:37 | AA14: 127.7 | AB14: 是 | AC14: 是 | AD14: 是 | AE14: 无 | AF14: 9.25 | AG14: 0.932 | AH14: 0.976 | AI14: 0.98 | AJ14: 0.741 | AK14: FrozenUncertain | AL14: 否 | AM14: 0 | AN14: 0 | AO14: 否 | AP14: 2
A15: P002 | B15: 5 | C15: O1-S2-EA | D15: 3 | E15: 游戏手柄 | F15: gamepad | G15: 方法B | H15: One-Euro | I15: 1 | J15: 3 | K15: 5 | L15: 3 | M15: 4 | O15: 5 | P15: 4 | Q15: 5 | R15: 5 | S15: 5 | T15: 4 | U15: 6 | V15: 5 | W15: 4 | X15: 4 | Y15: 09:29:12 | Z15: 09:30:56 | AA15: 103.9 | AB15: 是 | AC15: 是 | AD15: 是 | AE15: 无 | AF15: 9.22 | AG15: 0.868 | AH15: 0.911 | AI15: 0.973 | AJ15: 0.743 | AK15: FrozenUncertain | AL15: 否 | AM15: 0 | AN15: 0 | AO15: 否 | AP15: 3
A16: P002 | B16: 6 | C16: O1-S2-EA | D16: 3 | E16: 游戏手柄 | F16: gamepad | G16: 方法A | H16: EgoAnchor | I16: 2 | J16: 3 | K16: 4 | L16: 7 | M16: 6 | O16: 4 | P16: 2 | Q16: 3 | R16: 4 | S16: 7 | T16: 6 | U16: 5 | V16: 7 | W16: 7 | X16: 7 | Y16: 09:32:31 | Z16: 09:34:41 | AA16: 130.3 | AB16: 是 | AC16: 是 | AD16: 是 | AE16: 无 | AF16: 9.18 | AG16: 0.89 | AH16: 0.918 | AI16: 0.969 | AJ16: 0.818 | AK16: FrozenUncertain | AL16: 否 | AM16: 0 | AN16: 4 | AO16: 是 | AP16: 3
A17: P003 | B17: 1 | C17: O1-S2-OE | D17: 1 | E17: 鼠标 | F17: blue_mouse | G17: 方法B | H17: EgoAnchor | I17: 1 | J17: 1 | K17: 6 | L17: 5 | M17: 5 | O17: 5 | P17: 5 | Q17: 4 | R17: 6 | S17: 6 | T17: 5 | U17: 6 | V17: 5 | W17: 6 | X17: 7 | Y17: 09:15:00 | Z17: 09:16:52 | AA17: 112.8 | AB17: 是 | AC17: 是 | AD17: 是 | AE17: 无 | AF17: 9.35 | AG17: 0.896 | AH17: 0.927 | AI17: 0.98 | AJ17: 0.738 | AK17: FrozenUncertain | AL17: 否 | AM17: 0 | AN17: 6 | AO17: 否 | AP17: 4
A18: P003 | B18: 2 | C18: O1-S2-OE | D18: 1 | E18: 鼠标 | F18: blue_mouse | G18: 方法A | H18: One-Euro | I18: 2 | J18: 1 | K18: 5 | L18: 6 | M18: 4 | O18: 6 | P18: 4 | Q18: 4 | R18: 3 | S18: 4 | T18: 4 | U18: 6 | V18: 6 | W18: 4 | X18: 3 | Y18: 09:18:27 | Z18: 09:20:30 | AA18: 122.8 | AB18: 是 | AC18: 是 | AD18: 是 | AE18: 无 | AF18: 9.63 | AG18: 0.909 | AH18: 0.962 | AI18: 0.985 | AJ18: 0.781 | AK18: FrozenUncertain | AL18: 否 | AM18: 0 | AN18: 0 | AO18: 是 | AP18: 2
A19: P003 | B19: 3 | C19: O1-S2-OE | D19: 2 | E19: 固定订书机 | F19: stapler | G19: 方法A | H19: One-Euro | I19: 1 | J19: 2 | K19: 4 | L19: 4 | M19: 4 | O19: 5 | P19: 4 | Q19: 4 | R19: 5 | S19: 6 | T19: 5 | U19: 6 | V19: 4 | W19: 5 | X19: 4 | Y19: 09:22:05 | Z19: 09:24:11 | AA19: 125.8 | AB19: 是 | AC19: 是 | AD19: 是 | AE19: 无 | AF19: 9.8 | AG19: 0.9 | AH19: 0.955 | AI19: 0.989 | AJ19: 0.691 | AK19: FrozenUncertain | AL19: 否 | AM19: 0 | AN19: 0 | AO19: 否 | AP19: 3
A20: P003 | B20: 4 | C20: O1-S2-OE | D20: 2 | E20: 固定订书机 | F20: stapler | G20: 方法B | H20: EgoAnchor | I20: 2 | J20: 2 | K20: 7 | L20: 6 | M20: 6 | O20: 5 | P20: 6 | Q20: 5 | R20: 6 | S20: 6 | T20: 6 | U20: 6 | V20: 6 | W20: 6 | X20: 6 | Y20: 09:25:46 | Z20: 09:28:07 | AA20: 141.2 | AB20: 是 | AC20: 是 | AD20: 是 | AE20: 无 | AF20: 9.57 | AG20: 0.959 | AH20: 0.951 | AI20: 0.986 | AJ20: 0.694 | AK20: FrozenUncertain | AL20: 否 | AM20: 0 | AN20: 8 | AO20: 否 | AP20: 7
A21: P003 | B21: 5 | C21: O1-S2-OE | D21: 3 | E21: 游戏手柄 | F21: gamepad | G21: 方法B | H21: EgoAnchor | I21: 1 | J21: 3 | K21: 5 | L21: 4 | M21: 4 | O21: 4 | P21: 4 | Q21: 4 | R21: 6 | S21: 5 | T21: 5 | U21: 5 | V21: 4 | W21: 5 | X21: 5 | Y21: 09:29:42 | Z21: 09:31:48 | AA21: 126.1 | AB21: 是 | AC21: 是 | AD21: 是 | AE21: 无 | AF21: 9.43 | AG21: 0.892 | AH21: 0.945 | AI21: 0.986 | AJ21: 0.768 | AK21: FrozenUncertain | AL21: 否 | AM21: 0 | AN21: 7 | AO21: 否 | AP21: 5
A22: P003 | B22: 6 | C22: O1-S2-OE | D22: 3 | E22: 游戏手柄 | F22: gamepad | G22: 方法A | H22: One-Euro | I22: 2 | J22: 3 | K22: 4 | L22: 4 | M22: 4 | O22: 4 | P22: 3 | Q22: 3 | R22: 4 | S22: 4 | T22: 4 | U22: 6 | V22: 5 | W22: 4 | X22: 4 | Y22: 09:33:23 | Z22: 09:35:30 | AA22: 126.8 | AB22: 是 | AC22: 是 | AD22: 是 | AE22: 无 | AF22: 9.04 | AG22: 0.901 | AH22: 0.933 | AI22: 0.992 | AJ22: 0.743 | AK22: FrozenUncertain | AL22: 否 | AM22: 0 | AN22: 0 | AO22: 否 | AP22: 4
A23: P004 | B23: 1 | C23: O1-S1-OE | D23: 1 | E23: 鼠标 | F23: blue_mouse | G23: 方法A | H23: One-Euro | I23: 1 | J23: 1 | K23: 6 | L23: 5 | M23: 6 | O23: 6 | P23: 5 | Q23: 2 | R23: 4 | S23: 6 | T23: 5 | U23: 7 | V23: 6 | W23: 2 | X23: 6 | Y23: 09:15:00 | Z23: 09:17:12 | AA23: 132.1 | AB23: 是 | AC23: 是 | AD23: 是 | AE23: 无 | AF23: 9.26 | AG23: 0.925 | AH23: 0.926 | AI23: 0.987 | AJ23: 0.826 | AK23: FrozenUncertain | AL23: 否 | AM23: 0 | AN23: 0 | AO23: 否 | AP23: 2 | AQ23: 灾难性恢复失效(>40mm 级)
A24: P004 | B24: 2 | C24: O1-S1-OE | D24: 1 | E24: 鼠标 | F24: blue_mouse | G24: 方法B | H24: EgoAnchor | I24: 2 | J24: 1 | K24: 6 | L24: 5 | M24: 5 | O24: 3 | P24: 5 | Q24: 5 | R24: 5 | S24: 5 | T24: 5 | U24: 6 | V24: 6 | W24: 5 | X24: 4 | Y24: 09:18:47 | Z24: 09:21:18 | AA24: 151.1 | AB24: 是 | AC24: 是 | AD24: 是 | AE24: 无 | AF24: 9.39 | AG24: 0.882 | AH24: 0.939 | AI24: 0.997 | AJ24: 0.795 | AK24: FrozenUncertain | AL24: 否 | AM24: 0 | AN24: 3 | AO24: 否 | AP24: 5
A25: P004 | B25: 3 | C25: O1-S1-OE | D25: 2 | E25: 固定订书机 | F25: stapler | G25: 方法B | H25: EgoAnchor | I25: 1 | J25: 2 | K25: 7 | L25: 6 | M25: 6 | O25: 6 | P25: 6 | Q25: 4 | R25: 4 | S25: 6 | T25: 7 | U25: 6 | V25: 6 | W25: 5 | X25: 6 | Y25: 09:22:53 | Z25: 09:25:26 | AA25: 153.7 | AB25: 是 | AC25: 是 | AD25: 是 | AE25: 无 | AF25: 9.82 | AG25: 0.906 | AH25: 0.949 | AI25: 0.995 | AJ25: 0.761 | AK25: FrozenUncertain | AL25: 否 | AM25: 0 | AN25: 3 | AO25: 否 | AP25: 4
A26: P004 | B26: 4 | C26: O1-S1-OE | D26: 2 | E26: 固定订书机 | F26: stapler | G26: 方法A | H26: One-Euro | I26: 2 | J26: 2 | K26: 6 | L26: 4 | M26: 5 | O26: 6 | P26: 4 | Q26: 5 | R26: 5 | S26: 6 | T26: 6 | U26: 5 | V26: 6 | W26: 4 | X26: 4 | Y26: 09:27:01 | Z26: 09:29:18 | AA26: 136.3 | AB26: 是 | AC26: 是 | AD26: 是 | AE26: 无 | AF26: 9.33 | AG26: 0.962 | AH26: 0.959 | AI26: 0.997 | AJ26: 0.793 | AK26: FrozenUncertain | AL26: 否 | AM26: 0 | AN26: 0 | AO26: 否 | AP26: 2
A27: P004 | B27: 5 | C27: O1-S1-OE | D27: 3 | E27: 游戏手柄 | F27: gamepad | G27: 方法A | H27: One-Euro | I27: 1 | J27: 3 | K27: 4 | L27: 5 | M27: 5 | O27: 4 | P27: 4 | Q27: 2 | R27: 4 | S27: 5 | T27: 5 | U27: 5 | V27: 5 | W27: 1 | X27: 4 | Y27: 09:30:53 | Z27: 09:33:22 | AA27: 149.6 | AB27: 是 | AC27: 是 | AD27: 是 | AE27: 无 | AF27: 9.09 | AG27: 0.879 | AH27: 0.934 | AI27: 0.971 | AJ27: 0.612 | AK27: FrozenUncertain | AL27: 否 | AM27: 0 | AN27: 0 | AO27: 否 | AP27: 4 | AQ27: 灾难性恢复失效(>40mm 级)
A28: P004 | B28: 6 | C28: O1-S1-OE | D28: 3 | E28: 游戏手柄 | F28: gamepad | G28: 方法B | H28: EgoAnchor | I28: 2 | J28: 3 | K28: 6 | L28: 4 | M28: 4 | O28: 6 | P28: 6 | Q28: 5 | R28: 5 | S28: 5 | T28: 6 | U28: 6 | V28: 5 | W28: 5 | X28: 5 | Y28: 09:34:57 | Z28: 09:36:57 | AA28: 119.7 | AB28: 是 | AC28: 是 | AD28: 是 | AE28: 无 | AF28: 9.39 | AG28: 0.881 | AH28: 0.913 | AI28: 0.979 | AJ28: 0.746 | AK28: FrozenUncertain | AL28: 否 | AM28: 0 | AN28: 4 | AO28: 否 | AP28: 3
A29: P005 | B29: 1 | C29: O2-S1-EA | D29: 1 | E29: 鼠标 | F29: blue_mouse | G29: 方法A | H29: EgoAnchor | I29: 1 | J29: 1 | K29: 7 | L29: 4 | M29: 4 | O29: 5 | P29: 6 | Q29: 4 | R29: 4 | S29: 4 | T29: 4 | U29: 6 | V29: 6 | W29: 4 | X29: 5 | Y29: 09:15:00 | Z29: 09:17:02 | AA29: 122.8 | AB29: 是 | AC29: 是 | AD29: 是 | AE29: 无 | AF29: 9.53 | AG29: 0.894 | AH29: 0.941 | AI29: 0.986 | AJ29: 0.755 | AK29: FrozenUncertain | AL29: 否 | AM29: 0 | AN29: 4 | AO29: 否 | AP29: 4 | AQ29: StaticLock 锁在略偏位姿
A30: P005 | B30: 2 | C30: O2-S1-EA | D30: 1 | E30: 鼠标 | F30: blue_mouse | G30: 方法B | H30: One-Euro | I30: 2 | J30: 1 | K30: 4 | L30: 5 | M30: 4 | O30: 6 | P30: 4 | Q30: 4 | R30: 4 | S30: 5 | T30: 4 | U30: 6 | V30: 5 | W30: 4 | X30: 4 | Y30: 09:18:37 | Z30: 09:20:38 | AA30: 121 | AB30: 是 | AC30: 是 | AD30: 是 | AE30: 无 | AF30: 9.79 | AG30: 0.92 | AH30: 0.924 | AI30: 0.989 | AJ30: 0.829 | AK30: FrozenUncertain | AL30: 否 | AM30: 0 | AN30: 0 | AO30: 否 | AP30: 3
A31: P005 | B31: 3 | C31: O2-S1-EA | D31: 2 | E31: 游戏手柄 | F31: gamepad | G31: 方法B | H31: One-Euro | I31: 1 | J31: 2 | K31: 1 | L31: 4 | M31: 3 | O31: 3 | P31: 4 | Q31: 3 | R31: 3 | S31: 4 | T31: 3 | U31: 4 | V31: 5 | W31: 3 | X31: 3 | Y31: 09:22:13 | Z31: 09:23:51 | AA31: 97.9 | AB31: 是 | AC31: 是 | AD31: 是 | AE31: 无 | AF31: 9.34 | AG31: 0.869 | AH31: 0.924 | AI31: 0.988 | AJ31: 0.789 | AK31: FrozenUncertain | AL31: 否 | AM31: 0 | AN31: 0 | AO31: 否 | AP31: 2
A32: P005 | B32: 4 | C32: O2-S1-EA | D32: 2 | E32: 游戏手柄 | F32: gamepad | G32: 方法A | H32: EgoAnchor | I32: 2 | J32: 2 | K32: 6 | L32: 6 | M32: 6 | O32: 6 | P32: 4 | Q32: 5 | R32: 6 | S32: 6 | T32: 4 | U32: 6 | V32: 5 | W32: 5 | X32: 5 | Y32: 09:25:26 | Z32: 09:26:53 | AA32: 86.6 | AB32: 是 | AC32: 是 | AD32: 是 | AE32: 无 | AF32: 9.34 | AG32: 0.862 | AH32: 0.938 | AI32: 0.994 | AJ32: 0.769 | AK32: FrozenUncertain | AL32: 否 | AM32: 0 | AN32: 2 | AO32: 否 | AP32: 4
A33: P005 | B33: 5 | C33: O2-S1-EA | D33: 3 | E33: 固定订书机 | F33: stapler | G33: 方法A | H33: EgoAnchor | I33: 1 | J33: 3 | K33: 6 | L33: 4 | M33: 5 | O33: 5 | P33: 5 | Q33: 5 | R33: 5 | S33: 6 | T33: 5 | U33: 7 | V33: 6 | W33: 5 | X33: 4 | Y33: 09:28:28 | Z33: 09:30:31 | AA33: 122.7 | AB33: 是 | AC33: 是 | AD33: 是 | AE33: 无 | AF33: 9.73 | AG33: 0.935 | AH33: 0.939 | AI33: 0.99 | AJ33: 0.742 | AK33: FrozenUncertain | AL33: 否 | AM33: 0 | AN33: 4 | AO33: 否 | AP33: 5
A34: P005 | B34: 6 | C34: O2-S1-EA | D34: 3 | E34: 固定订书机 | F34: stapler | G34: 方法B | H34: One-Euro | I34: 2 | J34: 3 | K34: 5 | L34: 6 | M34: 5 | O34: 6 | P34: 6 | Q34: 5 | R34: 6 | S34: 7 | T34: 5 | U34: 7 | V34: 7 | W34: 5 | X34: 6 | Y34: 09:32:06 | Z34: 09:34:07 | AA34: 121.4 | AB34: 是 | AC34: 是 | AD34: 是 | AE34: 无 | AF34: 9.31 | AG34: 0.902 | AH34: 0.94 | AI34: 0.985 | AJ34: 0.81 | AK34: FrozenUncertain | AL34: 否 | AM34: 0 | AN34: 0 | AO34: 否 | AP34: 2
A35: P006 | B35: 1 | C35: O2-S2-EA | D35: 1 | E35: 鼠标 | F35: blue_mouse | G35: 方法B | H35: One-Euro | I35: 1 | J35: 1 | K35: 4 | L35: 5 | M35: 4 | O35: 4 | P35: 4 | Q35: 4 | R35: 5 | S35: 5 | T35: 5 | U35: 5 | V35: 4 | W35: 4 | X35: 4 | Y35: 09:15:00 | Z35: 09:17:15 | AA35: 135.1 | AB35: 是 | AC35: 是 | AD35: 是 | AE35: 无 | AF35: 9.35 | AG35: 0.919 | AH35: 0.931 | AI35: 0.994 | AJ35: 0.776 | AK35: FrozenUncertain | AL35: 否 | AM35: 0 | AN35: 0 | AO35: 否 | AP35: 4
A36: P006 | B36: 2 | C36: O2-S2-EA | D36: 1 | E36: 鼠标 | F36: blue_mouse | G36: 方法A | H36: EgoAnchor | I36: 2 | J36: 1 | K36: 3 | L36: 4 | M36: 4 | O36: 3 | P36: 4 | Q36: 3 | R36: 4 | S36: 5 | T36: 4 | U36: 4 | V36: 4 | W36: 4 | X36: 4 | Y36: 09:18:50 | Z36: 09:21:29 | AA36: 159.1 | AB36: 是 | AC36: 是 | AD36: 是 | AE36: 无 | AF36: 9.5 | AG36: 0.932 | AH36: 0.952 | AI36: 0.985 | AJ36: 0.839 | AK36: FrozenUncertain | AL36: 否 | AM36: 0 | AN36: 9 | AO36: 否 | AP36: 5
A37: P006 | B37: 3 | C37: O2-S2-EA | D37: 2 | E37: 游戏手柄 | F37: gamepad | G37: 方法A | H37: EgoAnchor | I37: 1 | J37: 2 | K37: 5 | L37: 5 | M37: 5 | O37: 4 | P37: 4 | Q37: 4 | R37: 5 | S37: 5 | T37: 5 | U37: 5 | V37: 5 | W37: 5 | X37: 6 | Y37: 09:23:04 | Z37: 09:25:13 | AA37: 129.7 | AB37: 是 | AC37: 是 | AD37: 是 | AE37: 无 | AF37: 9.23 | AG37: 0.881 | AH37: 0.931 | AI37: 0.975 | AJ37: 0.702 | AK37: FrozenUncertain | AL37: 否 | AM37: 0 | AN37: 2 | AO37: 否 | AP37: 6
A38: P006 | B38: 4 | C38: O2-S2-EA | D38: 2 | E38: 游戏手柄 | F38: gamepad | G38: 方法B | H38: One-Euro | I38: 2 | J38: 2 | K38: 3 | L38: 5 | M38: 3 | O38: 4 | P38: 4 | Q38: 2 | R38: 4 | S38: 5 | T38: 4 | U38: 4 | V38: 5 | W38: 1 | X38: 4 | Y38: 09:26:48 | Z38: 09:29:14 | AA38: 145.4 | AB38: 是 | AC38: 是 | AD38: 是 | AE38: 无 | AF38: 9.52 | AG38: 0.863 | AH38: 0.923 | AI38: 0.99 | AJ38: 0.81 | AK38: FrozenUncertain | AL38: 否 | AM38: 0 | AN38: 0 | AO38: 否 | AP38: 2 | AQ38: 灾难性恢复失效(>40mm 级)
A39: P006 | B39: 5 | C39: O2-S2-EA | D39: 3 | E39: 固定订书机 | F39: stapler | G39: 方法B | H39: One-Euro | I39: 1 | J39: 3 | K39: 4 | L39: 5 | M39: 4 | O39: 3 | P39: 5 | Q39: 5 | R39: 4 | S39: 5 | T39: 4 | U39: 4 | V39: 6 | W39: 4 | X39: 4 | Y39: 09:30:49 | Z39: 09:32:39 | AA39: 110 | AB39: 是 | AC39: 是 | AD39: 是 | AE39: 无 | AF39: 9.72 | AG39: 0.922 | AH39: 0.935 | AI39: 0.994 | AJ39: 0.686 | AK39: FrozenUncertain | AL39: 否 | AM39: 0 | AN39: 0 | AO39: 否 | AP39: 2
A40: P006 | B40: 6 | C40: O2-S2-EA | D40: 3 | E40: 固定订书机 | F40: stapler | G40: 方法A | H40: EgoAnchor | I40: 2 | J40: 3 | K40: 5 | L40: 5 | M40: 5 | O40: 4 | P40: 6 | Q40: 6 | R40: 6 | S40: 6 | T40: 5 | U40: 5 | V40: 5 | W40: 3 | X40: 6 | Y40: 09:34:14 | Z40: 09:36:09 | AA40: 115.5 | AB40: 是 | AC40: 是 | AD40: 是 | AE40: 无 | AF40: 9.86 | AG40: 0.959 | AH40: 0.979 | AI40: 1 | AJ40: 0.709 | AK40: FrozenUncertain | AL40: 否 | AM40: 0 | AN40: 5 | AO40: 是 | AP40: 4
A41: P007 | B41: 1 | C41: O2-S2-OE | D41: 1 | E41: 鼠标 | F41: blue_mouse | G41: 方法B | H41: EgoAnchor | I41: 1 | J41: 1 | K41: 6 | L41: 6 | M41: 6 | O41: 6 | P41: 6 | Q41: 5 | R41: 5 | S41: 6 | T41: 6 | U41: 6 | V41: 6 | W41: 6 | X41: 6 | Y41: 09:15:00 | Z41: 09:17:43 | AA41: 163.7 | AB41: 是 | AC41: 是 | AD41: 是 | AE41: 无 | AF41: 9.56 | AG41: 0.914 | AH41: 0.965 | AI41: 0.979 | AJ41: 0.735 | AK41: FrozenUncertain | AL41: 否 | AM41: 0 | AN41: 2 | AO41: 否 | AP41: 6
A42: P007 | B42: 2 | C42: O2-S2-OE | D42: 1 | E42: 鼠标 | F42: blue_mouse | G42: 方法A | H42: One-Euro | I42: 2 | J42: 1 | K42: 4 | L42: 5 | M42: 4 | O42: 4 | P42: 5 | Q42: 4 | R42: 4 | S42: 4 | T42: 4 | U42: 6 | V42: 5 | W42: 4 | X42: 4 | Y42: 09:19:18 | Z42: 09:22:05 | AA42: 167 | AB42: 是 | AC42: 是 | AD42: 是 | AE42: 无 | AF42: 9.54 | AG42: 0.915 | AH42: 0.953 | AI42: 0.977 | AJ42: 0.702 | AK42: FrozenUncertain | AL42: 否 | AM42: 0 | AN42: 0 | AO42: 否 | AP42: 4
A43: P007 | B43: 3 | C43: O2-S2-OE | D43: 2 | E43: 游戏手柄 | F43: gamepad | G43: 方法A | H43: One-Euro | I43: 1 | J43: 2 | K43: 5 | L43: 4 | M43: 5 | O43: 5 | P43: 5 | Q43: 3 | R43: 3 | S43: 5 | T43: 4 | U43: 4 | V43: 5 | W43: 4 | X43: 4 | Y43: 09:23:40 | Z43: 09:26:17 | AA43: 156.3 | AB43: 是 | AC43: 是 | AD43: 是 | AE43: 无 | AF43: 9.21 | AG43: 0.876 | AH43: 0.924 | AI43: 0.974 | AJ43: 0.793 | AK43: FrozenUncertain | AL43: 否 | AM43: 0 | AN43: 0 | AO43: 否 | AP43: 3 | AQ43: 灾难性恢复失效(>40mm 级)
A44: P007 | B44: 4 | C44: O2-S2-OE | D44: 2 | E44: 游戏手柄 | F44: gamepad | G44: 方法B | H44: EgoAnchor | I44: 2 | J44: 2 | K44: 5 | L44: 6 | M44: 5 | O44: 4 | P44: 5 | Q44: 4 | R44: 5 | S44: 6 | T44: 6 | U44: 7 | V44: 6 | W44: 4 | X44: 3 | Y44: 09:27:52 | Z44: 09:30:48 | AA44: 176.6 | AB44: 是 | AC44: 是 | AD44: 是 | AE44: 无 | AF44: 9.28 | AG44: 0.895 | AH44: 0.944 | AI44: 0.979 | AJ44: 0.723 | AK44: FrozenUncertain | AL44: 否 | AM44: 0 | AN44: 2 | AO44: 是 | AP44: 2
A45: P007 | B45: 5 | C45: O2-S2-OE | D45: 3 | E45: 固定订书机 | F45: stapler | G45: 方法B | H45: EgoAnchor | I45: 1 | J45: 3 | K45: 5 | L45: 5 | M45: 6 | O45: 6 | P45: 6 | Q45: 6 | R45: 6 | S45: 6 | T45: 6 | U45: 7 | V45: 6 | W45: 6 | X45: 6 | Y45: 09:32:23 | Z45: 09:34:57 | AA45: 153.6 | AB45: 是 | AC45: 是 | AD45: 是 | AE45: 无 | AF45: 9.62 | AG45: 0.921 | AH45: 0.958 | AI45: 0.99 | AJ45: 0.705 | AK45: FrozenUncertain | AL45: 否 | AM45: 0 | AN45: 2 | AO45: 否 | AP45: 7
A46: P007 | B46: 6 | C46: O2-S2-OE | D46: 3 | E46: 固定订书机 | F46: stapler | G46: 方法A | H46: One-Euro | I46: 2 | J46: 3 | K46: 2 | L46: 7 | M46: 7 | O46: 4 | P46: 6 | Q46: 6 | R46: 6 | S46: 6 | T46: 6 | U46: 4 | V46: 6 | W46: 6 | X46: 6 | Y46: 09:36:32 | Z46: 09:38:47 | AA46: 135.5 | AB46: 是 | AC46: 是 | AD46: 是 | AE46: 无 | AF46: 9.81 | AG46: 0.937 | AH46: 0.96 | AI46: 0.996 | AJ46: 0.732 | AK46: FrozenUncertain | AL46: 否 | AM46: 0 | AN46: 0 | AO46: 是 | AP46: 5
A47: P008 | B47: 1 | C47: O2-S1-OE | D47: 1 | E47: 鼠标 | F47: blue_mouse | G47: 方法A | H47: One-Euro | I47: 1 | J47: 1 | K47: 5 | L47: 5 | M47: 4 | O47: 5 | P47: 5 | Q47: 4 | R47: 5 | S47: 5 | T47: 5 | U47: 5 | V47: 6 | W47: 3 | X47: 4 | Y47: 09:15:00 | Z47: 09:17:22 | AA47: 142.6 | AB47: 是 | AC47: 是 | AD47: 是 | AE47: 无 | AF47: 9.62 | AG47: 0.892 | AH47: 0.959 | AI47: 0.981 | AJ47: 0.841 | AK47: FrozenUncertain | AL47: 否 | AM47: 0 | AN47: 0 | AO47: 否 | AP47: 4
A48: P008 | B48: 2 | C48: O2-S1-OE | D48: 1 | E48: 鼠标 | F48: blue_mouse | G48: 方法B | H48: EgoAnchor | I48: 2 | J48: 1 | K48: 6 | L48: 4 | M48: 5 | O48: 4 | P48: 4 | Q48: 3 | R48: 4 | S48: 4 | T48: 5 | U48: 5 | V48: 5 | W48: 6 | X48: 6 | Y48: 09:18:57 | Z48: 09:21:20 | AA48: 143 | AB48: 是 | AC48: 是 | AD48: 是 | AE48: 无 | AF48: 9.67 | AG48: 0.902 | AH48: 0.932 | AI48: 0.988 | AJ48: 1.017 | AK48: Lost | AL48: 是 | AM48: 1 | AN48: 8 | AO48: 否 | AP48: 3
A49: P008 | B49: 3 | C49: O2-S1-OE | D49: 2 | E49: 游戏手柄 | F49: gamepad | G49: 方法B | H49: EgoAnchor | I49: 1 | J49: 2 | K49: 6 | L49: 4 | M49: 4 | O49: 3 | P49: 4 | Q49: 3 | R49: 5 | S49: 5 | T49: 5 | U49: 4 | V49: 4 | W49: 5 | X49: 5 | Y49: 09:22:55 | Z49: 09:24:46 | AA49: 110.7 | AB49: 是 | AC49: 是 | AD49: 是 | AE49: 无 | AF49: 9.28 | AG49: 0.854 | AH49: 0.92 | AI49: 0.981 | AJ49: 0.714 | AK49: FrozenUncertain | AL49: 否 | AM49: 0 | AN49: 3 | AO49: 否 | AP49: 3
A50: P008 | B50: 4 | C50: O2-S1-OE | D50: 2 | E50: 游戏手柄 | F50: gamepad | G50: 方法A | H50: One-Euro | I50: 2 | J50: 2 | K50: 4 | L50: 5 | M50: 4 | O50: 5 | P50: 5 | Q50: 4 | R50: 4 | S50: 5 | T50: 5 | U50: 6 | V50: 6 | W50: 4 | X50: 5 | Y50: 09:26:21 | Z50: 09:28:22 | AA50: 121.2 | AB50: 是 | AC50: 是 | AD50: 是 | AE50: 无 | AF50: 9.1 | AG50: 0.863 | AH50: 0.912 | AI50: 0.991 | AJ50: 0.786 | AK50: FrozenUncertain | AL50: 否 | AM50: 1 | AN50: 0 | AO50: 否 | AP50: 2
A51: P008 | B51: 5 | C51: O2-S1-OE | D51: 3 | E51: 固定订书机 | F51: stapler | G51: 方法A | H51: One-Euro | I51: 1 | J51: 3 | K51: 6 | L51: 6 | M51: 6 | O51: 5 | P51: 4 | Q51: 6 | R51: 6 | S51: 4 | T51: 5 | U51: 7 | V51: 4 | W51: 4 | X51: 6 | Y51: 09:29:57 | Z51: 09:31:54 | AA51: 117 | AB51: 是 | AC51: 是 | AD51: 是 | AE51: 无 | AF51: 9.52 | AG51: 0.931 | AH51: 0.95 | AI51: 0.988 | AJ51: 0.699 | AK51: FrozenUncertain | AL51: 否 | AM51: 0 | AN51: 0 | AO51: 是 | AP51: 3
A52: P008 | B52: 6 | C52: O2-S1-OE | D52: 3 | E52: 固定订书机 | F52: stapler | G52: 方法B | H52: EgoAnchor | I52: 2 | J52: 3 | K52: 6 | L52: 6 | M52: 4 | O52: 4 | P52: 5 | Q52: 5 | R52: 6 | S52: 6 | T52: 6 | U52: 6 | V52: 6 | W52: 5 | X52: 6 | Y52: 09:33:29 | Z52: 09:35:29 | AA52: 119.6 | AB52: 是 | AC52: 是 | AD52: 是 | AE52: 无 | AF52: 9.32 | AG52: 0.955 | AH52: 0.941 | AI52: 0.984 | AJ52: 0.763 | AK52: FrozenUncertain | AL52: 否 | AM52: 0 | AN52: 4 | AO52: 否 | AP52: 5
A53: P009 | B53: 1 | C53: O3-S1-EA | D53: 1 | E53: 固定订书机 | F53: stapler | G53: 方法A | H53: EgoAnchor | I53: 1 | J53: 1 | K53: 7 | L53: 5 | M53: 5 | O53: 5 | P53: 6 | Q53: 6 | R53: 6 | S53: 6 | T53: 6 | U53: 6 | V53: 6 | W53: 6 | X53: 6 | Y53: 09:15:00 | Z53: 09:16:36 | AA53: 96.5 | AB53: 是 | AC53: 是 | AD53: 是 | AE53: 无 | AF53: 9.71 | AG53: 0.972 | AH53: 0.957 | AI53: 0.989 | AJ53: 0.678 | AK53: FrozenUncertain | AL53: 否 | AM53: 0 | AN53: 9 | AO53: 否 | AP53: 9
A54: P009 | B54: 2 | C54: O3-S1-EA | D54: 1 | E54: 固定订书机 | F54: stapler | G54: 方法B | H54: One-Euro | I54: 2 | J54: 1 | K54: 4 | L54: 5 | M54: 5 | O54: 6 | P54: 5 | Q54: 5 | R54: 4 | S54: 5 | T54: 6 | U54: 7 | V54: 6 | W54: 5 | X54: 6 | Y54: 09:18:11 | Z54: 09:20:07 | AA54: 116.4 | AB54: 是 | AC54: 是 | AD54: 是 | AE54: 无 | AF54: 9.92 | AG54: 0.921 | AH54: 0.957 | AI54: 0.987 | AJ54: 0.811 | AK54: FrozenUncertain | AL54: 否 | AM54: 0 | AN54: 0 | AO54: 否 | AP54: 2
A55: P009 | B55: 3 | C55: O3-S1-EA | D55: 2 | E55: 鼠标 | F55: blue_mouse | G55: 方法B | H55: One-Euro | I55: 1 | J55: 2 | K55: 5 | L55: 5 | M55: 5 | O55: 6 | P55: 5 | Q55: 5 | R55: 6 | S55: 5 | T55: 5 | U55: 6 | V55: 4 | W55: 5 | X55: 6 | Y55: 09:21:42 | Z55: 09:23:33 | AA55: 110.2 | AB55: 是 | AC55: 是 | AD55: 是 | AE55: 无 | AF55: 9.48 | AG55: 0.921 | AH55: 0.965 | AI55: 0.99 | AJ55: 0.828 | AK55: FrozenUncertain | AL55: 否 | AM55: 0 | AN55: 0 | AO55: 否 | AP55: 3
... A68: P011 | B68: 4 | C68: O3-S2-OE | D68: 2 | E68: 鼠标 | F68: blue_mouse | G68: 方法B | H68: EgoAnchor | I68: 2 | J68: 2 | K68: 6 | L68: 6 | M68: 5 | O68: 6 | P68: 6 | Q68: 5 | R68: 5 | S68: 5 | T68: 6 | U68: 6 | V68: 6 | W68: 6 | X68: 6 | Y68: 09:26:50 | Z68: 09:29:29 | AA68: 159.2 | AB68: 是 | AC68: 是 | AD68: 是 | AE68: 无 | AF68: 9.63 | AG68: 0.855 | AH68: 0.96 | AI68: 0.977 | AJ68: 0.724 | AK68: FrozenUncertain | AL68: 否 | AM68: 0 | AN68: 5 | AO68: 否 | AP68: 5
A69: P011 | B69: 5 | C69: O3-S2-OE | D69: 3 | E69: 游戏手柄 | F69: gamepad | G69: 方法B | H69: EgoAnchor | I69: 1 | J69: 3 | K69: 5 | L69: 4 | M69: 5 | O69: 4 | P69: 5 | Q69: 4 | R69: 5 | S69: 4 | T69: 5 | U69: 6 | V69: 5 | W69: 6 | X69: 5 | Y69: 09:31:04 | Z69: 09:33:36 | AA69: 152 | AB69: 是 | AC69: 是 | AD69: 是 | AE69: 无 | AF69: 9.37 | AG69: 0.873 | AH69: 0.933 | AI69: 0.98 | AJ69: 1.031 | AK69: Lost | AL69: 是 | AM69: 1 | AN69: 4 | AO69: 否 | AP69: 1 | AQ69: StaticLock 锁在略偏位姿
A70: P011 | B70: 6 | C70: O3-S2-OE | D70: 3 | E70: 游戏手柄 | F70: gamepad | G70: 方法A | H70: One-Euro | I70: 2 | J70: 3 | K70: 4 | L70: 5 | M70: 5 | O70: 5 | P70: 5 | Q70: 6 | R70: 6 | S70: 5 | T70: 5 | U70: 6 | V70: 5 | W70: 5 | X70: 5 | Y70: 09:35:11 | Z70: 09:37:22 | AA70: 130.5 | AB70: 是 | AC70: 是 | AD70: 是 | AE70: 无 | AF70: 9.3 | AG70: 0.896 | AH70: 0.935 | AI70: 0.988 | AJ70: 0.795 | AK70: FrozenUncertain | AL70: 否 | AM70: 1 | AN70: 0 | AO70: 否 | AP70: 4
A71: P012 | B71: 1 | C71: O3-S1-OE | D71: 1 | E71: 固定订书机 | F71: stapler | G71: 方法A | H71: One-Euro | I71: 1 | J71: 1 | K71: 4 | L71: 6 | M71: 5 | O71: 6 | P71: 5 | Q71: 4 | R71: 5 | S71: 6 | T71: 6 | U71: 6 | V71: 6 | W71: 4 | X71: 5 | Y71: 09:15:00 | Z71: 09:16:55 | AA71: 115.9 | AB71: 是 | AC71: 是 | AD71: 是 | AE71: 无 | AF71: 9.56 | AG71: 0.941 | AH71: 0.974 | AI71: 0.986 | AJ71: 0.767 | AK71: FrozenUncertain | AL71: 否 | AM71: 0 | AN71: 0 | AO71: 否 | AP71: 4
A72: P012 | B72: 2 | C72: O3-S1-OE | D72: 1 | E72: 固定订书机 | F72: stapler | G72: 方法B | H72: EgoAnchor | I72: 2 | J72: 1 | K72: 7 | L72: 4 | M72: 5 | O72: 4 | P72: 4 | Q72: 5 | R72: 4 | S72: 5 | T72: 5 | U72: 7 | V72: 6 | W72: 4 | X72: 4 | Y72: 09:18:30 | Z72: 09:20:32 | AA72: 122 | AB72: 是 | AC72: 是 | AD72: 是 | AE72: 无 | AF72: 9.57 | AG72: 0.898 | AH72: 0.962 | AI72: 0.985 | AJ72: 0.75 | AK72: FrozenUncertain | AL72: 否 | AM72: 0 | AN72: 2 | AO72: 否 | AP72: 2 | AQ72: StaticLock 锁在略偏位姿
A73: P012 | B73: 3 | C73: O3-S1-OE | D73: 2 | E73: 鼠标 | F73: blue_mouse | G73: 方法B | H73: EgoAnchor | I73: 1 | J73: 2 | K73: 7 | L73: 5 | M73: 6 | O73: 4 | P73: 6 | Q73: 4 | R73: 6 | S73: 7 | T73: 5 | U73: 7 | V73: 6 | W73: 5 | X73: 5 | Y73: 09:22:07 | Z73: 09:24:07 | AA73: 119.8 | AB73: 是 | AC73: 是 | AD73: 是 | AE73: 无 | AF73: 9.35 | AG73: 0.875 | AH73: 0.937 | AI73: 0.992 | AJ73: 0.761 | AK73: FrozenUncertain | AL73: 否 | AM73: 0 | AN73: 2 | AO73: 否 | AP73: 2
A74: P012 | B74: 4 | C74: O3-S1-OE | D74: 2 | E74: 鼠标 | F74: blue_mouse | G74: 方法A | H74: One-Euro | I74: 2 | J74: 2 | K74: 3 | L74: 4 | M74: 3 | O74: 5 | P74: 4 | Q74: 4 | R74: 4 | S74: 4 | T74: 4 | U74: 6 | V74: 4 | W74: 3 | X74: 4 | Y74: 09:25:42 | Z74: 09:27:49 | AA74: 126.7 | AB74: 是 | AC74: 是 | AD74: 是 | AE74: 无 | AF74: 9.33 | AG74: 0.895 | AH74: 0.955 | AI74: 0.995 | AJ74: 0.709 | AK74: FrozenUncertain | AL74: 否 | AM74: 0 | AN74: 0 | AO74: 否 | AP74: 5
A75: P012 | B75: 5 | C75: O3-S1-OE | D75: 3 | E75: 游戏手柄 | F75: gamepad | G75: 方法A | H75: One-Euro | I75: 1 | J75: 3 | K75: 3 | L75: 5 | M75: 5 | O75: 5 | P75: 5 | Q75: 4 | R75: 4 | S75: 4 | T75: 4 | U75: 6 | V75: 4 | W75: 3 | X75: 4 | Y75: 09:29:24 | Z75: 09:31:41 | AA75: 137.2 | AB75: 是 | AC75: 是 | AD75: 是 | AE75: 无 | AF75: 9.24 | AG75: 0.89 | AH75: 0.923 | AI75: 0.977 | AJ75: 0.766 | AK75: FrozenUncertain | AL75: 否 | AM75: 0 | AN75: 0 | AO75: 否 | AP75: 4
A76: P012 | B76: 6 | C76: O3-S1-OE | D76: 3 | E76: 游戏手柄 | F76: gamepad | G76: 方法B | H76: EgoAnchor | I76: 2 | J76: 3 | K76: 6 | L76: 3 | M76: 4 | O76: 4 | P76: 4 | Q76: 5 | R76: 6 | S76: 5 | T76: 5 | U76: 6 | V76: 5 | W76: 4 | X76: 4 | Y76: 09:33:16 | Z76: 09:35:33 | AA76: 137.2 | AB76: 是 | AC76: 是 | AD76: 是 | AE76: 无 | AF76: 9.08 | AG76: 0.896 | AH76: 0.91 | AI76: 0.99 | AJ76: 0.773 | AK76: FrozenUncertain | AL76: 否 | AM76: 0 | AN76: 6 | AO76: 否 | AP76: 3
A77: P013 | B77: 1 | C77: O4-S1-EA | D77: 1 | E77: 固定订书机 | F77: stapler | G77: 方法A | H77: EgoAnchor | I77: 1 | J77: 1 | K77: 5 | L77: 6 | M77: 6 | O77: 5 | P77: 5 | Q77: 6 | R77: 6 | S77: 6 | T77: 6 | U77: 6 | V77: 5 | W77: 6 | X77: 5 | Y77: 09:15:00 | Z77: 09:17:14 | AA77: 134.3 | AB77: 是 | AC77: 是 | AD77: 是 | AE77: 无 | AF77: 9.82 | AG77: 0.95 | AH77: 0.956 | AI77: 0.992 | AJ77: 0.835 | AK77: FrozenUncertain | AL77: 否 | AM77: 0 | AN77: 9 | AO77: 否 | AP77: 5
A78: P013 | B78: 2 | C78: O4-S1-EA | D78: 1 | E78: 固定订书机 | F78: stapler | G78: 方法B | H78: One-Euro | I78: 2 | J78: 1 | K78: 6 | L78: 5 | M78: 6 | O78: 6 | P78: 5 | Q78: 4 | R78: 5 | S78: 6 | T78: 7 | U78: 7 | V78: 6 | W78: 4 | X78: 5 | Y78: 09:18:49 | Z78: 09:21:13 | AA78: 144.2 | AB78: 是 | AC78: 是 | AD78: 是 | AE78: 无 | AF78: 9.53 | AG78: 0.946 | AH78: 0.947 | AI78: 0.989 | AJ78: 0.771 | AK78: FrozenUncertain | AL78: 否 | AM78: 0 | AN78: 0 | AO78: 否 | AP78: 2
A79: P013 | B79: 3 | C79: O4-S1-EA | D79: 2 | E79: 游戏手柄 | F79: gamepad | G79: 方法B | H79: One-Euro | I79: 1 | J79: 2 | K79: 4 | L79: 6 | M79: 5 | O79: 5 | P79: 5 | Q79: 5 | R79: 5 | S79: 6 | T79: 5 | U79: 5 | V79: 5 | W79: 5 | X79: 4 | Y79: 09:22:48 | Z79: 09:25:11 | AA79: 143.2 | AB79: 是 | AC79: 是 | AD79: 是 | AE79: 无 | AF79: 9.13 | AG79: 0.859 | AH79: 0.948 | AI79: 0.983 | AJ79: 0.67 | AK79: FrozenUncertain | AL79: 否 | AM79: 0 | AN79: 0 | AO79: 否 | AP79: 5
A80: P013 | B80: 4 | C80: O4-S1-EA | D80: 2 | E80: 游戏手柄 | F80: gamepad | G80: 方法A | H80: EgoAnchor | I80: 2 | J80: 2 | K80: 6 | L80: 5 | M80: 5 | O80: 5 | P80: 5 | Q80: 5 | R80: 5 | S80: 5 | T80: 6 | U80: 5 | V80: 5 | W80: 5 | X80: 5 | Y80: 09:26:46 | Z80: 09:28:48 | AA80: 122 | AB80: 是 | AC80: 是 | AD80: 是 | AE80: 无 | AF80: 9.5 | AG80: 0.87 | AH80: 0.925 | AI80: 0.986 | AJ80: 0.726 | AK80: FrozenUncertain | AL80: 否 | AM80: 0 | AN80: 9 | AO80: 否 | AP80: 7
A81: P013 | B81: 5 | C81: O4-S1-EA | D81: 3 | E81: 鼠标 | F81: blue_mouse | G81: 方法A | H81: EgoAnchor | I81: 1 | J81: 3 | K81: 6 | L81: 5 | M81: 5 | O81: 5 | P81: 5 | Q81: 4 | R81: 5 | S81: 5 | T81: 6 | U81: 5 | V81: 5 | W81: 6 | X81: 5 | Y81: 09:30:23 | Z81: 09:32:48 | AA81: 145.1 | AB81: 是 | AC81: 是 | AD81: 是 | AE81: 无 | AF81: 9.45 | AG81: 0.91 | AH81: 0.927 | AI81: 0.995 | AJ81: 0.733 | AK81: FrozenUncertain | AL81: 否 | AM81: 0 | AN81: 2 | AO81: 否 | AP81: 4
A82: P013 | B82: 6 | C82: O4-S1-EA | D82: 3 | E82: 鼠标 | F82: blue_mouse | G82: 方法B | H82: One-Euro | I82: 2 | J82: 3 | K82: 5 | L82: 5 | M82: 5 | O82: 5 | P82: 6 | Q82: 4 | R82: 5 | S82: 5 | T82: 5 | U82: 6 | V82: 6 | W82: 4 | X82: 5 | Y82: 09:34:23 | Z82: 09:36:17 | AA82: 113.4 | AB82: 是 | AC82: 是 | AD82: 是 | AE82: 无 | AF82: 9.31 | AG82: 0.9 | AH82: 0.921 | AI82: 0.983 | AJ82: 0.721 | AK82: FrozenUncertain | AL82: 否 | AM82: 0 | AN82: 0 | AO82: 否 | AP82: 4
A83: P014 | B83: 1 | C83: O4-S2-EA | D83: 1 | E83: 固定订书机 | F83: stapler | G83: 方法B | H83: One-Euro | I83: 1 | J83: 1 | K83: 5 | L83: 5 | M83: 4 | O83: 5 | P83: 4 | Q83: 1 | R83: 4 | S83: 6 | T83: 5 | U83: 7 | V83: 5 | W83: 1 | X83: 5 | Y83: 09:15:00 | Z83: 09:17:10 | AA83: 130.4 | AB83: 是 | AC83: 是 | AD83: 是 | AE83: 无 | AF83: 9.38 | AG83: 0.907 | AH83: 0.952 | AI83: 0.983 | AJ83: 0.788 | AK83: FrozenUncertain | AL83: 否 | AM83: 0 | AN83: 0 | AO83: 否 | AP83: 2 | AQ83: 灾难性恢复失效(>40mm 级)
A84: P014 | B84: 2 | C84: O4-S2-EA | D84: 1 | E84: 固定订书机 | F84: stapler | G84: 方法A | H84: EgoAnchor | I84: 2 | J84: 1 | K84: 5 | L84: 6 | M84: 5 | O84: 6 | P84: 6 | Q84: 5 | R84: 6 | S84: 6 | T84: 7 | U84: 7 | V84: 6 | W84: 5 | X84: 6 | Y84: 09:18:45 | Z84: 09:21:08 | AA84: 143.3 | AB84: 是 | AC84: 是 | AD84: 是 | AE84: 无 | AF84: 9.47 | AG84: 0.954 | AH84: 0.945 | AI84: 0.988 | AJ84: 0.7 | AK84: FrozenUncertain | AL84: 否 | AM84: 0 | AN84: 3 | AO84: 否 | AP84: 2
A85: P014 | B85: 3 | C85: O4-S2-EA | D85: 2 | E85: 游戏手柄 | F85: gamepad | G85: 方法A | H85: EgoAnchor | I85: 1 | J85: 2 | K85: 5 | L85: 5 | M85: 4 | O85: 5 | P85: 5 | Q85: 5 | R85: 5 | S85: 6 | T85: 5 | U85: 6 | V85: 6 | W85: 6 | X85: 6 | Y85: 09:22:43 | Z85: 09:24:52 | AA85: 128.3 | AB85: 是 | AC85: 是 | AD85: 是 | AE85: 无 | AF85: 9.18 | AG85: 0.87 | AH85: 0.923 | AI85: 0.981 | AJ85: 0.733 | AK85: FrozenUncertain | AL85: 否 | AM85: 0 | AN85: 3 | AO85: 否 | AP85: 4
A86: P014 | B86: 4 | C86: O4-S2-EA | D86: 2 | E86: 游戏手柄 | F86: gamepad | G86: 方法B | H86: One-Euro | I86: 2 | J86: 2 | K86: 3 | L86: 5 | M86: 4 | O86: 4 | P86: 4 | Q86: 3 | R86: 4 | S86: 4 | T86: 4 | U86: 6 | V86: 4 | W86: 3 | X86: 4 | Y86: 09:26:27 | Z86: 09:28:48 | AA86: 141.4 | AB86: 是 | AC86: 是 | AD86: 是 | AE86: 无 | AF86: 9.36 | AG86: 0.885 | AH86: 0.93 | AI86: 0.975 | AJ86: 0.763 | AK86: FrozenUncertain | AL86: 否 | AM86: 0 | AN86: 0 | AO86: 否 | AP86: 3
A87: P014 | B87: 5 | C87: O4-S2-EA | D87: 3 | E87: 鼠标 | F87: blue_mouse | G87: 方法B | H87: One-Euro | I87: 1 | J87: 3 | K87: 3 | L87: 4 | M87: 4 | O87: 5 | P87: 5 | Q87: 5 | R87: 4 | S87: 5 | T87: 5 | U87: 7 | V87: 5 | W87: 5 | X87: 4 | Y87: 09:30:23 | Z87: 09:32:33 | AA87: 129.8 | AB87: 是 | AC87: 是 | AD87: 是 | AE87: 无 | AF87: 9.63 | AG87: 0.89 | AH87: 0.921 | AI87: 0.99 | AJ87: 0.71 | AK87: FrozenUncertain | AL87: 否 | AM87: 0 | AN87: 0 | AO87: 否 | AP87: 3
A88: P014 | B88: 6 | C88: O4-S2-EA | D88: 3 | E88: 鼠标 | F88: blue_mouse | G88: 方法A | H88: EgoAnchor | I88: 2 | J88: 3 | K88: 6 | L88: 5 | M88: 4 | O88: 5 | P88: 4 | Q88: 4 | R88: 5 | S88: 5 | T88: 5 | U88: 6 | V88: 5 | W88: 4 | X88: 6 | Y88: 09:34:08 | Z88: 09:36:28 | AA88: 140.7 | AB88: 是 | AC88: 是 | AD88: 是 | AE88: 无 | AF88: 9.66 | AG88: 0.918 | AH88: 0.941 | AI88: 0.991 | AJ88: 0.75 | AK88: FrozenUncertain | AL88: 否 | AM88: 0 | AN88: 3 | AO88: 否 | AP88: 3
A89: P015 | B89: 1 | C89: O4-S2-OE | D89: 1 | E89: 固定订书机 | F89: stapler | G89: 方法B | H89: EgoAnchor | I89: 1 | J89: 1 | K89: 7 | L89: 4 | M89: 4 | O89: 5 | P89: 5 | Q89: 5 | R89: 5 | S89: 4 | T89: 5 | U89: 5 | V89: 6 | W89: 5 | X89: 4 | Y89: 09:15:00 | Z89: 09:17:10 | AA89: 130.8 | AB89: 是 | AC89: 是 | AD89: 是 | AE89: 无 | AF89: 9.56 | AG89: 0.957 | AH89: 0.96 | AI89: 0.985 | AJ89: 0.792 | AK89: FrozenUncertain | AL89: 否 | AM89: 0 | AN89: 6 | AO89: 否 | AP89: 4 | AQ89: StaticLock 锁在略偏位姿
A90: P015 | B90: 2 | C90: O4-S2-OE | D90: 1 | E90: 固定订书机 | F90: stapler | G90: 方法A | H90: One-Euro | I90: 2 | J90: 1 | K90: 5 | L90: 6 | M90: 5 | O90: 5 | P90: 5 | Q90: 5 | R90: 5 | S90: 6 | T90: 6 | U90: 7 | V90: 5 | W90: 4 | X90: 6 | Y90: 09:18:45 | Z90: 09:20:42 | AA90: 116.8 | AB90: 是 | AC90: 是 | AD90: 是 | AE90: 无 | AF90: 9.82 | AG90: 0.894 | AH90: 0.948 | AI90: 0.996 | AJ90: 0.739 | AK90: FrozenUncertain | AL90: 否 | AM90: 0 | AN90: 0 | AO90: 否 | AP90: 5
A91: P015 | B91: 3 | C91: O4-S2-OE | D91: 2 | E91: 游戏手柄 | F91: gamepad | G91: 方法A | H91: One-Euro | I91: 1 | J91: 2 | K91: 4 | L91: 5 | M91: 4 | O91: 6 | P91: 4 | Q91: 4 | R91: 5 | S91: 5 | T91: 4 | U91: 6 | V91: 5 | W91: 3 | X91: 4 | Y91: 09:22:17 | Z91: 09:24:13 | AA91: 116.3 | AB91: 是 | AC91: 是 | AD91: 是 | AE91: 无 | AF91: 9.45 | AG91: 0.868 | AH91: 0.922 | AI91: 0.971 | AJ91: 0.815 | AK91: FrozenUncertain | AL91: 否 | AM91: 0 | AN91: 0 | AO91: 否 | AP91: 2
A92: P015 | B92: 4 | C92: O4-S2-OE | D92: 2 | E92: 游戏手柄 | F92: gamepad | G92: 方法B | H92: EgoAnchor | I92: 2 | J92: 2 | K92: 6 | L92: 4 | M92: 3 | O92: 5 | P92: 5 | Q92: 5 | R92: 5 | S92: 4 | T92: 6 | U92: 6 | V92: 5 | W92: 5 | X92: 4 | Y92: 09:25:48 | Z92: 09:27:07 | AA92: 78.3 | AB92: 是 | AC92: 是 | AD92: 是 | AE92: 无 | AF92: 9.13 | AG92: 0.859 | AH92: 0.944 | AI92: 0.969 | AJ92: 0.739 | AK92: FrozenUncertain | AL92: 否 | AM92: 0 | AN92: 7 | AO92: 否 | AP92: 4
A93: P015 | B93: 5 | C93: O4-S2-OE | D93: 3 | E93: 鼠标 | F93: blue_mouse | G93: 方法B | H93: EgoAnchor | I93: 1 | J93: 3 | K93: 6 | L93: 4 | M93: 4 | O93: 5 | P93: 5 | Q93: 4 | R93: 5 | S93: 4 | T93: 4 | U93: 4 | V93: 5 | W93: 4 | X93: 5 | Y93: 09:28:42 | Z93: 09:30:25 | AA93: 103.7 | AB93: 是 | AC93: 是 | AD93: 是 | AE93: 无 | AF93: 9.71 | AG93: 0.918 | AH93: 0.936 | AI93: 0.987 | AJ93: 0.756 | AK93: FrozenUncertain | AL93: 否 | AM93: 0 | AN93: 7 | AO93: 否 | AP93: 3
A94: P015 | B94: 6 | C94: O4-S2-OE | D94: 3 | E94: 鼠标 | F94: blue_mouse | G94: 方法A | H94: One-Euro | I94: 2 | J94: 3 | K94: 4 | L94: 5 | M94: 4 | O94: 4 | P94: 4 | Q94: 4 | R94: 4 | S94: 6 | T94: 6 | U94: 6 | V94: 4 | W94: 4 | X94: 5 | Y94: 09:32:00 | Z94: 09:33:42 | AA94: 101.1 | AB94: 是 | AC94: 是 | AD94: 是 | AE94: 无 | AF94: 9.3 | AG94: 0.9 | AH94: 0.933 | AI94: 0.973 | AJ94: 0.784 | AK94: FrozenUncertain | AL94: 否 | AM94: 0 | AN94: 0 | AO94: 否 | AP94: 5
A95: P016 | B95: 1 | C95: O4-S1-OE | D95: 1 | E95: 固定订书机 | F95: stapler | G95: 方法A | H95: One-Euro | I95: 1 | J95: 1 | K95: 5 | L95: 5 | M95: 5 | O95: 6 | P95: 5 | Q95: 4 | R95: 5 | S95: 6 | T95: 6 | U95: 6 | V95: 6 | W95: 5 | X95: 5 | Y95: 09:15:00 | Z95: 09:18:26 | AA95: 206.3 | AB95: 是 | AC95: 是 | AD95: 是 | AE95: 无 | AF95: 9.47 | AG95: 0.941 | AH95: 0.971 | AI95: 0.99 | AJ95: 0.693 | AK95: FrozenUncertain | AL95: 否 | AM95: 0 | AN95: 0 | AO95: 否 | AP95: 4
A96: P016 | B96: 2 | C96: O4-S1-OE | D96: 1 | E96: 固定订书机 | F96: stapler | G96: 方法B | H96: EgoAnchor | I96: 2 | J96: 1 | K96: 5 | L96: 5 | M96: 6 | O96: 6 | P96: 5 | Q96: 5 | R96: 6 | S96: 5 | T96: 6 | U96: 7 | V96: 6 | W96: 6 | X96: 5 | Y96: 09:20:01 | Z96: 09:23:06 | AA96: 184.9 | AB96: 是 | AC96: 是 | AD96: 是 | AE96: 无 | AF96: 9.83 | AG96: 0.971 | AH96: 0.974 | AI96: 0.992 | AJ96: 0.766 | AK96: FrozenUncertain | AL96: 否 | AM96: 0 | AN96: 4 | AO96: 否 | AP96: 2 | AQ96: StaticLock 锁在略偏位姿
A97: P016 | B97: 3 | C97: O4-S1-OE | D97: 2 | E97: 游戏手柄 | F97: gamepad | G97: 方法B | H97: EgoAnchor | I97: 1 | J97: 2 | K97: 6 | L97: 5 | M97: 4 | O97: 5 | P97: 6 | Q97: 6 | R97: 5 | S97: 6 | T97: 5 | U97: 6 | V97: 6 | W97: 6 | X97: 4 | Y97: 09:24:41 | Z97: 09:27:50 | AA97: 189 | AB97: 是 | AC97: 是 | AD97: 是 | AE97: 无 | AF97: 9.34 | AG97: 0.867 | AH97: 0.926 | AI97: 0.983 | AJ97: 0.715 | AK97: FrozenUncertain | AL97: 否 | AM97: 0 | AN97: 4 | AO97: 否 | AP97: 3
A98: P016 | B98: 4 | C98: O4-S1-OE | D98: 2 | E98: 游戏手柄 | F98: gamepad | G98: 方法A | H98: One-Euro | I98: 2 | J98: 2 | K98: 5 | L98: 5 | M98: 5 | O98: 5 | P98: 4 | Q98: 5 | R98: 5 | S98: 5 | T98: 5 | U98: 7 | V98: 5 | W98: 5 | X98: 5 | Y98: 09:29:25 | Z98: 09:32:38 | AA98: 193.2 | AB98: 是 | AC98: 是 | AD98: 是 | AE98: 无 | AF98: 9.31 | AG98: 0.864 | AH98: 0.93 | AI98: 0.977 | AJ98: 0.847 | AK98: FrozenUncertain | AL98: 否 | AM98: 0 | AN98: 0 | AO98: 否 | AP98: 4
A99: P016 | B99: 5 | C99: O4-S1-OE | D99: 3 | E99: 鼠标 | F99: blue_mouse | G99: 方法A | H99: One-Euro | I99: 1 | J99: 3 | K99: 4 | L99: 4 | M99: 4 | O99: 5 | P99: 5 | Q99: 4 | R99: 4 | S99: 4 | T99: 4 | U99: 4 | V99: 6 | W99: 6 | X99: 4 | Y99: 09:34:13 | Z99: 09:37:07 | AA99: 174.1 | AB99: 是 | AC99: 是 | AD99: 是 | AE99: 无 | AF99: 9.64 | AG99: 0.911 | AH99: 0.928 | AI99: 0.974 | AJ99: 0.742 | AK99: FrozenUncertain | AL99: 否 | AM99: 0 | AN99: 0 | AO99: 否 | AP99: 5
A100: P016 | B100: 6 | C100: O4-S1-OE | D100: 3 | E100: 鼠标 | F100: blue_mouse | G100: 方法B | H100: EgoAnchor | I100: 2 | J100: 3 | K100: 5 | L100: 5 | M100: 5 | O100: 5 | P100: 5 | Q100: 5 | R100: 5 | S100: 5 | T100: 5 | U100: 6 | V100: 6 | W100: 6 | X100: 6 | Y100: 09:38:42 | Z100: 09:41:45 | AA100: 183.1 | AB100: 是 | AC100: 是 | AD100: 是 | AE100: 无 | AF100: 9.52 | AG100: 0.869 | AH100: 0.949 | AI100: 0.984 | AJ100: 0.753 | AK100: FrozenUncertain | AL100: 否 | AM100: 0 | AN100: 6 | AO100: 否 | AP100: 9
A101: P017 | B101: 1 | C101: O5-S1-EA | D101: 1 | E101: 游戏手柄 | F101: gamepad | G101: 方法A | H101: EgoAnchor | I101: 1 | J101: 1 | K101: 5 | L101: 4 | M101: 3 | O101: 4 | P101: 5 | Q101: 4 | R101: 6 | S101: 5 | T101: 5 | U101: 6 | V101: 5 | W101: 6 | X101: 5 | Y101: 09:15:00 | Z101: 09:17:34 | AA101: 154.5 | AB101: 是 | AC101: 是 | AD101: 是 | AE101: 无 | AF101: 9.23 | AG101: 0.855 | AH101: 0.942 | AI101: 0.982 | AJ101: 0.755 | AK101: FrozenUncertain | AL101: 否 | AM101: 0 | AN101: 7 | AO101: 否 | AP101: 2
A102: P017 | B102: 2 | C102: O5-S1-EA | D102: 1 | E102: 游戏手柄 | F102: gamepad | G102: 方法B | H102: One-Euro | I102: 2 | J102: 1 | K102: 5 | L102: 5 | M102: 6 | O102: 5 | P102: 4 | Q102: 2 | R102: 5 | S102: 6 | T102: 5 | U102: 7 | V102: 5 | W102: 2 | X102: 4 | Y102: 09:19:09 | Z102: 09:21:51 | AA102: 161.7 | AB102: 是 | AC102: 是 | AD102: 是 | AE102: 无 | AF102: 9.22 | AG102: 0.9 | AH102: 0.928 | AI102: 0.981 | AJ102: 0.68 | AK102: FrozenUncertain | AL102: 否 | AM102: 0 | AN102: 0 | AO102: 否 | AP102: 2 | AQ102: 灾难性恢复失效(>40mm 级)
A103: P017 | B103: 3 | C103: O5-S1-EA | D103: 2 | E103: 鼠标 | F103: blue_mouse | G103: 方法B | H103: One-Euro | I103: 1 | J103: 2 | K103: 4 | L103: 4 | M103: 4 | O103: 4 | P103: 4 | Q103: 4 | R103: 5 | S103: 5 | T103: 5 | U103: 6 | V103: 5 | W103: 5 | X103: 4 | Y103: 09:23:26 | Z103: 09:26:05 | AA103: 159.1 | AB103: 是 | AC103: 是 | AD103: 是 | AE103: 无 | AF103: 9.91 | AG103: 0.887 | AH103: 0.945 | AI103: 0.998 | AJ103: 0.738 | AK103: FrozenUncertain | AL103: 否 | AM103: 0 | AN103: 0 | AO103: 否 | AP103: 6
A104: P017 | B104: 4 | C104: O5-S1-EA | D104: 2 | E104: 鼠标 | F104: blue_mouse | G104: 方法A | H104: EgoAnchor | I104: 2 | J104: 2 | K104: 4 | L104: 4 | M104: 5 | O104: 5 | P104: 5 | Q104: 5 | R104: 3 | S104: 5 | T104: 4 | U104: 7 | V104: 6 | W104: 6 | X104: 4 | Y104: 09:27:40 | Z104: 09:30:10 | AA104: 150.1 | AB104: 是 | AC104: 是 | AD104: 是 | AE104: 无 | AF104: 9.26 | AG104: 0.901 | AH104: 0.952 | AI104: 0.994 | AJ104: 0.715 | AK104: FrozenUncertain | AL104: 否 | AM104: 0 | AN104: 4 | AO104: 否 | AP104: 4 | AQ104: StaticLock 锁在略偏位姿
A105: P017 | B105: 5 | C105: O5-S1-EA | D105: 3 | E105: 固定订书机 | F105: stapler | G105: 方法A | H105: EgoAnchor | I105: 1 | J105: 3 | K105: 4 | L105: 5 | M105: 5 | O105: 5 | P105: 5 | Q105: 5 | R105: 5 | S105: 7 | T105: 5 | U105: 7 | V105: 4 | W105: 5 | X105: 2 | Y105: 09:31:45 | Z105: 09:34:19 | AA105: 153.8 | AB105: 是 | AC105: 是 | AD105: 是 | AE105: 无 | AF105: 9.24 | AG105: 0.911 | AH105: 0.954 | AI105: 0.987 | AJ105: 0.751 | AK105: FrozenUncertain | AL105: 否 | AM105: 0 | AN105: 7 | AO105: 是 | AP105: 6
A106: P017 | B106: 6 | C106: O5-S1-EA | D106: 3 | E106: 固定订书机 | F106: stapler | G106: 方法B | H106: One-Euro | I106: 2 | J106: 3 | K106: 4 | L106: 5 | M106: 5 | O106: 6 | P106: 5 | Q106: 4 | R106: 5 | S106: 5 | T106: 6 | U106: 6 | V106: 6 | W106: 6 | X106: 5 | Y106: 09:35:54 | Z106: 09:38:26 | AA106: 152.2 | AB106: 是 | AC106: 是 | AD106: 是 | AE106: 无 | AF106: 9.5 | AG106: 0.899 | AH106: 0.976 | AI106: 0.987 | AJ106: 0.802 | AK106: FrozenUncertain | AL106: 否 | AM106: 0 | AN106: 0 | AO106: 否 | AP106: 4
A107: P018 | B107: 1 | C107: O5-S2-EA | D107: 1 | E107: 游戏手柄 | F107: gamepad | G107: 方法B | H107: One-Euro | I107: 1 | J107: 1 | K107: 3 | L107: 4 | M107: 4 | O107: 4 | P107: 5 | Q107: 3 | R107: 2 | S107: 5 | T107: 4 | U107: 6 | V107: 5 | W107: 3 | X107: 3 | Y107: 09:15:00 | Z107: 09:16:55 | AA107: 115.3 | AB107: 是 | AC107: 是 | AD107: 是 | AE107: 无 | AF107: 9.58 | AG107: 0.878 | AH107: 0.906 | AI107: 0.971 | AJ107: 0.784 | AK107: FrozenUncertain | AL107: 否 | AM107: 0 | AN107: 0 | AO107: 否 | AP107: 3
A108: P018 | B108: 2 | C108: O5-S2-EA | D108: 1 | E108: 游戏手柄 | F108: gamepad | G108: 方法A | H108: EgoAnchor | I108: 2 | J108: 1 | K108: 7 | L108: 5 | M108: 4 | O108: 4 | P108: 5 | Q108: 7 | R108: 5 | S108: 6 | T108: 6 | U108: 7 | V108: 5 | W108: 6 | X108: 5 | Y108: 09:18:30 | Z108: 09:20:39 | AA108: 128.8 | AB108: 是 | AC108: 是 | AD108: 是 | AE108: 无 | AF108: 9.43 | AG108: 0.9 | AH108: 0.916 | AI108: 0.979 | AJ108: 0.717 | AK108: FrozenUncertain | AL108: 否 | AM108: 0 | AN108: 5 | AO108: 否 | AP108: 2
A109: P018 | B109: 3 | C109: O5-S2-EA | D109: 2 | E109: 鼠标 | F109: blue_mouse | G109: 方法A | H109: EgoAnchor | I109: 1 | J109: 2 | K109: 7 | L109: 4 | M109: 5 | O109: 5 | P109: 5 | Q109: 6 | R109: 5 | S109: 6 | T109: 5 | U109: 6 | V109: 6 | W109: 6 | X109: 6 | Y109: 09:22:14 | Z109: 09:24:14 | AA109: 120.8 | AB109: 是 | AC109: 是 | AD109: 是 | AE109: 无 | AF109: 9.54 | AG109: 0.898 | AH109: 0.924 | AI109: 0.991 | AJ109: 0.7 | AK109: FrozenUncertain | AL109: 否 | AM109: 0 | AN109: 3 | AO109: 否 | AP109: 4
A110: P018 | B110: 4 | C110: O5-S2-EA | D110: 2 | E110: 鼠标 | F110: blue_mouse | G110: 方法B | H110: One-Euro | I110: 2 | J110: 2 | K110: 3 | L110: 5 | M110: 4 | O110: 5 | P110: 5 | Q110: 4 | R110: 4 | S110: 5 | T110: 4 | U110: 6 | V110: 5 | W110: 4 | X110: 4 | Y110: 09:25:49 | Z110: 09:27:53 | AA110: 123.3 | AB110: 是 | AC110: 是 | AD110: 是 | AE110: 无 | AF110: 9.33 | AG110: 0.902 | AH110: 0.935 | AI110: 0.997 | AJ110: 0.741 | AK110: FrozenUncertain | AL110: 否 | AM110: 0 | AN110: 0 | AO110: 否 | AP110: 2
A111: P018 | B111: 5 | C111: O5-S2-EA | D111: 3 | E111: 固定订书机 | F111: stapler | G111: 方法B | H111: One-Euro | I111: 1 | J111: 3 | K111: 4 | L111: 4 | M111: 4 | O111: 5 | P111: 6 | Q111: 5 | R111: 5 | S111: 5 | T111: 7 | U111: 7 | V111: 4 | W111: 6 | X111: 5 | Y111: 09:29:28 | Z111: 09:31:50 | AA111: 141.9 | AB111: 是 | AC111: 是 | AD111: 是 | AE111: 无 | AF111: 9.52 | AG111: 0.908 | AH111: 0.968 | AI111: 0.992 | AJ111: 0.663 | AK111: FrozenUncertain | AL111: 否 | AM111: 0 | AN111: 0 | AO111: 是 | AP111: 3
A112: P018 | B112: 6 | C112: O5-S2-EA | D112: 3 | E112: 固定订书机 | F112: stapler | G112: 方法A | H112: EgoAnchor | I112: 2 | J112: 3 | K112: 7 | L112: 4 | M112: 5 | O112: 5 | P112: 6 | Q112: 5 | R112: 4 | S112: 6 | T112: 5 | U112: 6 | V112: 5 | W112: 5 | X112: 5 | Y112: 09:33:25 | Z112: 09:35:44 | AA112: 139 | AB112: 是 | AC112: 是 | AD112: 是 | AE112: 无 | AF112: 9.55 | AG112: 0.907 | AH112: 0.939 | AI112: 0.986 | AJ112: 0.81 | AK112: FrozenUncertain | AL112: 否 | AM112: 0 | AN112: 6 | AO112: 否 | AP112: 3
A113: P019 | B113: 1 | C113: O5-S2-OE | D113: 1 | E113: 游戏手柄 | F113: gamepad | G113: 方法B | H113: EgoAnchor | I113: 1 | J113: 1 | K113: 4 | L113: 3 | M113: 2 | O113: 4 | P113: 4 | Q113: 4 | R113: 2 | S113: 4 | T113: 4 | U113: 6 | V113: 3 | W113: 4 | X113: 3 | Y113: 09:15:00 | Z113: 09:17:01 | AA113: 121.8 | AB113: 是 | AC113: 是 | AD113: 是 | AE113: 无 | AF113: 9.44 | AG113: 0.865 | AH113: 0.942 | AI113: 0.989 | AJ113: 0.659 | AK113: FrozenUncertain | AL113: 否 | AM113: 0 | AN113: 3 | AO113: 是 | AP113: 3
...

Sheet Derived
A1: 派生层（全部为公式，Excel 打开时实时重算）：L1 区块子量表 → L2 三物体均值 → L3 TiA 反向与量表分 → L4 配对差
A3: L1. 区块级派生（每行 = 一个方法×物体区块；13 项引用 Records A 段，AQ 两子量表分 = 3 项均值，公式实时计算）
A4: Participant_ID | B4: Method(内部) | C4: Object_Key | D4: Records行 | E4: Q1 | F4: Q8 | G4: Q2 | H4: Q9 | I4: Q3 | J4: Q6 | K4: Q7 | L4: AQ_EQ1 | M4: AQ_EQ2 | N4: AQ_EQ3 | O4: AQ_IQ1 | P4: AQ_IQ2 | Q4: AQ_IQ3 | R4: AQ_EQ(3项均值) | S4: AQ_IQ(3项均值) | T4: 问卷时长_s | U4: 最长连续同分 | V4: 问卷>150s
A5: P001 | B5: One-Euro | C5: blue_mouse | D5: 6 | E5: =Records!K6 -> 3 | F5: =Records!R6 -> 4 | G5: =Records!L6 -> 4 | H5: =Records!M6 -> 5 | I5: =Records!Q6 -> 4 | J5: =Records!W6 -> 4 | K5: =Records!X6 -> 4 | L5: =Records!S6 -> 3 | M5: =Records!T6 -> 4 | N5: =Records!U6 -> 4 | O5: =Records!V6 -> 3 | P5: =Records!O6 -> 4 | Q5: =Records!P6 -> 4 | R5: =AVERAGE(Records!S6,Records!T6,Records!U6) -> 3.6666667 | S5: =AVERAGE(Records!V6,Records!O6,Records!P6) -> 3.6666667 | T5: =Records!AA6 -> 186.7 | U5: =Records!AP6 -> 4 | V5: =IF(Records!AA6>150,1,0) -> 1
A6: P002 | B6: One-Euro | C6: blue_mouse | D6: 11 | E6: =Records!K11 -> 3 | F6: =Records!R11 -> 4 | G6: =Records!L11 -> 3 | H6: =Records!M11 -> 3 | I6: =Records!Q11 -> 1 | J6: =Records!W11 -> 1 | K6: =Records!X11 -> 4 | L6: =Records!S11 -> 5 | M6: =Records!T11 -> 3 | N6: =Records!U11 -> 6 | O6: =Records!V11 -> 6 | P6: =Records!O11 -> 4 | Q6: =Records!P11 -> 5 | R6: =AVERAGE(Records!S11,Records!T11,Records!U11) -> 4.6666667 | S6: =AVERAGE(Records!V11,Records!O11,Records!P11) -> 5 | T6: =Records!AA11 -> 119.7 | U6: =Records!AP11 -> 3 | V6: =IF(Records!AA11>150,1,0) -> 0
A7: P003 | B7: One-Euro | C7: blue_mouse | D7: 18 | E7: =Records!K18 -> 5 | F7: =Records!R18 -> 3 | G7: =Records!L18 -> 6 | H7: =Records!M18 -> 4 | I7: =Records!Q18 -> 4 | J7: =Records!W18 -> 4 | K7: =Records!X18 -> 3 | L7: =Records!S18 -> 4 | M7: =Records!T18 -> 4 | N7: =Records!U18 -> 6 | O7: =Records!V18 -> 6 | P7: =Records!O18 -> 6 | Q7: =Records!P18 -> 4 | R7: =AVERAGE(Records!S18,Records!T18,Records!U18) -> 4.6666667 | S7: =AVERAGE(Records!V18,Records!O18,Records!P18) -> 5.3333333 | T7: =Records!AA18 -> 122.8 | U7: =Records!AP18 -> 2 | V7: =IF(Records!AA18>150,1,0) -> 0
A8: P004 | B8: One-Euro | C8: blue_mouse | D8: 23 | E8: =Records!K23 -> 6 | F8: =Records!R23 -> 4 | G8: =Records!L23 -> 5 | H8: =Records!M23 -> 6 | I8: =Records!Q23 -> 2 | J8: =Records!W23 -> 2 | K8: =Records!X23 -> 6 | L8: =Records!S23 -> 6 | M8: =Records!T23 -> 5 | N8: =Records!U23 -> 7 | O8: =Records!V23 -> 6 | P8: =Records!O23 -> 6 | Q8: =Records!P23 -> 5 | R8: =AVERAGE(Records!S23,Records!T23,Records!U23) -> 6 | S8: =AVERAGE(Records!V23,Records!O23,Records!P23) -> 5.6666667 | T8: =Records!AA23 -> 132.1 | U8: =Records!AP23 -> 2 | V8: =IF(Records!AA23>150,1,0) -> 0
A9: P005 | B9: One-Euro | C9: blue_mouse | D9: 30 | E9: =Records!K30 -> 4 | F9: =Records!R30 -> 4 | G9: =Records!L30 -> 5 | H9: =Records!M30 -> 4 | I9: =Records!Q30 -> 4 | J9: =Records!W30 -> 4 | K9: =Records!X30 -> 4 | L9: =Records!S30 -> 5 | M9: =Records!T30 -> 4 | N9: =Records!U30 -> 6 | O9: =Records!V30 -> 5 | P9: =Records!O30 -> 6 | Q9: =Records!P30 -> 4 | R9: =AVERAGE(Records!S30,Records!T30,Records!U30) -> 5 | S9: =AVERAGE(Records!V30,Records!O30,Records!P30) -> 5 | T9: =Records!AA30 -> 121 | U9: =Records!AP30 -> 3 | V9: =IF(Records!AA30>150,1,0) -> 0
A10: P006 | B10: One-Euro | C10: blue_mouse | D10: 35 | E10: =Records!K35 -> 4 | F10: =Records!R35 -> 5 | G10: =Records!L35 -> 5 | H10: =Records!M35 -> 4 | I10: =Records!Q35 -> 4 | J10: =Records!W35 -> 4 | K10: =Records!X35 -> 4 | L10: =Records!S35 -> 5 | M10: =Records!T35 -> 5 | N10: =Records!U35 -> 5 | O10: =Records!V35 -> 4 | P10: =Records!O35 -> 4 | Q10: =Records!P35 -> 4 | R10: =AVERAGE(Records!S35,Records!T35,Records!U35) -> 5 | S10: =AVERAGE(Records!V35,Records!O35,Records!P35) -> 4 | T10: =Records!AA35 -> 135.1 | U10: =Records!AP35 -> 4 | V10: =IF(Records!AA35>150,1,0) -> 0
A11: P007 | B11: One-Euro | C11: blue_mouse | D11: 42 | E11: =Records!K42 -> 4 | F11: =Records!R42 -> 4 | G11: =Records!L42 -> 5 | H11: =Records!M42 -> 4 | I11: =Records!Q42 -> 4 | J11: =Records!W42 -> 4 | K11: =Records!X42 -> 4 | L11: =Records!S42 -> 4 | M11: =Records!T42 -> 4 | N11: =Records!U42 -> 6 | O11: =Records!V42 -> 5 | P11: =Records!O42 -> 4 | Q11: =Records!P42 -> 5 | R11: =AVERAGE(Records!S42,Records!T42,Records!U42) -> 4.6666667 | S11: =AVERAGE(Records!V42,Records!O42,Records!P42) -> 4.6666667 | T11: =Records!AA42 -> 167 | U11: =Records!AP42 -> 4 | V11: =IF(Records!AA42>150,1,0) -> 1
A12: P008 | B12: One-Euro | C12: blue_mouse | D12: 47 | E12: =Records!K47 -> 5 | F12: =Records!R47 -> 5 | G12: =Records!L47 -> 5 | H12: =Records!M47 -> 4 | I12: =Records!Q47 -> 4 | J12: =Records!W47 -> 3 | K12: =Records!X47 -> 4 | L12: =Records!S47 -> 5 | M12: =Records!T47 -> 5 | N12: =Records!U47 -> 5 | O12: =Records!V47 -> 6 | P12: =Records!O47 -> 5 | Q12: =Records!P47 -> 5 | R12: =AVERAGE(Records!S47,Records!T47,Records!U47) -> 5 | S12: =AVERAGE(Records!V47,Records!O47,Records!P47) -> 5.3333333 | T12: =Records!AA47 -> 142.6 | U12: =Records!AP47 -> 4 | V12: =IF(Records!AA47>150,1,0) -> 0
A13: P009 | B13: One-Euro | C13: blue_mouse | D13: 55 | E13: =Records!K55 -> 5 | F13: =Records!R55 -> 6 | G13: =Records!L55 -> 5 | H13: =Records!M55 -> 5 | I13: =Records!Q55 -> 5 | J13: =Records!W55 -> 5 | K13: =Records!X55 -> 6 | L13: =Records!S55 -> 5 | M13: =Records!T55 -> 5 | N13: =Records!U55 -> 6 | O13: =Records!V55 -> 4 | P13: =Records!O55 -> 6 | Q13: =Records!P55 -> 5 | R13: =AVERAGE(Records!S55,Records!T55,Records!U55) -> 5.3333333 | S13: =AVERAGE(Records!V55,Records!O55,Records!P55) -> 5 | T13: =Records!AA55 -> 110.2 | U13: =Records!AP55 -> 3 | V13: =IF(Records!AA55>150,1,0) -> 0
A14: P010 | B14: One-Euro | C14: blue_mouse | D14: 62 | E14: =Records!K62 -> 4 | F14: =Records!R62 -> 5 | G14: =Records!L62 -> 5 | H14: =Records!M62 -> 5 | I14: =Records!Q62 -> 5 | J14: =Records!W62 -> 5 | K14: =Records!X62 -> 5 | L14: =Records!S62 -> 6 | M14: =Records!T62 -> 6 | N14: =Records!U62 -> 6 | O14: =Records!V62 -> 6 | P14: =Records!O62 -> 6 | Q14: =Records!P62 -> 5 | R14: =AVERAGE(Records!S62,Records!T62,Records!U62) -> 6 | S14: =AVERAGE(Records!V62,Records!O62,Records!P62) -> 5.6666667 | T14: =Records!AA62 -> 202 | U14: =Records!AP62 -> 4 | V14: =IF(Records!AA62>150,1,0) -> 1
A15: P011 | B15: One-Euro | C15: blue_mouse | D15: 67 | E15: =Records!K67 -> 4 | F15: =Records!R67 -> 5 | G15: =Records!L67 -> 6 | H15: =Records!M67 -> 5 | I15: =Records!Q67 -> 4 | J15: =Records!W67 -> 6 | K15: =Records!X67 -> 5 | L15: =Records!S67 -> 6 | M15: =Records!T67 -> 6 | N15: =Records!U67 -> 6 | O15: =Records!V67 -> 5 | P15: =Records!O67 -> 6 | Q15: =Records!P67 -> 5 | R15: =AVERAGE(Records!S67,Records!T67,Records!U67) -> 6 | S15: =AVERAGE(Records!V67,Records!O67,Records!P67) -> 5.3333333 | T15: =Records!AA67 -> 135.7 | U15: =Records!AP67 -> 3 | V15: =IF(Records!AA67>150,1,0) -> 0
A16: P012 | B16: One-Euro | C16: blue_mouse | D16: 74 | E16: =Records!K74 -> 3 | F16: =Records!R74 -> 4 | G16: =Records!L74 -> 4 | H16: =Records!M74 -> 3 | I16: =Records!Q74 -> 4 | J16: =Records!W74 -> 3 | K16: =Records!X74 -> 4 | L16: =Records!S74 -> 4 | M16: =Records!T74 -> 4 | N16: =Records!U74 -> 6 | O16: =Records!V74 -> 4 | P16: =Records!O74 -> 5 | Q16: =Records!P74 -> 4 | R16: =AVERAGE(Records!S74,Records!T74,Records!U74) -> 4.6666667 | S16: =AVERAGE(Records!V74,Records!O74,Records!P74) -> 4.3333333 | T16: =Records!AA74 -> 126.7 | U16: =Records!AP74 -> 5 | V16: =IF(Records!AA74>150,1,0) -> 0
A17: P013 | B17: One-Euro | C17: blue_mouse | D17: 82 | E17: =Records!K82 -> 5 | F17: =Records!R82 -> 5 | G17: =Records!L82 -> 5 | H17: =Records!M82 -> 5 | I17: =Records!Q82 -> 4 | J17: =Records!W82 -> 4 | K17: =Records!X82 -> 5 | L17: =Records!S82 -> 5 | M17: =Records!T82 -> 5 | N17: =Records!U82 -> 6 | O17: =Records!V82 -> 6 | P17: =Records!O82 -> 5 | Q17: =Records!P82 -> 6 | R17: =AVERAGE(Records!S82,Records!T82,Records!U82) -> 5.3333333 | S17: =AVERAGE(Records!V82,Records!O82,Records!P82) -> 5.6666667 | T17: =Records!AA82 -> 113.4 | U17: =Records!AP82 -> 4 | V17: =IF(Records!AA82>150,1,0) -> 0
A18: P014 | B18: One-Euro | C18: blue_mouse | D18: 87 | E18: =Records!K87 -> 3 | F18: =Records!R87 -> 4 | G18: =Records!L87 -> 4 | H18: =Records!M87 -> 4 | I18: =Records!Q87 -> 5 | J18: =Records!W87 -> 5 | K18: =Records!X87 -> 4 | L18: =Records!S87 -> 5 | M18: =Records!T87 -> 5 | N18: =Records!U87 -> 7 | O18: =Records!V87 -> 5 | P18: =Records!O87 -> 5 | Q18: =Records!P87 -> 5 | R18: =AVERAGE(Records!S87,Records!T87,Records!U87) -> 5.6666667 | S18: =AVERAGE(Records!V87,Records!O87,Records!P87) -> 5 | T18: =Records!AA87 -> 129.8 | U18: =Records!AP87 -> 3 | V18: =IF(Records!AA87>150,1,0) -> 0
A19: P015 | B19: One-Euro | C19: blue_mouse | D19: 94 | E19: =Records!K94 -> 4 | F19: =Records!R94 -> 4 | G19: =Records!L94 -> 5 | H19: =Records!M94 -> 4 | I19: =Records!Q94 -> 4 | J19: =Records!W94 -> 4 | K19: =Records!X94 -> 5 | L19: =Records!S94 -> 6 | M19: =Records!T94 -> 6 | N19: =Records!U94 -> 6 | O19: =Records!V94 -> 4 | P19: =Records!O94 -> 4 | Q19: =Records!P94 -> 4 | R19: =AVERAGE(Records!S94,Records!T94,Records!U94) -> 6 | S19: =AVERAGE(Records!V94,Records!O94,Records!P94) -> 4 | T19: =Records!AA94 -> 101.1 | U19: =Records!AP94 -> 5 | V19: =IF(Records!AA94>150,1,0) -> 0
A20: P016 | B20: One-Euro | C20: blue_mouse | D20: 99 | E20: =Records!K99 -> 4 | F20: =Records!R99 -> 4 | G20: =Records!L99 -> 4 | H20: =Records!M99 -> 4 | I20: =Records!Q99 -> 4 | J20: =Records!W99 -> 6 | K20: =Records!X99 -> 4 | L20: =Records!S99 -> 4 | M20: =Records!T99 -> 4 | N20: =Records!U99 -> 4 | O20: =Records!V99 -> 6 | P20: =Records!O99 -> 5 | Q20: =Records!P99 -> 5 | R20: =AVERAGE(Records!S99,Records!T99,Records!U99) -> 4 | S20: =AVERAGE(Records!V99,Records!O99,Records!P99) -> 5.3333333 | T20: =Records!AA99 -> 174.1 | U20: =Records!AP99 -> 5 | V20: =IF(Records!AA99>150,1,0) -> 1
A21: P017 | B21: One-Euro | C21: blue_mouse | D21: 103 | E21: =Records!K103 -> 4 | F21: =Records!R103 -> 5 | G21: =Records!L103 -> 4 | H21: =Records!M103 -> 4 | I21: =Records!Q103 -> 4 | J21: =Records!W103 -> 5 | K21: =Records!X103 -> 4 | L21: =Records!S103 -> 5 | M21: =Records!T103 -> 5 | N21: =Records!U103 -> 6 | O21: =Records!V103 -> 5 | P21: =Records!O103 -> 4 | Q21: =Records!P103 -> 4 | R21: =AVERAGE(Records!S103,Records!T103,Records!U103) -> 5.3333333 | S21: =AVERAGE(Records!V103,Records!O103,Records!P103) -> 4.3333333 | T21: =Records!AA103 -> 159.1 | U21: =Records!AP103 -> 6 | V21: =IF(Records!AA103>150,1,0) -> 1
A22: P018 | B22: One-Euro | C22: blue_mouse | D22: 110 | E22: =Records!K110 -> 3 | F22: =Records!R110 -> 4 | G22: =Records!L110 -> 5 | H22: =Records!M110 -> 4 | I22: =Records!Q110 -> 4 | J22: =Records!W110 -> 4 | K22: =Records!X110 -> 4 | L22: =Records!S110 -> 5 | M22: =Records!T110 -> 4 | N22: =Records!U110 -> 6 | O22: =Records!V110 -> 5 | P22: =Records!O110 -> 5 | Q22: =Records!P110 -> 5 | R22: =AVERAGE(Records!S110,Records!T110,Records!U110) -> 5 | S22: =AVERAGE(Records!V110,Records!O110,Records!P110) -> 5 | T22: =Records!AA110 -> 123.3 | U22: =Records!AP110 -> 2 | V22: =IF(Records!AA110>150,1,0) -> 0
A23: P019 | B23: One-Euro | C23: blue_mouse | D23: 115 | E23: =Records!K115 -> 3 | F23: =Records!R115 -> 4 | G23: =Records!L115 -> 3 | H23: =Records!M115 -> 4 | I23: =Records!Q115 -> 4 | J23: =Records!W115 -> 4 | K23: =Records!X115 -> 4 | L23: =Records!S115 -> 5 | M23: =Records!T115 -> 4 | N23: =Records!U115 -> 6 | O23: =Records!V115 -> 4 | P23: =Records!O115 -> 4 | Q23: =Records!P115 -> 4 | R23: =AVERAGE(Records!S115,Records!T115,Records!U115) -> 5 | S23: =AVERAGE(Records!V115,Records!O115,Records!P115) -> 4 | T23: =Records!AA115 -> 109.9 | U23: =Records!AP115 -> 5 | V23: =IF(Records!AA115>150,1,0) -> 0
A24: P020 | B24: One-Euro | C24: blue_mouse | D24: 122 | E24: =Records!K122 -> 3 | F24: =Records!R122 -> 1 | G24: =Records!L122 -> 4 | H24: =Records!M122 -> 4 | I24: =Records!Q122 -> 1 | J24: =Records!W122 -> 1 | K24: =Records!X122 -> 3 | L24: =Records!S122 -> 4 | M24: =Records!T122 -> 3 | N24: =Records!U122 -> 6 | O24: =Records!V122 -> 2 | P24: =Records!O122 -> 4 | Q24: =Records!P122 -> 4 | R24: =AVERAGE(Records!S122,Records!T122,Records!U122) -> 4.3333333 | S24: =AVERAGE(Records!V122,Records!O122,Records!P122) -> 3.3333333 | T24: =Records!AA122 -> 123.4 | U24: =Records!AP122 -> 4 | V24: =IF(Records!AA122>150,1,0) -> 0
A25: P021 | B25: One-Euro | C25: blue_mouse | D25: 130 | E25: =Records!K130 -> 5 | F25: =Records!R130 -> 6 | G25: =Records!L130 -> 5 | H25: =Records!M130 -> 5 | I25: =Records!Q130 -> 5 | J25: =Records!W130 -> 6 | K25: =Records!X130 -> 4 | L25: =Records!S130 -> 6 | M25: =Records!T130 -> 6 | N25: =Records!U130 -> 6 | O25: =Records!V130 -> 6 | P25: =Records!O130 -> 7 | Q25: =Records!P130 -> 7 | R25: =AVERAGE(Records!S130,Records!T130,Records!U130) -> 6 | S25: =AVERAGE(Records!V130,Records!O130,Records!P130) -> 6.6666667 | T25: =Records!AA130 -> 174.4 | U25: =Records!AP130 -> 6 | V25: =IF(Records!AA130>150,1,0) -> 1
A26: P022 | B26: One-Euro | C26: blue_mouse | D26: 135 | E26: =Records!K135 -> 4 | F26: =Records!R135 -> 4 | G26: =Records!L135 -> 5 | H26: =Records!M135 -> 5 | I26: =Records!Q135 -> 2 | J26: =Records!W135 -> 4 | K26: =Records!X135 -> 4 | L26: =Records!S135 -> 5 | M26: =Records!T135 -> 6 | N26: =Records!U135 -> 7 | O26: =Records!V135 -> 5 | P26: =Records!O135 -> 6 | Q26: =Records!P135 -> 4 | R26: =AVERAGE(Records!S135,Records!T135,Records!U135) -> 6 | S26: =AVERAGE(Records!V135,Records!O135,Records!P135) -> 5 | T26: =Records!AA135 -> 116.7 | U26: =Records!AP135 -> 2 | V26: =IF(Records!AA135>150,1,0) -> 0
A27: P023 | B27: One-Euro | C27: blue_mouse | D27: 142 | E27: =Records!K142 -> 4 | F27: =Records!R142 -> 4 | G27: =Records!L142 -> 5 | H27: =Records!M142 -> 4 | I27: =Records!Q142 -> 4 | J27: =Records!W142 -> 5 | K27: =Records!X142 -> 5 | L27: =Records!S142 -> 5 | M27: =Records!T142 -> 5 | N27: =Records!U142 -> 6 | O27: =Records!V142 -> 5 | P27: =Records!O142 -> 4 | Q27: =Records!P142 -> 5 | R27: =AVERAGE(Records!S142,Records!T142,Records!U142) -> 5.3333333 | S27: =AVERAGE(Records!V142,Records!O142,Records!P142) -> 4.6666667 | T27: =Records!AA142 -> 134.3 | U27: =Records!AP142 -> 3 | V27: =IF(Records!AA142>150,1,0) -> 0
A28: P024 | B28: One-Euro | C28: blue_mouse | D28: 147 | E28: =Records!K147 -> 4 | F28: =Records!R147 -> 5 | G28: =Records!L147 -> 4 | H28: =Records!M147 -> 4 | I28: =Records!Q147 -> 5 | J28: =Records!W147 -> 5 | K28: =Records!X147 -> 4 | L28: =Records!S147 -> 6 | M28: =Records!T147 -> 5 | N28: =Records!U147 -> 6 | O28: =Records!V147 -> 5 | P28: =Records!O147 -> 4 | Q28: =Records!P147 -> 5 | R28: =AVERAGE(Records!S147,Records!T147,Records!U147) -> 5.6666667 | S28: =AVERAGE(Records!V147,Records!O147,Records!P147) -> 4.6666667 | T28: =Records!AA147 -> 137.5 | U28: =Records!AP147 -> 4 | V28: =IF(Records!AA147>150,1,0) -> 0
A29: P001 | B29: One-Euro | C29: stapler | D29: 7 | E29: =Records!K7 -> 4 | F29: =Records!R7 -> 5 | G29: =Records!L7 -> 5 | H29: =Records!M7 -> 5 | I29: =Records!Q7 -> 4 | J29: =Records!W7 -> 5 | K29: =Records!X7 -> 4 | L29: =Records!S7 -> 5 | M29: =Records!T7 -> 4 | N29: =Records!U7 -> 5 | O29: =Records!V7 -> 5 | P29: =Records!O7 -> 5 | Q29: =Records!P7 -> 4 | R29: =AVERAGE(Records!S7,Records!T7,Records!U7) -> 4.6666667 | S29: =AVERAGE(Records!V7,Records!O7,Records!P7) -> 4.6666667 | T29: =Records!AA7 -> 164.3 | U29: =Records!AP7 -> 3 | V29: =IF(Records!AA7>150,1,0) -> 1
A30: P002 | B30: One-Euro | C30: stapler | D30: 14 | E30: =Records!K14 -> 5 | F30: =Records!R14 -> 4 | G30: =Records!L14 -> 6 | H30: =Records!M14 -> 5 | I30: =Records!Q14 -> 4 | J30: =Records!W14 -> 5 | K30: =Records!X14 -> 4 | L30: =Records!S14 -> 6 | M30: =Records!T14 -> 5 | N30: =Records!U14 -> 6 | O30: =Records!V14 -> 6 | P30: =Records!O14 -> 6 | Q30: =Records!P14 -> 5 | R30: =AVERAGE(Records!S14,Records!T14,Records!U14) -> 5.6666667 | S30: =AVERAGE(Records!V14,Records!O14,Records!P14) -> 5.6666667 | T30: =Records!AA14 -> 127.7 | U30: =Records!AP14 -> 2 | V30: =IF(Records!AA14>150,1,0) -> 0
A31: P003 | B31: One-Euro | C31: stapler | D31: 19 | E31: =Records!K19 -> 4 | F31: =Records!R19 -> 5 | G31: =Records!L19 -> 4 | H31: =Records!M19 -> 4 | I31: =Records!Q19 -> 4 | J31: =Records!W19 -> 5 | K31: =Records!X19 -> 4 | L31: =Records!S19 -> 6 | M31: =Records!T19 -> 5 | N31: =Records!U19 -> 6 | O31: =Records!V19 -> 4 | P31: =Records!O19 -> 5 | Q31: =Records!P19 -> 4 | R31: =AVERAGE(Records!S19,Records!T19,Records!U19) -> 5.6666667 | S31: =AVERAGE(Records!V19,Records!O19,Records!P19) -> 4.3333333 | T31: =Records!AA19 -> 125.8 | U31: =Records!AP19 -> 3 | V31: =IF(Records!AA19>150,1,0) -> 0
A32: P004 | B32: One-Euro | C32: stapler | D32: 26 | E32: =Records!K26 -> 6 | F32: =Records!R26 -> 5 | G32: =Records!L26 -> 4 | H32: =Records!M26 -> 5 | I32: =Records!Q26 -> 5 | J32: =Records!W26 -> 4 | K32: =Records!X26 -> 4 | L32: =Records!S26 -> 6 | M32: =Records!T26 -> 6 | N32: =Records!U26 -> 5 | O32: =Records!V26 -> 6 | P32: =Records!O26 -> 6 | Q32: =Records!P26 -> 4 | R32: =AVERAGE(Records!S26,Records!T26,Records!U26) -> 5.6666667 | S32: =AVERAGE(Records!V26,Records!O26,Records!P26) -> 5.3333333 | T32: =Records!AA26 -> 136.3 | U32: =Records!AP26 -> 2 | V32: =IF(Records!AA26>150,1,0) -> 0
A33: P005 | B33: One-Euro | C33: stapler | D33: 34 | E33: =Records!K34 -> 5 | F33: =Records!R34 -> 6 | G33: =Records!L34 -> 6 | H33: =Records!M34 -> 5 | I33: =Records!Q34 -> 5 | J33: =Records!W34 -> 5 | K33: =Records!X34 -> 6 | L33: =Records!S34 -> 7 | M33: =Records!T34 -> 5 | N33: =Records!U34 -> 7 | O33: =Records!V34 -> 7 | P33: =Records!O34 -> 6 | Q33: =Records!P34 -> 6 | R33: =AVERAGE(Records!S34,Records!T34,Records!U34) -> 6.3333333 | S33: =AVERAGE(Records!V34,Records!O34,Records!P34) -> 6.3333333 | T33: =Records!AA34 -> 121.4 | U33: =Records!AP34 -> 2 | V33: =IF(Records!AA34>150,1,0) -> 0
A34: P006 | B34: One-Euro | C34: stapler | D34: 39 | E34: =Records!K39 -> 4 | F34: =Records!R39 -> 4 | G34: =Records!L39 -> 5 | H34: =Records!M39 -> 4 | I34: =Records!Q39 -> 5 | J34: =Records!W39 -> 4 | K34: =Records!X39 -> 4 | L34: =Records!S39 -> 5 | M34: =Records!T39 -> 4 | N34: =Records!U39 -> 4 | O34: =Records!V39 -> 6 | P34: =Records!O39 -> 3 | Q34: =Records!P39 -> 5 | R34: =AVERAGE(Records!S39,Records!T39,Records!U39) -> 4.3333333 | S34: =AVERAGE(Records!V39,Records!O39,Records!P39) -> 4.6666667 | T34: =Records!AA39 -> 110 | U34: =Records!AP39 -> 2 | V34: =IF(Records!AA39>150,1,0) -> 0
A35: P007 | B35: One-Euro | C35: stapler | D35: 46 | E35: =Records!K46 -> 2 | F35: =Records!R46 -> 6 | G35: =Records!L46 -> 7 | H35: =Records!M46 -> 7 | I35: =Records!Q46 -> 6 | J35: =Records!W46 -> 6 | K35: =Records!X46 -> 6 | L35: =Records!S46 -> 6 | M35: =Records!T46 -> 6 | N35: =Records!U46 -> 4 | O35: =Records!V46 -> 6 | P35: =Records!O46 -> 4 | Q35: =Records!P46 -> 6 | R35: =AVERAGE(Records!S46,Records!T46,Records!U46) -> 5.3333333 | S35: =AVERAGE(Records!V46,Records!O46,Records!P46) -> 5.3333333 | T35: =Records!AA46 -> 135.5 | U35: =Records!AP46 -> 5 | V35: =IF(Records!AA46>150,1,0) -> 0
A36: P008 | B36: One-Euro | C36: stapler | D36: 51 | E36: =Records!K51 -> 6 | F36: =Records!R51 -> 6 | G36: =Records!L51 -> 6 | H36: =Records!M51 -> 6 | I36: =Records!Q51 -> 6 | J36: =Records!W51 -> 4 | K36: =Records!X51 -> 6 | L36: =Records!S51 -> 4 | M36: =Records!T51 -> 5 | N36: =Records!U51 -> 7 | O36: =Records!V51 -> 4 | P36: =Records!O51 -> 5 | Q36: =Records!P51 -> 4 | R36: =AVERAGE(Records!S51,Records!T51,Records!U51) -> 5.3333333 | S36: =AVERAGE(Records!V51,Records!O51,Records!P51) -> 4.3333333 | T36: =Records!AA51 -> 117 | U36: =Records!AP51 -> 3 | V36: =IF(Records!AA51>150,1,0) -> 0
A37: P009 | B37: One-Euro | C37: stapler | D37: 54 | E37: =Records!K54 -> 4 | F37: =Records!R54 -> 4 | G37: =Records!L54 -> 5 | H37: =Records!M54 -> 5 | I37: =Records!Q54 -> 5 | J37: =Records!W54 -> 5 | K37: =Records!X54 -> 6 | L37: =Records!S54 -> 5 | M37: =Records!T54 -> 6 | N37: =Records!U54 -> 7 | O37: =Records!V54 -> 6 | P37: =Records!O54 -> 6 | Q37: =Records!P54 -> 5 | R37: =AVERAGE(Records!S54,Records!T54,Records!U54) -> 6 | S37: =AVERAGE(Records!V54,Records!O54,Records!P54) -> 5.6666667 | T37: =Records!AA54 -> 116.4 | U37: =Records!AP54 -> 2 | V37: =IF(Records!AA54>150,1,0) -> 0
A38: P010 | B38: One-Euro | C38: stapler | D38: 59 | E38: =Records!K59 -> 5 | F38: =Records!R59 -> 5 | G38: =Records!L59 -> 6 | H38: =Records!M59 -> 5 | I38: =Records!Q59 -> 5 | J38: =Records!W59 -> 5 | K38: =Records!X59 -> 5 | L38: =Records!S59 -> 5 | M38: =Records!T59 -> 5 | N38: =Records!U59 -> 6 | O38: =Records!V59 -> 6 | P38: =Records!O59 -> 6 | Q38: =Records!P59 -> 5 | R38: =AVERAGE(Records!S59,Records!T59,Records!U59) -> 5.3333333 | S38: =AVERAGE(Records!V59,Records!O59,Records!P59) -> 5.6666667 | T38: =Records!AA59 -> 189.4 | U38: =Records!AP59 -> 5 | V38: =IF(Records!AA59>150,1,0) -> 1
A39: P011 | B39: One-Euro | C39: stapler | D39: 66 | E39: =Records!K66 -> 6 | F39: =Records!R66 -> 5 | G39: =Records!L66 -> 5 | H39: =Records!M66 -> 4 | I39: =Records!Q66 -> 6 | J39: =Records!W66 -> 6 | K39: =Records!X66 -> 6 | L39: =Records!S66 -> 6 | M39: =Records!T66 -> 6 | N39: =Records!U66 -> 7 | O39: =Records!V66 -> 6 | P39: =Records!O66 -> 6 | Q39: =Records!P66 -> 6 | R39: =AVERAGE(Records!S66,Records!T66,Records!U66) -> 6.3333333 | S39: =AVERAGE(Records!V66,Records!O66,Records!P66) -> 6 | T39: =Records!AA66 -> 139.7 | U39: =Records!AP66 -> 3 | V39: =IF(Records!AA66>150,1,0) -> 0
A40: P012 | B40: One-Euro | C40: stapler | D40: 71 | E40: =Records!K71 -> 4 | F40: =Records!R71 -> 5 | G40: =Records!L71 -> 6 | H40: =Records!M71 -> 5 | I40: =Records!Q71 -> 4 | J40: =Records!W71 -> 4 | K40: =Records!X71 -> 5 | L40: =Records!S71 -> 6 | M40: =Records!T71 -> 6 | N40: =Records!U71 -> 6 | O40: =Records!V71 -> 6 | P40: =Records!O71 -> 6 | Q40: =Records!P71 -> 5 | R40: =AVERAGE(Records!S71,Records!T71,Records!U71) -> 6 | S40: =AVERAGE(Records!V71,Records!O71,Records!P71) -> 5.6666667 | T40: =Records!AA71 -> 115.9 | U40: =Records!AP71 -> 4 | V40: =IF(Records!AA71>150,1,0) -> 0
A41: P013 | B41: One-Euro | C41: stapler | D41: 78 | E41: =Records!K78 -> 6 | F41: =Records!R78 -> 5 | G41: =Records!L78 -> 5 | H41: =Records!M78 -> 6 | I41: =Records!Q78 -> 4 | J41: =Records!W78 -> 4 | K41: =Records!X78 -> 5 | L41: =Records!S78 -> 6 | M41: =Records!T78 -> 7 | N41: =Records!U78 -> 7 | O41: =Records!V78 -> 6 | P41: =Records!O78 -> 6 | Q41: =Records!P78 -> 5 | R41: =AVERAGE(Records!S78,Records!T78,Records!U78) -> 6.6666667 | S41: =AVERAGE(Records!V78,Records!O78,Records!P78) -> 5.6666667 | T41: =Records!AA78 -> 144.2 | U41: =Records!AP78 -> 2 | V41: =IF(Records!AA78>150,1,0) -> 0
A42: P014 | B42: One-Euro | C42: stapler | D42: 83 | E42: =Records!K83 -> 5 | F42: =Records!R83 -> 4 | G42: =Records!L83 -> 5 | H42: =Records!M83 -> 4 | I42: =Records!Q83 -> 1 | J42: =Records!W83 -> 1 | K42: =Records!X83 -> 5 | L42: =Records!S83 -> 6 | M42: =Records!T83 -> 5 | N42: =Records!U83 -> 7 | O42: =Records!V83 -> 5 | P42: =Records!O83 -> 5 | Q42: =Records!P83 -> 4 | R42: =AVERAGE(Records!S83,Records!T83,Records!U83) -> 6 | S42: =AVERAGE(Records!V83,Records!O83,Records!P83) -> 4.6666667 | T42: =Records!AA83 -> 130.4 | U42: =Records!AP83 -> 2 | V42: =IF(Records!AA83>150,1,0) -> 0
A43: P015 | B43: One-Euro | C43: stapler | D43: 90 | E43: =Records!K90 -> 5 | F43: =Records!R90 -> 5 | G43: =Records!L90 -> 6 | H43: =Records!M90 -> 5 | I43: =Records!Q90 -> 5 | J43: =Records!W90 -> 4 | K43: =Records!X90 -> 6 | L43: =Records!S90 -> 6 | M43: =Records!T90 -> 6 | N43: =Records!U90 -> 7 | O43: =Records!V90 -> 5 | P43: =Records!O90 -> 5 | Q43: =Records!P90 -> 5 | R43: =AVERAGE(Records!S90,Records!T90,Records!U90) -> 6.3333333 | S43: =AVERAGE(Records!V90,Records!O90,Records!P90) -> 5 | T43: =Records!AA90 -> 116.8 | U43: =Records!AP90 -> 5 | V43: =IF(Records!AA90>150,1,0) -> 0
A44: P016 | B44: One-Euro | C44: stapler | D44: 95 | E44: =Records!K95 -> 5 | F44: =Records!R95 -> 5 | G44: =Records!L95 -> 5 | H44: =Records!M95 -> 5 | I44: =Records!Q95 -> 4 | J44: =Records!W95 -> 5 | K44: =Records!X95 -> 5 | L44: =Records!S95 -> 6 | M44: =Records!T95 -> 6 | N44: =Records!U95 -> 6 | O44: =Records!V95 -> 6 | P44: =Records!O95 -> 6 | Q44: =Records!P95 -> 5 | R44: =AVERAGE(Records!S95,Records!T95,Records!U95) -> 6 | S44: =AVERAGE(Records!V95,Records!O95,Records!P95) -> 5.6666667 | T44: =Records!AA95 -> 206.3 | U44: =Records!AP95 -> 4 | V44: =IF(Records!AA95>150,1,0) -> 1
A45: P017 | B45: One-Euro | C45: stapler | D45: 106 | E45: =Records!K106 -> 4 | F45: =Records!R106 -> 5 | G45: =Records!L106 -> 5 | H45: =Records!M106 -> 5 | I45: =Records!Q106 -> 4 | J45: =Records!W106 -> 6 | K45: =Records!X106 -> 5 | L45: =Records!S106 -> 5 | M45: =Records!T106 -> 6 | N45: =Records!U106 -> 6 | O45: =Records!V106 -> 6 | P45: =Records!O106 -> 6 | Q45: =Records!P106 -> 5 | R45: =AVERAGE(Records!S106,Records!T106,Records!U106) -> 5.6666667 | S45: =AVERAGE(Records!V106,Records!O106,Records!P106) -> 5.6666667 | T45: =Records!AA106 -> 152.2 | U45: =Records!AP106 -> 4 | V45: =IF(Records!AA106>150,1,0) -> 1
A46: P018 | B46: One-Euro | C46: stapler | D46: 111 | E46: =Records!K111 -> 4 | F46: =Records!R111 -> 5 | G46: =Records!L111 -> 4 | H46: =Records!M111 -> 4 | I46: =Records!Q111 -> 5 | J46: =Records!W111 -> 6 | K46: =Records!X111 -> 5 | L46: =Records!S111 -> 5 | M46: =Records!T111 -> 7 | N46: =Records!U111 -> 7 | O46: =Records!V111 -> 4 | P46: =Records!O111 -> 5 | Q46: =Records!P111 -> 6 | R46: =AVERAGE(Records!S111,Records!T111,Records!U111) -> 6.3333333 | S46: =AVERAGE(Records!V111,Records!O111,Records!P111) -> 5 | T46: =Records!AA111 -> 141.9 | U46: =Records!AP111 -> 3 | V46: =IF(Records!AA111>150,1,0) -> 0
A47: P019 | B47: One-Euro | C47: stapler | D47: 118 | E47: =Records!K118 -> 4 | F47: =Records!R118 -> 5 | G47: =Records!L118 -> 7 | H47: =Records!M118 -> 5 | I47: =Records!Q118 -> 5 | J47: =Records!W118 -> 5 | K47: =Records!X118 -> 5 | L47: =Records!S118 -> 7 | M47: =Records!T118 -> 6 | N47: =Records!U118 -> 6 | O47: =Records!V118 -> 6 | P47: =Records!O118 -> 6 | Q47: =Records!P118 -> 5 | R47: =AVERAGE(Records!S118,Records!T118,Records!U118) -> 6.3333333 | S47: =AVERAGE(Records!V118,Records!O118,Records!P118) -> 5.6666667 | T47: =Records!AA118 -> 124.7 | U47: =Records!AP118 -> 3 | V47: =IF(Records!AA118>150,1,0) -> 0
A48: P020 | B48: One-Euro | C48: stapler | D48: 123 | E48: =Records!K123 -> 4 | F48: =Records!R123 -> 4 | G48: =Records!L123 -> 4 | H48: =Records!M123 -> 5 | I48: =Records!Q123 -> 4 | J48: =Records!W123 -> 6 | K48: =Records!X123 -> 4 | L48: =Records!S123 -> 6 | M48: =Records!T123 -> 6 | N48: =Records!U123 -> 5 | O48: =Records!V123 -> 5 | P48: =Records!O123 -> 5 | Q48: =Records!P123 -> 5 | R48: =AVERAGE(Records!S123,Records!T123,Records!U123) -> 5.6666667 | S48: =AVERAGE(Records!V123,Records!O123,Records!P123) -> 5 | T48: =Records!AA123 -> 83.9 | U48: =Records!AP123 -> 3 | V48: =IF(Records!AA123>150,1,0) -> 0
A49: P021 | B49: One-Euro | C49: stapler | D49: 127 | E49: =Records!K127 -> 6 | F49: =Records!R127 -> 5 | G49: =Records!L127 -> 5 | H49: =Records!M127 -> 5 | I49: =Records!Q127 -> 5 | J49: =Records!W127 -> 5 | K49: =Records!X127 -> 5 | L49: =Records!S127 -> 5 | M49: =Records!T127 -> 6 | N49: =Records!U127 -> 6 | O49: =Records!V127 -> 5 | P49: =Records!O127 -> 5 | Q49: =Records!P127 -> 6 | R49: =AVERAGE(Records!S127,Records!T127,Records!U127) -> 5.6666667 | S49: =AVERAGE(Records!V127,Records!O127,Records!P127) -> 5.3333333 | T49: =Records!AA127 -> 165.9 | U49: =Records!AP127 -> 3 | V49: =IF(Records!AA127>150,1,0) -> 1
A50: P022 | B50: One-Euro | C50: stapler | D50: 134 | E50: =Records!K134 -> 5 | F50: =Records!R134 -> 6 | G50: =Records!L134 -> 6 | H50: =Records!M134 -> 6 | I50: =Records!Q134 -> 6 | J50: =Records!W134 -> 6 | K50: =Records!X134 -> 6 | L50: =Records!S134 -> 6 | M50: =Records!T134 -> 6 | N50: =Records!U134 -> 7 | O50: =Records!V134 -> 7 | P50: =Records!O134 -> 7 | Q50: =Records!P134 -> 6 | R50: =AVERAGE(Records!S134,Records!T134,Records!U134) -> 6.3333333 | S50: =AVERAGE(Records!V134,Records!O134,Records!P134) -> 6.6666667 | T50: =Records!AA134 -> 101.8 | U50: =Records!AP134 -> 5 | V50: =IF(Records!AA134>150,1,0) -> 0
A51: P023 | B51: One-Euro | C51: stapler | D51: 139 | E51: =Records!K139 -> 5 | F51: =Records!R139 -> 5 | G51: =Records!L139 -> 5 | H51: =Records!M139 -> 4 | I51: =Records!Q139 -> 5 | J51: =Records!W139 -> 5 | K51: =Records!X139 -> 5 | L51: =Records!S139 -> 5 | M51: =Records!T139 -> 5 | N51: =Records!U139 -> 6 | O51: =Records!V139 -> 6 | P51: =Records!O139 -> 5 | Q51: =Records!P139 -> 5 | R51: =AVERAGE(Records!S139,Records!T139,Records!U139) -> 5.3333333 | S51: =AVERAGE(Records!V139,Records!O139,Records!P139) -> 5.3333333 | T51: =Records!AA139 -> 119.2 | U51: =Records!AP139 -> 6 | V51: =IF(Records!AA139>150,1,0) -> 0
A52: P024 | B52: One-Euro | C52: stapler | D52: 146 | E52: =Records!K146 -> 5 | F52: =Records!R146 -> 5 | G52: =Records!L146 -> 5 | H52: =Records!M146 -> 5 | I52: =Records!Q146 -> 5 | J52: =Records!W146 -> 6 | K52: =Records!X146 -> 5 | L52: =Records!S146 -> 6 | M52: =Records!T146 -> 5 | N52: =Records!U146 -> 7 | O52: =Records!V146 -> 6 | P52: =Records!O146 -> 6 | Q52: =Records!P146 -> 5 | R52: =AVERAGE(Records!S146,Records!T146,Records!U146) -> 6 | S52: =AVERAGE(Records!V146,Records!O146,Records!P146) -> 5.6666667 | T52: =Records!AA146 -> 148.2 | U52: =Records!AP146 -> 3 | V52: =IF(Records!AA146>150,1,0) -> 0
A53: P001 | B53: One-Euro | C53: gamepad | D53: 10 | E53: =Records!K10 -> 3 | F53: =Records!R10 -> 4 | G53: =Records!L10 -> 3 | H53: =Records!M10 -> 3 | I53: =Records!Q10 -> 5 | J53: =Records!W10 -> 4 | K53: =Records!X10 -> 5 | L53: =Records!S10 -> 5 | M53: =Records!T10 -> 4 | N53: =Records!U10 -> 6 | O53: =Records!V10 -> 6 | P53: =Records!O10 -> 5 | Q53: =Records!P10 -> 5 | R53: =AVERAGE(Records!S10,Records!T10,Records!U10) -> 5 | S53: =AVERAGE(Records!V10,Records!O10,Records!P10) -> 5.3333333 | T53: =Records!AA10 -> 155.9 | U53: =Records!AP10 -> 3 | V53: =IF(Records!AA10>150,1,0) -> 1
A54: P002 | B54: One-Euro | C54: gamepad | D54: 15 | E54: =Records!K15 -> 5 | F54: =Records!R15 -> 5 | G54: =Records!L15 -> 3 | H54: =Records!M15 -> 4 | I54: =Records!Q15 -> 5 | J54: =Records!W15 -> 4 | K54: =Records!X15 -> 4 | L54: =Records!S15 -> 5 | M54: =Records!T15 -> 4 | N54: =Records!U15 -> 6 | O54: =Records!V15 -> 5 | P54: =Records!O15 -> 5 | Q54: =Records!P15 -> 4 | R54: =AVERAGE(Records!S15,Records!T15,Records!U15) -> 5 | S54: =AVERAGE(Records!V15,Records!O15,Records!P15) -> 4.6666667 | T54: =Records!AA15 -> 103.9 | U54: =Records!AP15 -> 3 | V54: =IF(Records!AA15>150,1,0) -> 0
A55: P003 | B55: One-Euro | C55: gamepad | D55: 22 | E55: =Records!K22 -> 4 | F55: =Records!R22 -> 4 | G55: =Records!L22 -> 4 | H55: =Records!M22 -> 4 | I55: =Records!Q22 -> 3 | J55: =Records!W22 -> 4 | K55: =Records!X22 -> 4 | L55: =Records!S22 -> 4 | M55: =Records!T22 -> 4 | N55: =Records!U22 -> 6 | O55: =Records!V22 -> 5 | P55: =Records!O22 -> 4 | Q55: =Records!P22 -> 3 | R55: =AVERAGE(Records!S22,Records!T22,Records!U22) -> 4.6666667 | S55: =AVERAGE(Records!V22,Records!O22,Records!P22) -> 4 | T55: =Records!AA22 -> 126.8 | U55: =Records!AP22 -> 4 | V55: =IF(Records!AA22>150,1,0) -> 0
A56: P004 | B56: One-Euro | C56: gamepad | D56: 27 | E56: =Records!K27 -> 4 | F56: =Records!R27 -> 4 | G56: =Records!L27 -> 5 | H56: =Records!M27 -> 5 | I56: =Records!Q27 -> 2 | J56: =Records!W27 -> 1 | K56: =Records!X27 -> 4 | L56: =Records!S27 -> 5 | M56: =Records!T27 -> 5 | N56: =Records!U27 -> 5 | O56: =Records!V27 -> 5 | P56: =Records!O27 -> 4 | Q56: =Records!P27 -> 4 | R56: =AVERAGE(Records!S27,Records!T27,Records!U27) -> 5 | S56: =AVERAGE(Records!V27,Records!O27,Records!P27) -> 4.3333333 | T56: =Records!AA27 -> 149.6 | U56: =Records!AP27 -> 4 | V56: =IF(Records!AA27>150,1,0) -> 0
A57: P005 | B57: One-Euro | C57: gamepad | D57: 31 | E57: =Records!K31 -> 1 | F57: =Records!R31 -> 3 | G57: =Records!L31 -> 4 | H57: =Records!M31 -> 3 | I57: =Records!Q31 -> 3 | J57: =Records!W31 -> 3 | K57: =Records!X31 -> 3 | L57: =Records!S31 -> 4 | M57: =Records!T31 -> 3 | N57: =Records!U31 -> 4 | O57: =Records!V31 -> 5 | P57: =Records!O31 -> 3 | Q57: =Records!P31 -> 4 | R57: =AVERAGE(Records!S31,Records!T31,Records!U31) -> 3.6666667 | S57: =AVERAGE(Records!V31,Records!O31,Records!P31) -> 4 | T57: =Records!AA31 -> 97.9 | U57: =Records!AP31 -> 2 | V57: =IF(Records!AA31>150,1,0) -> 0
A58: P006 | B58: One-Euro | C58: gamepad | D58: 38 | E58: =Records!K38 -> 3 | F58: =Records!R38 -> 4 | G58: =Records!L38 -> 5 | H58: =Records!M38 -> 3 | I58: =Records!Q38 -> 2 | J58: =Records!W38 -> 1 | K58: =Records!X38 -> 4 | L58: =Records!S38 -> 5 | M58: =Records!T38 -> 4 | N58: =Records!U38 -> 4 | O58: =Records!V38 -> 5 | P58: =Records!O38 -> 4 | Q58: =Records!P38 -> 4 | R58: =AVERAGE(Records!S38,Records!T38,Records!U38) -> 4.3333333 | S58: =AVERAGE(Records!V38,Records!O38,Records!P38) -> 4.3333333 | T58: =Records!AA38 -> 145.4 | U58: =Records!AP38 -> 2 | V58: =IF(Records!AA38>150,1,0) -> 0
A59: P007 | B59: One-Euro | C59: gamepad | D59: 43 | E59: =Records!K43 -> 5 | F59: =Records!R43 -> 3 | G59: =Records!L43 -> 4 | H59: =Records!M43 -> 5 | I59: =Records!Q43 -> 3 | J59: =Records!W43 -> 4 | K59: =Records!X43 -> 4 | L59: =Records!S43 -> 5 | M59: =Records!T43 -> 4 | N59: =Records!U43 -> 4 | O59: =Records!V43 -> 5 | P59: =Records!O43 -> 5 | Q59: =Records!P43 -> 5 | R59: =AVERAGE(Records!S43,Records!T43,Records!U43) -> 4.3333333 | S59: =AVERAGE(Records!V43,Records!O43,Records!P43) -> 5 | T59: =Records!AA43 -> 156.3 | U59: =Records!AP43 -> 3 | V59: =IF(Records!AA43>150,1,0) -> 1
A60: P008 | B60: One-Euro | C60: gamepad | D60: 50 | E60: =Records!K50 -> 4 | F60: =Records!R50 -> 4 | G60: =Records!L50 -> 5 | H60: =Records!M50 -> 4 | I60: =Records!Q50 -> 4 | J60: =Records!W50 -> 4 | K60: =Records!X50 -> 5 | L60: =Records!S50 -> 5 | M60: =Records!T50 -> 5 | N60: =Records!U50 -> 6 | O60: =Records!V50 -> 6 | P60: =Records!O50 -> 5 | Q60: =Records!P50 -> 5 | R60: =AVERAGE(Records!S50,Records!T50,Records!U50) -> 5.3333333 | S60: =AVERAGE(Records!V50,Records!O50,Records!P50) -> 5.3333333 | T60: =Records!AA50 -> 121.2 | U60: =Records!AP50 -> 2 | V60: =IF(Records!AA50>150,1,0) -> 0
A61: P009 | B61: One-Euro | C61: gamepad | D61: 58 | E61: =Records!K58 -> 4 | F61: =Records!R58 -> 4 | G61: =Records!L58 -> 6 | H61: =Records!M58 -> 4 | I61: =Records!Q58 -> 5 | J61: =Records!W58 -> 4 | K61: =Records!X58 -> 5 | L61: =Records!S58 -> 4 | M61: =Records!T58 -> 5 | N61: =Records!U58 -> 6 | O61: =Records!V58 -> 6 | P61: =Records!O58 -> 5 | Q61: =Records!P58 -> 5 | R61: =AVERAGE(Records!S58,Records!T58,Records!U58) -> 5 | S61: =AVERAGE(Records!V58,Records!O58,Records!P58) -> 5.3333333 | T61: =Records!AA58 -> 111.1 | U61: =Records!AP58 -> 3 | V61: =IF(Records!AA58>150,1,0) -> 0
A62: P010 | B62: One-Euro | C62: gamepad | D62: 63 | E62: =Records!K63 -> 4 | F62: =Records!R63 -> 3 | G62: =Records!L63 -> 4 | H62: =Records!M63 -> 3 | I62: =Records!Q63 -> 3 | J62: =Records!W63 -> 4 | K62: =Records!X63 -> 4 | L62: =Records!S63 -> 4 | M62: =Records!T63 -> 4 | N62: =Records!U63 -> 5 | O62: =Records!V63 -> 5 | P62: =Records!O63 -> 4 | Q62: =Records!P63 -> 4 | R62: =AVERAGE(Records!S63,Records!T63,Records!U63) -> 4.3333333 | S62: =AVERAGE(Records!V63,Records!O63,Records!P63) -> 4.3333333 | T62: =Records!AA63 -> 191.8 | U62: =Records!AP63 -> 2 | V62: =IF(Records!AA63>150,1,0) -> 1
A63: P011 | B63: One-Euro | C63: gamepad | D63: 70 | E63: =Records!K70 -> 4 | F63: =Records!R70 -> 6 | G63: =Records!L70 -> 5 | H63: =Records!M70 -> 5 | I63: =Records!Q70 -> 6 | J63: =Records!W70 -> 5 | K63: =Records!X70 -> 5 | L63: =Records!S70 -> 5 | M63: =Records!T70 -> 5 | N63: =Records!U70 -> 6 | O63: =Records!V70 -> 5 | P63: =Records!O70 -> 5 | Q63: =Records!P70 -> 5 | R63: =AVERAGE(Records!S70,Records!T70,Records!U70) -> 5.3333333 | S63: =AVERAGE(Records!V70,Records!O70,Records!P70) -> 5 | T63: =Records!AA70 -> 130.5 | U63: =Records!AP70 -> 4 | V63: =IF(Records!AA70>150,1,0) -> 0
A64: P012 | B64: One-Euro | C64: gamepad | D64: 75 | E64: =Records!K75 -> 3 | F64: =Records!R75 -> 4 | G64: =Records!L75 -> 5 | H64: =Records!M75 -> 5 | I64: =Records!Q75 -> 4 | J64: =Records!W75 -> 3 | K64: =Records!X75 -> 4 | L64: =Records!S75 -> 4 | M64: =Records!T75 -> 4 | N64: =Records!U75 -> 6 | O64: =Records!V75 -> 4 | P64: =Records!O75 -> 5 | Q64: =Records!P75 -> 5 | R64: =AVERAGE(Records!S75,Records!T75,Records!U75) -> 4.6666667 | S64: =AVERAGE(Records!V75,Records!O75,Records!P75) -> 4.6666667 | T64: =Records!AA75 -> 137.2 | U64: =Records!AP75 -> 4 | V64: =IF(Records!AA75>150,1,0) -> 0
A65: P013 | B65: One-Euro | C65: gamepad | D65: 79 | E65: =Records!K79 -> 4 | F65: =Records!R79 -> 5 | G65: =Records!L79 -> 6 | H65: =Records!M79 -> 5 | I65: =Records!Q79 -> 5 | J65: =Records!W79 -> 5 | K65: =Records!X79 -> 4 | L65: =Records!S79 -> 6 | M65: =Records!T79 -> 5 | N65: =Records!U79 -> 5 | O65: =Records!V79 -> 5 | P65: =Records!O79 -> 5 | Q65: =Records!P79 -> 5 | R65: =AVERAGE(Records!S79,Records!T79,Records!U79) -> 5.3333333 | S65: =AVERAGE(Records!V79,Records!O79,Records!P79) -> 5 | T65: =Records!AA79 -> 143.2 | U65: =Records!AP79 -> 5 | V65: =IF(Records!AA79>150,1,0) -> 0
A66: P014 | B66: One-Euro | C66: gamepad | D66: 86 | E66: =Records!K86 -> 3 | F66: =Records!R86 -> 4 | G66: =Records!L86 -> 5 | H66: =Records!M86 -> 4 | I66: =Records!Q86 -> 3 | J66: =Records!W86 -> 3 | K66: =Records!X86 -> 4 | L66: =Records!S86 -> 4 | M66: =Records!T86 -> 4 | N66: =Records!U86 -> 6 | O66: =Records!V86 -> 4 | P66: =Records!O86 -> 4 | Q66: =Records!P86 -> 4 | R66: =AVERAGE(Records!S86,Records!T86,Records!U86) -> 4.6666667 | S66: =AVERAGE(Records!V86,Records!O86,Records!P86) -> 4 | T66: =Records!AA86 -> 141.4 | U66: =Records!AP86 -> 3 | V66: =IF(Records!AA86>150,1,0) -> 0
A67: P015 | B67: One-Euro | C67: gamepad | D67: 91 | E67: =Records!K91 -> 4 | F67: =Records!R91 -> 5 | G67: =Records!L91 -> 5 | H67: =Records!M91 -> 4 | I67: =Records!Q91 -> 4 | J67: =Records!W91 -> 3 | K67: =Records!X91 -> 4 | L67: =Records!S91 -> 5 | M67: =Records!T91 -> 4 | N67: =Records!U91 -> 6 | O67: =Records!V91 -> 5 | P67: =Records!O91 -> 6 | Q67: =Records!P91 -> 4 | R67: =AVERAGE(Records!S91,Records!T91,Records!U91) -> 5 | S67: =AVERAGE(Records!V91,Records!O91,Records!P91) -> 5 | T67: =Records!AA91 -> 116.3 | U67: =Records!AP91 -> 2 | V67: =IF(Records!AA91>150,1,0) -> 0
A68: P016 | B68: One-Euro | C68: gamepad | D68: 98 | E68: =Records!K98 -> 5 | F68: =Records!R98 -> 5 | G68: =Records!L98 -> 5 | H68: =Records!M98 -> 5 | I68: =Records!Q98 -> 5 | J68: =Records!W98 -> 5 | K68: =Records!X98 -> 5 | L68: =Records!S98 -> 5 | M68: =Records!T98 -> 5 | N68: =Records!U98 -> 7 | O68: =Records!V98 -> 5 | P68: =Records!O98 -> 5 | Q68: =Records!P98 -> 4 | R68: =AVERAGE(Records!S98,Records!T98,Records!U98) -> 5.6666667 | S68: =AVERAGE(Records!V98,Records!O98,Records!P98) -> 4.6666667 | T68: =Records!AA98 -> 193.2 | U68: =Records!AP98 -> 4 | V68: =IF(Records!AA98>150,1,0) -> 1
A69: P017 | B69: One-Euro | C69: gamepad | D69: 102 | E69: =Records!K102 -> 5 | F69: =Records!R102 -> 5 | G69: =Records!L102 -> 5 | H69: =Records!M102 -> 6 | I69: =Records!Q102 -> 2 | J69: =Records!W102 -> 2 | K69: =Records!X102 -> 4 | L69: =Records!S102 -> 6 | M69: =Records!T102 -> 5 | N69: =Records!U102 -> 7 | O69: =Records!V102 -> 5 | P69: =Records!O102 -> 5 | Q69: =Records!P102 -> 4 | R69: =AVERAGE(Records!S102,Records!T102,Records!U102) -> 6 | S69: =AVERAGE(Records!V102,Records!O102,Records!P102) -> 4.6666667 | T69: =Records!AA102 -> 161.7 | U69: =Records!AP102 -> 2 | V69: =IF(Records!AA102>150,1,0) -> 1
A70: P018 | B70: One-Euro | C70: gamepad | D70: 107 | E70: =Records!K107 -> 3 | F70: =Records!R107 -> 2 | G70: =Records!L107 -> 4 | H70: =Records!M107 -> 4 | I70: =Records!Q107 -> 3 | J70: =Records!W107 -> 3 | K70: =Records!X107 -> 3 | L70: =Records!S107 -> 5 | M70: =Records!T107 -> 4 | N70: =Records!U107 -> 6 | O70: =Records!V107 -> 5 | P70: =Records!O107 -> 4 | Q70: =Records!P107 -> 5 | R70: =AVERAGE(Records!S107,Records!T107,Records!U107) -> 5 | S70: =AVERAGE(Records!V107,Records!O107,Records!P107) -> 4.6666667 | T70: =Records!AA107 -> 115.3 | U70: =Records!AP107 -> 3 | V70: =IF(Records!AA107>150,1,0) -> 0
A71: P019 | B71: One-Euro | C71: gamepad | D71: 114 | E71: =Records!K114 -> 3 | F71: =Records!R114 -> 4 | G71: =Records!L114 -> 4 | H71: =Records!M114 -> 4 | I71: =Records!Q114 -> 3 | J71: =Records!W114 -> 3 | K71: =Records!X114 -> 4 | L71: =Records!S114 -> 5 | M71: =Records!T114 -> 4 | N71: =Records!U114 -> 6 | O71: =Records!V114 -> 4 | P71: =Records!O114 -> 4 | Q71: =Records!P114 -> 4 | R71: =AVERAGE(Records!S114,Records!T114,Records!U114) -> 5 | S71: =AVERAGE(Records!V114,Records!O114,Records!P114) -> 4 | T71: =Records!AA114 -> 133.1 | U71: =Records!AP114 -> 4 | V71: =IF(Records!AA114>150,1,0) -> 0
A72: P020 | B72: One-Euro | C72: gamepad | D72: 119 | E72: =Records!K119 -> 5 | F72: =Records!R119 -> 4 | G72: =Records!L119 -> 5 | H72: =Records!M119 -> 5 | I72: =Records!Q119 -> 6 | J72: =Records!W119 -> 6 | K72: =Records!X119 -> 4 | L72: =Records!S119 -> 6 | M72: =Records!T119 -> 6 | N72: =Records!U119 -> 7 | O72: =Records!V119 -> 5 | P72: =Records!O119 -> 5 | Q72: =Records!P119 -> 5 | R72: =AVERAGE(Records!S119,Records!T119,Records!U119) -> 6.3333333 | S72: =AVERAGE(Records!V119,Records!O119,Records!P119) -> 5 | T72: =Records!AA119 -> 116.8 | U72: =Records!AP119 -> 5 | V72: =IF(Records!AA119>150,1,0) -> 0
A73: P021 | B73: One-Euro | C73: gamepad | D73: 126 | E73: =Records!K126 -> 5 | F73: =Records!R126 -> 4 | G73: =Records!L126 -> 5 | H73: =Records!M126 -> 5 | I73: =Records!Q126 -> 5 | J73: =Records!W126 -> 4 | K73: =Records!X126 -> 5 | L73: =Records!S126 -> 6 | M73: =Records!T126 -> 5 | N73: =Records!U126 -> 6 | O73: =Records!V126 -> 5 | P73: =Records!O126 -> 5 | Q73: =Records!P126 -> 5 | R73: =AVERAGE(Records!S126,Records!T126,Records!U126) -> 5.6666667 | S73: =AVERAGE(Records!V126,Records!O126,Records!P126) -> 5 | T73: =Records!AA126 -> 176.9 | U73: =Records!AP126 -> 6 | V73: =IF(Records!AA126>150,1,0) -> 1
A74: P022 | B74: One-Euro | C74: gamepad | D74: 131 | E74: =Records!K131 -> 6 | F74: =Records!R131 -> 6 | G74: =Records!L131 -> 6 | H74: =Records!M131 -> 5 | I74: =Records!Q131 -> 6 | J74: =Records!W131 -> 7 | K74: =Records!X131 -> 6 | L74: =Records!S131 -> 6 | M74: =Records!T131 -> 5 | N74: =Records!U131 -> 7 | O74: =Records!V131 -> 6 | P74: =Records!O131 -> 7 | Q74: =Records!P131 -> 6 | R74: =AVERAGE(Records!S131,Records!T131,Records!U131) -> 6 | S74: =AVERAGE(Records!V131,Records!O131,Records!P131) -> 6.3333333 | T74: =Records!AA131 -> 95.5 | U74: =Records!AP131 -> 4 | V74: =IF(Records!AA131>150,1,0) -> 0
A75: P023 | B75: One-Euro | C75: gamepad | D75: 138 | E75: =Records!K138 -> 4 | F75: =Records!R138 -> 5 | G75: =Records!L138 -> 5 | H75: =Records!M138 -> 5 | I75: =Records!Q138 -> 5 | J75: =Records!W138 -> 5 | K75: =Records!X138 -> 5 | L75: =Records!S138 -> 4 | M75: =Records!T138 -> 5 | N75: =Records!U138 -> 5 | O75: =Records!V138 -> 5 | P75: =Records!O138 -> 5 | Q75: =Records!P138 -> 5 | R75: =AVERAGE(Records!S138,Records!T138,Records!U138) -> 4.6666667 | S75: =AVERAGE(Records!V138,Records!O138,Records!P138) -> 5 | T75: =Records!AA138 -> 138.6 | U75: =Records!AP138 -> 6 | V75: =IF(Records!AA138>150,1,0) -> 0
A76: P024 | B76: One-Euro | C76: gamepad | D76: 143 | E76: =Records!K143 -> 3 | F76: =Records!R143 -> 5 | G76: =Records!L143 -> 4 | H76: =Records!M143 -> 4 | I76: =Records!Q143 -> 5 | J76: =Records!W143 -> 5 | K76: =Records!X143 -> 5 | L76: =Records!S143 -> 5 | M76: =Records!T143 -> 4 | N76: =Records!U143 -> 6 | O76: =Records!V143 -> 6 | P76: =Records!O143 -> 5 | Q76: =Records!P143 -> 5 | R76: =AVERAGE(Records!S143,Records!T143,Records!U143) -> 5 | S76: =AVERAGE(Records!V143,Records!O143,Records!P143) -> 5.3333333 | T76: =Records!AA143 -> 129.2 | U76: =Records!AP143 -> 5 | V76: =IF(Records!AA143>150,1,0) -> 0
A77: P001 | B77: EgoAnchor | C77: blue_mouse | D77: 5 | E77: =Records!K5 -> 5 | F77: =Records!R5 -> 5 | G77: =Records!L5 -> 4 | H77: =Records!M5 -> 4 | I77: =Records!Q5 -> 4 | J77: =Records!W5 -> 5 | K77: =Records!X5 -> 4 | L77: =Records!S5 -> 5 | M77: =Records!T5 -> 5 | N77: =Records!U5 -> 6 | O77: =Records!V5 -> 5 | P77: =Records!O5 -> 5 | Q77: =Records!P5 -> 4 | R77: =AVERAGE(Records!S5,Records!T5,Records!U5) -> 5.3333333 | S77: =AVERAGE(Records!V5,Records!O5,Records!P5) -> 4.6666667 | T77: =Records!AA5 -> 195.6 | U77: =Records!AP5 -> 3 | V77: =IF(Records!AA5>150,1,0) -> 1
A78: P002 | B78: EgoAnchor | C78: blue_mouse | D78: 12 | E78: =Records!K12 -> 6 | F78: =Records!R12 -> 6 | G78: =Records!L12 -> 5 | H78: =Records!M12 -> 5 | I78: =Records!Q12 -> 6 | J78: =Records!W12 -> 6 | K78: =Records!X12 -> 5 | L78: =Records!S12 -> 6 | M78: =Records!T12 -> 7 | N78: =Records!U12 -> 7 | O78: =Records!V12 -> 6 | P78: =Records!O12 -> 5 | Q78: =Records!P12 -> 5 | R78: =AVERAGE(Records!S12,Records!T12,Records!U12) -> 6.6666667 | S78: =AVERAGE(Records!V12,Records!O12,Records!P12) -> 5.3333333 | T78: =Records!AA12 -> 122.3 | U78: =Records!AP12 -> 4 | V78: =IF(Records!AA12>150,1,0) -> 0
A79: P003 | B79: EgoAnchor | C79: blue_mouse | D79: 17 | E79: =Records!K17 -> 6 | F79: =Records!R17 -> 6 | G79: =Records!L17 -> 5 | H79: =Records!M17 -> 5 | I79: =Records!Q17 -> 4 | J79: =Records!W17 -> 6 | K79: =Records!X17 -> 7 | L79: =Records!S17 -> 6 | M79: =Records!T17 -> 5 | N79: =Records!U17 -> 6 | O79: =Records!V17 -> 5 | P79: =Records!O17 -> 5 | Q79: =Records!P17 -> 5 | R79: =AVERAGE(Records!S17,Records!T17,Records!U17) -> 5.6666667 | S79: =AVERAGE(Records!V17,Records!O17,Records!P17) -> 5 | T79: =Records!AA17 -> 112.8 | U79: =Records!AP17 -> 4 | V79: =IF(Records!AA17>150,1,0) -> 0
A80: P004 | B80: EgoAnchor | C80: blue_mouse | D80: 24 | E80: =Records!K24 -> 6 | F80: =Records!R24 -> 5 | G80: =Records!L24 -> 5 | H80: =Records!M24 -> 5 | I80: =Records!Q24 -> 5 | J80: =Records!W24 -> 5 | K80: =Records!X24 -> 4 | L80: =Records!S24 -> 5 | M80: =Records!T24 -> 5 | N80: =Records!U24 -> 6 | O80: =Records!V24 -> 6 | P80: =Records!O24 -> 3 | Q80: =Records!P24 -> 5 | R80: =AVERAGE(Records!S24,Records!T24,Records!U24) -> 5.3333333 | S80: =AVERAGE(Records!V24,Records!O24,Records!P24) -> 4.6666667 | T80: =Records!AA24 -> 151.1 | U80: =Records!AP24 -> 5 | V80: =IF(Records!AA24>150,1,0) -> 1
A81: P005 | B81: EgoAnchor | C81: blue_mouse | D81: 29 | E81: =Records!K29 -> 7 | F81: =Records!R29 -> 4 | G81: =Records!L29 -> 4 | H81: =Records!M29 -> 4 | I81: =Records!Q29 -> 4 | J81: =Records!W29 -> 4 | K81: =Records!X29 -> 5 | L81: =Records!S29 -> 4 | M81: =Records!T29 -> 4 | N81: =Records!U29 -> 6 | O81: =Records!V29 -> 6 | P81: =Records!O29 -> 5 | Q81: =Records!P29 -> 6 | R81: =AVERAGE(Records!S29,Records!T29,Records!U29) -> 4.6666667 | S81: =AVERAGE(Records!V29,Records!O29,Records!P29) -> 5.6666667 | T81: =Records!AA29 -> 122.8 | U81: =Records!AP29 -> 4 | V81: =IF(Records!AA29>150,1,0) -> 0
A82: P006 | B82: EgoAnchor | C82: blue_mouse | D82: 36 | E82: =Records!K36 -> 3 | F82: =Records!R36 -> 4 | G82: =Records!L36 -> 4 | H82: =Records!M36 -> 4 | I82: =Records!Q36 -> 3 | J82: =Records!W36 -> 4 | K82: =Records!X36 -> 4 | L82: =Records!S36 -> 5 | M82: =Records!T36 -> 4 | N82: =Records!U36 -> 4 | O82: =Records!V36 -> 4 | P82: =Records!O36 -> 3 | Q82: =Records!P36 -> 4 | R82: =AVERAGE(Records!S36,Records!T36,Records!U36) -> 4.3333333 | S82: =AVERAGE(Records!V36,Records!O36,Records!P36) -> 3.6666667 | T82: =Records!AA36 -> 159.1 | U82: =Records!AP36 -> 5 | V82: =IF(Records!AA36>150,1,0) -> 1
A83: P007 | B83: EgoAnchor | C83: blue_mouse | D83: 41 | E83: =Records!K41 -> 6 | F83: =Records!R41 -> 5 | G83: =Records!L41 -> 6 | H83: =Records!M41 -> 6 | I83: =Records!Q41 -> 5 | J83: =Records!W41 -> 6 | K83: =Records!X41 -> 6 | L83: =Records!S41 -> 6 | M83: =Records!T41 -> 6 | N83: =Records!U41 -> 6 | O83: =Records!V41 -> 6 | P83: =Records!O41 -> 6 | Q83: =Records!P41 -> 6 | R83: =AVERAGE(Records!S41,Records!T41,Records!U41) -> 6 | S83: =AVERAGE(Records!V41,Records!O41,Records!P41) -> 6 | T83: =Records!AA41 -> 163.7 | U83: =Records!AP41 -> 6 | V83: =IF(Records!AA41>150,1,0) -> 1
A84: P008 | B84: EgoAnchor | C84: blue_mouse | D84: 48 | E84: =Records!K48 -> 6 | F84: =Records!R48 -> 4 | G84: =Records!L48 -> 4 | H84: =Records!M48 -> 5 | I84: =Records!Q48 -> 3 | J84: =Records!W48 -> 6 | K84: =Records!X48 -> 6 | L84: =Records!S48 -> 4 | M84: =Records!T48 -> 5 | N84: =Records!U48 -> 5 | O84: =Records!V48 -> 5 | P84: =Records!O48 -> 4 | Q84: =Records!P48 -> 4 | R84: =AVERAGE(Records!S48,Records!T48,Records!U48) -> 4.6666667 | S84: =AVERAGE(Records!V48,Records!O48,Records!P48) -> 4.3333333 | T84: =Records!AA48 -> 143 | U84: =Records!AP48 -> 3 | V84: =IF(Records!AA48>150,1,0) -> 0
A85: P009 | B85: EgoAnchor | C85: blue_mouse | D85: 56 | E85: =Records!K56 -> 6 | F85: =Records!R56 -> 7 | G85: =Records!L56 -> 6 | H85: =Records!M56 -> 6 | I85: =Records!Q56 -> 7 | J85: =Records!W56 -> 7 | K85: =Records!X56 -> 6 | L85: =Records!S56 -> 6 | M85: =Records!T56 -> 6 | N85: =Records!U56 -> 7 | O85: =Records!V56 -> 7 | P85: =Records!O56 -> 5 | Q85: =Records!P56 -> 5 | R85: =AVERAGE(Records!S56,Records!T56,Records!U56) -> 6.3333333 | S85: =AVERAGE(Records!V56,Records!O56,Records!P56) -> 5.6666667 | T85: =Records!AA56 -> 121.8 | U85: =Records!AP56 -> 3 | V85: =IF(Records!AA56>150,1,0) -> 0
A86: P010 | B86: EgoAnchor | C86: blue_mouse | D86: 61 | E86: =Records!K61 -> 6 | F86: =Records!R61 -> 6 | G86: =Records!L61 -> 5 | H86: =Records!M61 -> 5 | I86: =Records!Q61 -> 5 | J86: =Records!W61 -> 6 | K86: =Records!X61 -> 6 | L86: =Records!S61 -> 6 | M86: =Records!T61 -> 5 | N86: =Records!U61 -> 6 | O86: =Records!V61 -> 6 | P86: =Records!O61 -> 6 | Q86: =Records!P61 -> 5 | R86: =AVERAGE(Records!S61,Records!T61,Records!U61) -> 5.6666667 | S86: =AVERAGE(Records!V61,Records!O61,Records!P61) -> 5.6666667 | T86: =Records!AA61 -> 196.6 | U86: =Records!AP61 -> 4 | V86: =IF(Records!AA61>150,1,0) -> 1
A87: P011 | B87: EgoAnchor | C87: blue_mouse | D87: 68 | E87: =Records!K68 -> 6 | F87: =Records!R68 -> 5 | G87: =Records!L68 -> 6 | H87: =Records!M68 -> 5 | I87: =Records!Q68 -> 5 | J87: =Records!W68 -> 6 | K87: =Records!X68 -> 6 | L87: =Records!S68 -> 5 | M87: =Records!T68 -> 6 | N87: =Records!U68 -> 6 | O87: =Records!V68 -> 6 | P87: =Records!O68 -> 6 | Q87: =Records!P68 -> 6 | R87: =AVERAGE(Records!S68,Records!T68,Records!U68) -> 5.6666667 | S87: =AVERAGE(Records!V68,Records!O68,Records!P68) -> 6 | T87: =Records!AA68 -> 159.2 | U87: =Records!AP68 -> 5 | V87: =IF(Records!AA68>150,1,0) -> 1
A88: P012 | B88: EgoAnchor | C88: blue_mouse | D88: 73 | E88: =Records!K73 -> 7 | F88: =Records!R73 -> 6 | G88: =Records!L73 -> 5 | H88: =Records!M73 -> 6 | I88: =Records!Q73 -> 4 | J88: =Records!W73 -> 5 | K88: =Records!X73 -> 5 | L88: =Records!S73 -> 7 | M88: =Records!T73 -> 5 | N88: =Records!U73 -> 7 | O88: =Records!V73 -> 6 | P88: =Records!O73 -> 4 | Q88: =Records!P73 -> 6 | R88: =AVERAGE(Records!S73,Records!T73,Records!U73) -> 6.3333333 | S88: =AVERAGE(Records!V73,Records!O73,Records!P73) -> 5.3333333 | T88: =Records!AA73 -> 119.8 | U88: =Records!AP73 -> 2 | V88: =IF(Records!AA73>150,1,0) -> 0
A89: P013 | B89: EgoAnchor | C89: blue_mouse | D89: 81 | E89: =Records!K81 -> 6 | F89: =Records!R81 -> 5 | G89: =Records!L81 -> 5 | H89: =Records!M81 -> 5 | I89: =Records!Q81 -> 4 | J89: =Records!W81 -> 6 | K89: =Records!X81 -> 5 | L89: =Records!S81 -> 5 | M89: =Records!T81 -> 6 | N89: =Records!U81 -> 5 | O89: =Records!V81 -> 5 | P89: =Records!O81 -> 5 | Q89: =Records!P81 -> 5 | R89: =AVERAGE(Records!S81,Records!T81,Records!U81) -> 5.3333333 | S89: =AVERAGE(Records!V81,Records!O81,Records!P81) -> 5 | T89: =Records!AA81 -> 145.1 | U89: =Records!AP81 -> 4 | V89: =IF(Records!AA81>150,1,0) -> 0
A90: P014 | B90: EgoAnchor | C90: blue_mouse | D90: 88 | E90: =Records!K88 -> 6 | F90: =Records!R88 -> 5 | G90: =Records!L88 -> 5 | H90: =Records!M88 -> 4 | I90: =Records!Q88 -> 4 | J90: =Records!W88 -> 4 | K90: =Records!X88 -> 6 | L90: =Records!S88 -> 5 | M90: =Records!T88 -> 5 | N90: =Records!U88 -> 6 | O90: =Records!V88 -> 5 | P90: =Records!O88 -> 5 | Q90: =Records!P88 -> 4 | R90: =AVERAGE(Records!S88,Records!T88,Records!U88) -> 5.3333333 | S90: =AVERAGE(Records!V88,Records!O88,Records!P88) -> 4.6666667 | T90: =Records!AA88 -> 140.7 | U90: =Records!AP88 -> 3 | V90: =IF(Records!AA88>150,1,0) -> 0
A91: P015 | B91: EgoAnchor | C91: blue_mouse | D91: 93 | E91: =Records!K93 -> 6 | F91: =Records!R93 -> 5 | G91: =Records!L93 -> 4 | H91: =Records!M93 -> 4 | I91: =Records!Q93 -> 4 | J91: =Records!W93 -> 4 | K91: =Records!X93 -> 5 | L91: =Records!S93 -> 4 | M91: =Records!T93 -> 4 | N91: =Records!U93 -> 4 | O91: =Records!V93 -> 5 | P91: =Records!O93 -> 5 | Q91: =Records!P93 -> 5 | R91: =AVERAGE(Records!S93,Records!T93,Records!U93) -> 4 | S91: =AVERAGE(Records!V93,Records!O93,Records!P93) -> 5 | T91: =Records!AA93 -> 103.7 | U91: =Records!AP93 -> 3 | V91: =IF(Records!AA93>150,1,0) -> 0
A92: P016 | B92: EgoAnchor | C92: blue_mouse | D92: 100 | E92: =Records!K100 -> 5 | F92: =Records!R100 -> 5 | G92: =Records!L100 -> 5 | H92: =Records!M100 -> 5 | I92: =Records!Q100 -> 5 | J92: =Records!W100 -> 6 | K92: =Records!X100 -> 6 | L92: =Records!S100 -> 5 | M92: =Records!T100 -> 5 | N92: =Records!U100 -> 6 | O92: =Records!V100 -> 6 | P92: =Records!O100 -> 5 | Q92: =Records!P100 -> 5 | R92: =AVERAGE(Records!S100,Records!T100,Records!U100) -> 5.3333333 | S92: =AVERAGE(Records!V100,Records!O100,Records!P100) -> 5.3333333 | T92: =Records!AA100 -> 183.1 | U92: =Records!AP100 -> 9 | V92: =IF(Records!AA100>150,1,0) -> 1
A93: P017 | B93: EgoAnchor | C93: blue_mouse | D93: 104 | E93: =Records!K104 -> 4 | F93: =Records!R104 -> 3 | G93: =Records!L104 -> 4 | H93: =Records!M104 -> 5 | I93: =Records!Q104 -> 5 | J93: =Records!W104 -> 6 | K93: =Records!X104 -> 4 | L93: =Records!S104 -> 5 | M93: =Records!T104 -> 4 | N93: =Records!U104 -> 7 | O93: =Records!V104 -> 6 | P93: =Records!O104 -> 5 | Q93: =Records!P104 -> 5 | R93: =AVERAGE(Records!S104,Records!T104,Records!U104) -> 5.3333333 | S93: =AVERAGE(Records!V104,Records!O104,Records!P104) -> 5.3333333 | T93: =Records!AA104 -> 150.1 | U93: =Records!AP104 -> 4 | V93: =IF(Records!AA104>150,1,0) -> 1
A94: P018 | B94: EgoAnchor | C94: blue_mouse | D94: 109 | E94: =Records!K109 -> 7 | F94: =Records!R109 -> 5 | G94: =Records!L109 -> 4 | H94: =Records!M109 -> 5 | I94: =Records!Q109 -> 6 | J94: =Records!W109 -> 6 | K94: =Records!X109 -> 6 | L94: =Records!S109 -> 6 | M94: =Records!T109 -> 5 | N94: =Records!U109 -> 6 | O94: =Records!V109 -> 6 | P94: =Records!O109 -> 5 | Q94: =Records!P109 -> 5 | R94: =AVERAGE(Records!S109,Records!T109,Records!U109) -> 5.6666667 | S94: =AVERAGE(Records!V109,Records!O109,Records!P109) -> 5.3333333 | T94: =Records!AA109 -> 120.8 | U94: =Records!AP109 -> 4 | V94: =IF(Records!AA109>150,1,0) -> 0
A95: P019 | B95: EgoAnchor | C95: blue_mouse | D95: 116 | E95: =Records!K116 -> 7 | F95: =Records!R116 -> 6 | G95: =Records!L116 -> 6 | H95: =Records!M116 -> 4 | I95: =Records!Q116 -> 5 | J95: =Records!W116 -> 6 | K95: =Records!X116 -> 6 | L95: =Records!S116 -> 6 | M95: =Records!T116 -> 7 | N95: =Records!U116 -> 6 | O95: =Records!V116 -> 6 | P95: =Records!O116 -> 6 | Q95: =Records!P116 -> 5 | R95: =AVERAGE(Records!S116,Records!T116,Records!U116) -> 6.3333333 | S95: =AVERAGE(Records!V116,Records!O116,Records!P116) -> 5.6666667 | T95: =Records!AA116 -> 128.6 | U95: =Records!AP116 -> 4 | V95: =IF(Records!AA116>150,1,0) -> 0
A96: P020 | B96: EgoAnchor | C96: blue_mouse | D96: 121 | E96: =Records!K121 -> 5 | F96: =Records!R121 -> 7 | G96: =Records!L121 -> 4 | H96: =Records!M121 -> 4 | I96: =Records!Q121 -> 5 | J96: =Records!W121 -> 5 | K96: =Records!X121 -> 4 | L96: =Records!S121 -> 6 | M96: =Records!T121 -> 5 | N96: =Records!U121 -> 6 | O96: =Records!V121 -> 4 | P96: =Records!O121 -> 4 | Q96: =Records!P121 -> 6 | R96: =AVERAGE(Records!S121,Records!T121,Records!U121) -> 5.6666667 | S96: =AVERAGE(Records!V121,Records!O121,Records!P121) -> 4.6666667 | T96: =Records!AA121 -> 98 | U96: =Records!AP121 -> 3 | V96: =IF(Records!AA121>150,1,0) -> 0
A97: P021 | B97: EgoAnchor | C97: blue_mouse | D97: 129 | E97: =Records!K129 -> 6 | F97: =Records!R129 -> 5 | G97: =Records!L129 -> 4 | H97: =Records!M129 -> 5 | I97: =Records!Q129 -> 5 | J97: =Records!W129 -> 4 | K97: =Records!X129 -> 4 | L97: =Records!S129 -> 4 | M97: =Records!T129 -> 5 | N97: =Records!U129 -> 5 | O97: =Records!V129 -> 5 | P97: =Records!O129 -> 5 | Q97: =Records!P129 -> 5 | R97: =AVERAGE(Records!S129,Records!T129,Records!U129) -> 4.6666667 | S97: =AVERAGE(Records!V129,Records!O129,Records!P129) -> 5 | T97: =Records!AA129 -> 158.5 | U97: =Records!AP129 -> 5 | V97: =IF(Records!AA129>150,1,0) -> 1
A98: P022 | B98: EgoAnchor | C98: blue_mouse | D98: 136 | E98: =Records!K136 -> 6 | F98: =Records!R136 -> 6 | G98: =Records!L136 -> 6 | H98: =Records!M136 -> 6 | I98: =Records!Q136 -> 7 | J98: =Records!W136 -> 7 | K98: =Records!X136 -> 6 | L98: =Records!S136 -> 4 | M98: =Records!T136 -> 5 | N98: =Records!U136 -> 5 | O98: =Records!V136 -> 7 | P98: =Records!O136 -> 6 | Q98: =Records!P136 -> 6 | R98: =AVERAGE(Records!S136,Records!T136,Records!U136) -> 4.6666667 | S98: =AVERAGE(Records!V136,Records!O136,Records!P136) -> 6.3333333 | T98: =Records!AA136 -> 119.9 | U98: =Records!AP136 -> 5 | V98: =IF(Records!AA136>150,1,0) -> 0
A99: P023 | B99: EgoAnchor | C99: blue_mouse | D99: 141 | E99: =Records!K141 -> 5 | F99: =Records!R141 -> 4 | G99: =Records!L141 -> 4 | H99: =Records!M141 -> 4 | I99: =Records!Q141 -> 5 | J99: =Records!W141 -> 5 | K99: =Records!X141 -> 5 | L99: =Records!S141 -> 4 | M99: =Records!T141 -> 4 | N99: =Records!U141 -> 5 | O99: =Records!V141 -> 4 | P99: =Records!O141 -> 4 | Q99: =Records!P141 -> 5 | R99: =AVERAGE(Records!S141,Records!T141,Records!U141) -> 4.3333333 | S99: =AVERAGE(Records!V141,Records!O141,Records!P141) -> 4.3333333 | T99: =Records!AA141 -> 141 | U99: =Records!AP141 -> 3 | V99: =IF(Records!AA141>150,1,0) -> 0
A100: P024 | B100: EgoAnchor | C100: blue_mouse | D100: 148 | E100: =Records!K148 -> 5 | F100: =Records!R148 -> 6 | G100: =Records!L148 -> 3 | H100: =Records!M148 -> 4 | I100: =Records!Q148 -> 5 | J100: =Records!W148 -> 7 | K100: =Records!X148 -> 5 | L100: =Records!S148 -> 6 | M100: =Records!T148 -> 5 | N100: =Records!U148 -> 6 | O100: =Records!V148 -> 6 | P100: =Records!O148 -> 5 | Q100: =Records!P148 -> 5 | R100: =AVERAGE(Records!S148,Records!T148,Records!U148) -> 5.6666667 | S100: =AVERAGE(Records!V148,Records!O148,Records!P148) -> 5.3333333 | T100: =Records!AA148 -> 140.5 | U100: =Records!AP148 -> 3 | V100: =IF(Records!AA148>150,1,0) -> 0
A101: P001 | B101: EgoAnchor | C101: stapler | D101: 8 | E101: =Records!K8 -> 5 | F101: =Records!R8 -> 5 | G101: =Records!L8 -> 5 | H101: =Records!M8 -> 5 | I101: =Records!Q8 -> 5 | J101: =Records!W8 -> 5 | K101: =Records!X8 -> 6 | L101: =Records!S8 -> 5 | M101: =Records!T8 -> 5 | N101: =Records!U8 -> 7 | O101: =Records!V8 -> 5 | P101: =Records!O8 -> 6 | Q101: =Records!P8 -> 5 | R101: =AVERAGE(Records!S8,Records!T8,Records!U8) -> 5.6666667 | S101: =AVERAGE(Records!V8,Records!O8,Records!P8) -> 5.3333333 | T101: =Records!AA8 -> 170.4 | U101: =Records!AP8 -> 5 | V101: =IF(Records!AA8>150,1,0) -> 1
...

Sheet Analysis
A1: 分析结果（合成数据）：Mdn/IQR、配对差、dz、逐物体均值与计数为公式实时计算；Wilcoxon W/p、Holm p、r_rb 自举 CI、α/ω、TOST p 由分析代码写入
A3: A. 主证实家族（三物体均值 → 配对 Wilcoxon → 家族内 Holm；N=24 最严 MDE dz=0.801）
A4: 条目 | B4: 简称 | C4: One-Euro Mdn[IQR] | D4: EgoAnchor Mdn[IQR] | E4: 配对差中位 | F4: 配对差均值 | G4: 配对差SD | H4: dz | I4: W | J4: p_raw | K4: p_Holm | L4: 匹配秩双列r | M4: r 95%CI下 | N4: r 95%CI上 | O4: 正/负/结平 | P4: 检验方式 | Q4: 显著(Holm) | S4: 结论
A5: Q1 | B5: 静止稳定 | C5: =ROUND(MEDIAN(Derived!C152:C175),2)&" ["&ROUND(QUARTILE.INC(Derived!C152:C175,1),2)&", "&ROUND(QUARTILE.INC(Derived!C152:C175,3),2)&"]" -> 4.33 [3.67, 4.67] | D5: =ROUND(MEDIAN(Derived!C176:C199),2)&" ["&ROUND(QUARTILE.INC(Derived!C176:C199,1),2)&", "&ROUND(QUARTILE.INC(Derived!C176:C199,3),2)&"]" -> 5.67 [5.33, 6] | E5: =ROUND(MEDIAN(Derived!B254:B277),3) -> 1.333 | F5: =ROUND(AVERAGE(Derived!B254:B277),3) -> 1.458 | G5: =ROUND(STDEV.S(Derived!B254:B277),3) -> 0.894 | H5: =ROUND(AVERAGE(Derived!B254:B277)/STDEV.S(Derived!B254:B277),3) -> 1.63 | I5: 0 | J5: 0 | K5: 0 | L5: 1 | M5: 1 | N5: 1 | O5: =COUNTIF(Derived!B254:B277,">0")&"/"&COUNTIF(Derived!B254:B277,"<0")&"/"&COUNTIF(Derived!B254:B277,"=0") -> 23/0/1 | P5: exact | Q5: =IF(K5<0.05,"是","否") -> 是 | S5: Holm 后显著，完整系统更优（dz=+1.63）。与实验一头动泄漏 13.0× 与静止帧间增量 13.3× 的量级一致。
A6: Q8 | B6: 位置正确 | C6: =ROUND(MEDIAN(Derived!D152:D175),2)&" ["&ROUND(QUARTILE.INC(Derived!D152:D175,1),2)&", "&ROUND(QUARTILE.INC(Derived!D152:D175,3),2)&"]" -> 4.33 [4.33, 5] | D6: =ROUND(MEDIAN(Derived!D176:D199),2)&" ["&ROUND(QUARTILE.INC(Derived!D176:D199,1),2)&", "&ROUND(QUARTILE.INC(Derived!D176:D199,3),2)&"]" -> 5.33 [5, 5.42] | E6: =ROUND(MEDIAN(Derived!C254:C277),3) -> 0.667 | F6: =ROUND(AVERAGE(Derived!C254:C277),3) -> 0.736 | G6: =ROUND(STDEV.S(Derived!C254:C277),3) -> 0.742 | H6: =ROUND(AVERAGE(Derived!C254:C277)/STDEV.S(Derived!C254:C277),3) -> 0.992 | I6: 8 | J6: 2e-05 | K6: 0.00012 | L6: 0.931 | M6: 0.766 | N6: 1 | O6: =COUNTIF(Derived!C254:C277,">0")&"/"&COUNTIF(Derived!C254:C277,"<0")&"/"&COUNTIF(Derived!C254:C277,"=0") -> 19/2/3 | P6: exact | Q6: =IF(K6<0.05,"是","否") -> 是 | S6: Holm 后显著，完整系统更优（dz=+0.99）。对应绝对注册 2.12×；效应小于 Q1，符合稳定/正确分列的设计意图。
A7: Q2 | B7: 运动附着 | C7: =ROUND(MEDIAN(Derived!E152:E175),2)&" ["&ROUND(QUARTILE.INC(Derived!E152:E175,1),2)&", "&ROUND(QUARTILE.INC(Derived!E152:E175,3),2)&"]" -> 5 [4.67, 5.33] | D7: =ROUND(MEDIAN(Derived!E176:E199),2)&" ["&ROUND(QUARTILE.INC(Derived!E176:E199,1),2)&", "&ROUND(QUARTILE.INC(Derived!E176:E199,3),2)&"]" -> 5 [4.33, 5] | E7: =ROUND(MEDIAN(Derived!D254:D277),3) -> -0.167 | F7: =ROUND(AVERAGE(Derived!D254:D277),3) -> -0.069 | G7: =ROUND(STDEV.S(Derived!D254:D277),3) -> 0.629 | H7: =ROUND(AVERAGE(Derived!D254:D277)/STDEV.S(Derived!D254:D277),3) -> -0.11 | I7: 73 | J7: 0.39546 | K7: 0.39546 | L7: -0.232 | M7: -0.719 | N7: 0.275 | O7: =COUNTIF(Derived!D254:D277,">0")&"/"&COUNTIF(Derived!D254:D277,"<0")&"/"&COUNTIF(Derived!D254:D277,"=0") -> 7/12/5 | P7: exact | Q7: =IF(K7<0.05,"是","否") -> 否 | S7: Holm 后不显著（dz=-0.11）。设计声明的预期零效应：中段对齐残差 1.72× 与 Start-transition 反向代价 1.53× 相互抵消。
A8: Q9 | B8: 姿态一致 | C8: =ROUND(MEDIAN(Derived!F152:F175),2)&" ["&ROUND(QUARTILE.INC(Derived!F152:F175,1),2)&", "&ROUND(QUARTILE.INC(Derived!F152:F175,3),2)&"]" -> 4.33 [4.25, 4.75] | D8: =ROUND(MEDIAN(Derived!F176:F199),2)&" ["&ROUND(QUARTILE.INC(Derived!F176:F199,1),2)&", "&ROUND(QUARTILE.INC(Derived!F176:F199,3),2)&"]" -> 5 [4.33, 5.33] | E8: =ROUND(MEDIAN(Derived!E254:E277),3) -> 0.333 | F8: =ROUND(AVERAGE(Derived!E254:E277),3) -> 0.306 | G8: =ROUND(STDEV.S(Derived!E254:E277),3) -> 0.636 | H8: =ROUND(AVERAGE(Derived!E254:E277)/STDEV.S(Derived!E254:E277),3) -> 0.48 | I8: 62.5 | J8: 0.03907 | K8: 0.07815 | L8: 0.506 | M8: 0.065 | N8: 0.857 | O8: =COUNTIF(Derived!E254:E277,">0")&"/"&COUNTIF(Derived!E254:E277,"<0")&"/"&COUNTIF(Derived!E254:E277,"=0") -> 16/6/2 | P8: exact | Q8: =IF(K8<0.05,"是","否") -> 否 | S8: Holm 后不显著（dz=+0.48）。对应旋转 aligned RMSE 仅 1.15×；措辞同时承载旋转跟随与静止朝向两个量级悬殊的通道，检出力不足。
A9: Q3 | B9: 恢复一致 | C9: =ROUND(MEDIAN(Derived!G152:G175),2)&" ["&ROUND(QUARTILE.INC(Derived!G152:G175,1),2)&", "&ROUND(QUARTILE.INC(Derived!G152:G175,3),2)&"]" -> 4.33 [3.67, 4.67] | D9: =ROUND(MEDIAN(Derived!G176:G199),2)&" ["&ROUND(QUARTILE.INC(Derived!G176:G199,1),2)&", "&ROUND(QUARTILE.INC(Derived!G176:G199,3),2)&"]" -> 4.67 [4.67, 5.08] | E9: =ROUND(MEDIAN(Derived!F254:F277),3) -> 0.667 | F9: =ROUND(AVERAGE(Derived!F254:F277),3) -> 0.792 | G9: =ROUND(STDEV.S(Derived!F254:F277),3) -> 0.754 | H9: =ROUND(AVERAGE(Derived!F254:F277)/STDEV.S(Derived!F254:F277),3) -> 1.05 | I9: 20 | J9: 9e-05 | K9: 0.00035 | L9: 0.855 | M9: 0.593 | N9: 1 | O9: =COUNTIF(Derived!F254:F277,">0")&"/"&COUNTIF(Derived!F254:F277,"<0")&"/"&COUNTIF(Derived!F254:F277,"=0") -> 21/2/1 | P9: exact | Q9: =IF(K9<0.05,"是","否") -> 是 | S9: Holm 后显著，完整系统更优（dz=+1.05）。对应遮挡平移 2.14× 与灾难性失效 1→0；离散失效事件使分布重尾。
A10: Q6 | B10: 依赖意愿 | C10: =ROUND(MEDIAN(Derived!H152:H175),2)&" ["&ROUND(QUARTILE.INC(Derived!H152:H175,1),2)&", "&ROUND(QUARTILE.INC(Derived!H152:H175,3),2)&"]" -> 4.33 [3.67, 4.75] | D10: =ROUND(MEDIAN(Derived!H176:H199),2)&" ["&ROUND(QUARTILE.INC(Derived!H176:H199,1),2)&", "&ROUND(QUARTILE.INC(Derived!H176:H199,3),2)&"]" -> 5.5 [5, 5.75] | E10: =ROUND(MEDIAN(Derived!G254:G277),3) -> 1 | F10: =ROUND(AVERAGE(Derived!G254:G277),3) -> 1.097 | G10: =ROUND(STDEV.S(Derived!G254:G277),3) -> 0.67 | H10: =ROUND(AVERAGE(Derived!G254:G277)/STDEV.S(Derived!G254:G277),3) -> 1.637 | I10: 0 | J10: 0 | K10: 0 | L10: 1 | M10: 1 | N10: 1 | O10: =COUNTIF(Derived!G254:G277,">0")&"/"&COUNTIF(Derived!G254:G277,"<0")&"/"&COUNTIF(Derived!G254:G277,"=0") -> 23/0/1 | P10: exact | Q10: =IF(K10<0.05,"是","否") -> 是 | S10: Holm 后显著，完整系统更优（dz=+1.64）。应用侧依赖意愿，受灾难性失效记忆与个体信任不对称性放大。
A11: Q7 | B11: 稳定-响应平衡 | C11: =ROUND(MEDIAN(Derived!I152:I175),2)&" ["&ROUND(QUARTILE.INC(Derived!I152:I175,1),2)&", "&ROUND(QUARTILE.INC(Derived!I152:I175,3),2)&"]" -> 4.67 [4.33, 4.75] | D11: =ROUND(MEDIAN(Derived!I176:I199),2)&" ["&ROUND(QUARTILE.INC(Derived!I176:I199,1),2)&", "&ROUND(QUARTILE.INC(Derived!I176:I199,3),2)&"]" -> 5 [5, 5.42] | E11: =ROUND(MEDIAN(Derived!H254:H277),3) -> 0.333 | F11: =ROUND(AVERAGE(Derived!H254:H277),3) -> 0.583 | G11: =ROUND(STDEV.S(Derived!H254:H277),3) -> 0.788 | H11: =ROUND(AVERAGE(Derived!H254:H277)/STDEV.S(Derived!H254:H277),3) -> 0.74 | I11: 32.5 | J11: 0.00286 | K11: 0.00857 | L11: 0.719 | M11: 0.34 | N11: 1 | O11: =COUNTIF(Derived!H254:H277,">0")&"/"&COUNTIF(Derived!H254:H277,"<0")&"/"&COUNTIF(Derived!H254:H277,"=0") -> 18/3/3 | P11: exact | Q11: =IF(K11<0.05,"是","否") -> 是 | S11: Holm 后显著，完整系统更优（dz=+0.74）。稳定收益与响应代价的整体权衡；响应优先者在此条目上给分明显更低。
A13: B. 已发表量表家族（TiA 反向项已在 Derived L3 按 6−原始分换向；仅此家族报告当前样本 α/ω，且只表述为当前样本信度）
A14: 量表 | B14: One-Euro Mdn[IQR] | C14: EgoAnchor Mdn[IQR] | D14: 配对差中位 | E14: 配对差均值 | F14: dz | G14: W | H14: p_raw | I14: p_Holm | J14: 匹配秩双列r | K14: r CI下 | L14: r CI上 | M14: α(OE) | N14: α(EA) | O14: ω(OE) | P14: ω(EA) | Q14: 正/负/结平 | R14: 显著(Holm) | S14: 结论
A15: AQ-EQ（3 项均值） | B15: =ROUND(MEDIAN(Derived!P152:P175),2)&" ["&ROUND(QUARTILE.INC(Derived!P152:P175,1),2)&", "&ROUND(QUARTILE.INC(Derived!P152:P175,3),2)&"]" -> 5.44 [5.11, 5.58] | C15: =ROUND(MEDIAN(Derived!P176:P199),2)&" ["&ROUND(QUARTILE.INC(Derived!P176:P199,1),2)&", "&ROUND(QUARTILE.INC(Derived!P176:P199,3),2)&"]" -> 5.56 [5.31, 5.78] | D15: =ROUND(MEDIAN(Derived!I254:I277),3) -> 0.278 | E15: =ROUND(AVERAGE(Derived!I254:I277),3) -> 0.185 | F15: =ROUND(AVERAGE(Derived!I254:I277)/STDEV.S(Derived!I254:I277),3) -> 0.306 | G15: 87 | H15: 0.12621 | I15: 0.12621 | J15: 0.37 | K15: -0.087 | L15: 0.768 | M15: 0.704 | N15: 0.662 | O15: 0.837 | P15: 0.817 | Q15: =COUNTIF(Derived!I254:I277,">0")&"/"&COUNTIF(Derived!I254:I277,"<0")&"/"&COUNTIF(Derived!I254:I277,"=0") -> 15/8/1 | R15: =IF(I15<0.05,"是","否") -> 否 | S15: Holm 后不显著（dz=+0.31）。综合配准质量；AQ-EQ3 尺度协调按设计接近天花板，拖累子量表。
A16: AQ-IQ（3 项均值） | B16: =ROUND(MEDIAN(Derived!Q152:Q175),2)&" ["&ROUND(QUARTILE.INC(Derived!Q152:Q175,1),2)&", "&ROUND(QUARTILE.INC(Derived!Q152:Q175,3),2)&"]" -> 5 [4.64, 5.22] | C16: =ROUND(MEDIAN(Derived!Q176:Q199),2)&" ["&ROUND(QUARTILE.INC(Derived!Q176:Q199,1),2)&", "&ROUND(QUARTILE.INC(Derived!Q176:Q199,3),2)&"]" -> 5.22 [4.89, 5.56] | D16: =ROUND(MEDIAN(Derived!J254:J277),3) -> 0.222 | E16: =ROUND(AVERAGE(Derived!J254:J277),3) -> 0.185 | F16: =ROUND(AVERAGE(Derived!J254:J277)/STDEV.S(Derived!J254:J277),3) -> 0.483 | G16: 58 | H16: 0.02514 | I16: 0.05028 | J16: 0.542 | K16: 0.1 | L16: 0.921 | M16: 0.731 | N16: 0.637 | O16: 0.852 | P16: 0.806 | Q16: =COUNTIF(Derived!J254:J277,">0")&"/"&COUNTIF(Derived!J254:J277,"<0")&"/"&COUNTIF(Derived!J254:J277,"=0") -> 16/6/2 | R16: =IF(I16<0.05,"是","否") -> 否 | S16: Holm 后不显著（dz=+0.48）。内部相消：AQ-IQ2 响应及时方向为负、AQ-IQ3 运动平滑方向为正。
A17: TiA-R/C（6 项均值） | B17: =ROUND(MEDIAN(Derived!Q203:Q226),2)&" ["&ROUND(QUARTILE.INC(Derived!Q203:Q226,1),2)&", "&ROUND(QUARTILE.INC(Derived!Q203:Q226,3),2)&"]" -> 3.33 [2.96, 3.71] | C17: =ROUND(MEDIAN(Derived!Q227:Q250),2)&" ["&ROUND(QUARTILE.INC(Derived!Q227:Q250,1),2)&", "&ROUND(QUARTILE.INC(Derived!Q227:Q250,3),2)&"]" -> 3.83 [3.5, 4] | D17: =ROUND(MEDIAN(Derived!K254:K277),3) -> 0.417 | E17: =ROUND(AVERAGE(Derived!K254:K277),3) -> 0.486 | F17: =ROUND(AVERAGE(Derived!K254:K277)/STDEV.S(Derived!K254:K277),3) -> 1.086 | G17: 10 | H17: 4e-05 | I17: 0.00021 | J17: 0.913 | K17: 0.7 | L17: 1 | M17: 0.898 | N17: 0.761 | O17: 0.927 | P17: 0.835 | Q17: =COUNTIF(Derived!K254:K277,">0")&"/"&COUNTIF(Derived!K254:K277,"<0")&"/"&COUNTIF(Derived!K254:K277,"=0") -> 20/1/3 | R17: =IF(I17<0.05,"是","否") -> 是 | S17: Holm 后显著，完整系统更优（dz=+1.09）。跨物体累积的可靠性/能力判断，受峰终律记忆支配。
A18: TiA-U/P（4 项均值） | B18: =ROUND(MEDIAN(Derived!R203:R226),2)&" ["&ROUND(QUARTILE.INC(Derived!R203:R226,1),2)&", "&ROUND(QUARTILE.INC(Derived!R203:R226,3),2)&"]" -> 3.5 [2.94, 4] | C18: =ROUND(MEDIAN(Derived!R227:R250),2)&" ["&ROUND(QUARTILE.INC(Derived!R227:R250,1),2)&", "&ROUND(QUARTILE.INC(Derived!R227:R250,3),2)&"]" -> 4 [3.69, 4] | D18: =ROUND(MEDIAN(Derived!L254:L277),3) -> 0.375 | E18: =ROUND(AVERAGE(Derived!L254:L277),3) -> 0.427 | F18: =ROUND(AVERAGE(Derived!L254:L277)/STDEV.S(Derived!L254:L277),3) -> 0.815 | G18: 13.5 | H18: 0.00084 | I18: 0.00252 | J18: 0.842 | K18: 0.543 | L18: 1 | M18: 0.809 | N18: 0.505 | O18: 0.879 | P18: 0.701 | Q18: =COUNTIF(Derived!L254:L277,">0")&"/"&COUNTIF(Derived!L254:L277,"<0")&"/"&COUNTIF(Derived!L254:L277,"=0") -> 15/3/6 | R18: =IF(I18<0.05,"是","否") -> 是 | S18: Holm 后显著，完整系统更优（dz=+0.82）。可预测性是开放反馈里反复出现的判据，本轮方向与 Q1/Q3 一致。
A19: S-TIAS（3 项均值） | B19: =ROUND(MEDIAN(Derived!S203:S226),2)&" ["&ROUND(QUARTILE.INC(Derived!S203:S226,1),2)&", "&ROUND(QUARTILE.INC(Derived!S203:S226,3),2)&"]" -> 4.5 [3.92, 4.67] | C19: =ROUND(MEDIAN(Derived!S227:S250),2)&" ["&ROUND(QUARTILE.INC(Derived!S227:S250,1),2)&", "&ROUND(QUARTILE.INC(Derived!S227:S250,3),2)&"]" -> 5 [4.67, 5.33] | D19: =ROUND(MEDIAN(Derived!M254:M277),3) -> 0.667 | E19: =ROUND(AVERAGE(Derived!M254:M277),3) -> 0.694 | F19: =ROUND(AVERAGE(Derived!M254:M277)/STDEV.S(Derived!M254:M277),3) -> 0.857 | G19: 21.5 | H19: 0.00051 | I19: 0.00204 | J19: 0.814 | K19: 0.498 | L19: 0.988 | M19: 0.817 | N19: 0.688 | O19: 0.901 | P19: 0.837 | Q19: =COUNTIF(Derived!M254:M277,">0")&"/"&COUNTIF(Derived!M254:M277,"<0")&"/"&COUNTIF(Derived!M254:M277,"=0") -> 17/4/3 | R19: =IF(I19<0.05,"是","否") -> 是 | S19: Holm 后显著，完整系统更优（dz=+0.86）。总体信任短量表，与 Q6 依赖意愿构成态度→意愿链条。
A21: C. 次级与稳健性
A22: Q10（放置后稳定）：本轮按计划书 4.2 与第八节默认停用，未采集。停用理由由本轮实测负担诊断确认（见 Simulation_Audit：单区块问卷 >150 s 与连续同分 ≥5 项均已触发）。
A23: 逐条目 CLMM（方法 + 物体 + 方法×物体 + 区块位置 + 对象内先后 + 参与者随机截距）：本环境无支持随机效应的累积链接混合模型，本轮未拟合，也不以代理模型冒充；方向一致性改由 D 段逐物体描述承担。正式分析建议在 R（ordinal::clmm）中拟合，并显式加入参与者 × 条目随机斜率，仅用参与者随机截距会低估中等效应的标准误。
A24: 顺序诊断：先行方法、标签映射、区块位置与对象内先后的效应见 Simulation_Audit「顺序诊断」节。
A26: D. 逐物体描述（探索性；方向一致性检查，不作未校正的逐物体检验）
A27: 结局 | B27: 物体 | C27: One-Euro M | D27: EgoAnchor M | E27: 差值 | F27: 方向
A28: Q1 | B28: 鼠标 | C28: =ROUND(AVERAGE(Derived!E5:E28),3) -> 4 | D28: =ROUND(AVERAGE(Derived!E77:E100),3) -> 5.75 | E28: =ROUND(AVERAGE(Derived!E77:E100)-AVERAGE(Derived!E5:E28),3) -> 1.75 | F28: =IF(E28>0,"EA 更优",IF(E28<0,"OE 更优","持平")) -> EA 更优
A29: Q1 | B29: 固定订书机 | C29: =ROUND(AVERAGE(Derived!E29:E52),3) -> 4.708 | D29: =ROUND(AVERAGE(Derived!E101:E124),3) -> 5.875 | E29: =ROUND(AVERAGE(Derived!E101:E124)-AVERAGE(Derived!E29:E52),3) -> 1.167 | F29: =IF(E29>0,"EA 更优",IF(E29<0,"OE 更优","持平")) -> EA 更优
A30: Q1 | B30: 游戏手柄 | C30: =ROUND(AVERAGE(Derived!E53:E76),3) -> 3.917 | D30: =ROUND(AVERAGE(Derived!E125:E148),3) -> 5.375 | E30: =ROUND(AVERAGE(Derived!E125:E148)-AVERAGE(Derived!E53:E76),3) -> 1.458 | F30: =IF(E30>0,"EA 更优",IF(E30<0,"OE 更优","持平")) -> EA 更优
A31: Q8 | B31: 鼠标 | C31: =ROUND(AVERAGE(Derived!F5:F28),3) -> 4.292 | D31: =ROUND(AVERAGE(Derived!F77:F100),3) -> 5.208 | E31: =ROUND(AVERAGE(Derived!F77:F100)-AVERAGE(Derived!F5:F28),3) -> 0.917 | F31: =IF(E31>0,"EA 更优",IF(E31<0,"OE 更优","持平")) -> EA 更优
A32: Q8 | B32: 固定订书机 | C32: =ROUND(AVERAGE(Derived!F29:F52),3) -> 4.958 | D32: =ROUND(AVERAGE(Derived!F101:F124),3) -> 5.5 | E32: =ROUND(AVERAGE(Derived!F101:F124)-AVERAGE(Derived!F29:F52),3) -> 0.542 | F32: =IF(E32>0,"EA 更优",IF(E32<0,"OE 更优","持平")) -> EA 更优
A33: Q8 | B33: 游戏手柄 | C33: =ROUND(AVERAGE(Derived!F53:F76),3) -> 4.25 | D33: =ROUND(AVERAGE(Derived!F125:F148),3) -> 5 | E33: =ROUND(AVERAGE(Derived!F125:F148)-AVERAGE(Derived!F53:F76),3) -> 0.75 | F33: =IF(E33>0,"EA 更优",IF(E33<0,"OE 更优","持平")) -> EA 更优
A34: Q2 | B34: 鼠标 | C34: =ROUND(AVERAGE(Derived!G5:G28),3) -> 4.625 | D34: =ROUND(AVERAGE(Derived!G77:G100),3) -> 4.708 | E34: =ROUND(AVERAGE(Derived!G77:G100)-AVERAGE(Derived!G5:G28),3) -> 0.083 | F34: =IF(E34>0,"EA 更优",IF(E34<0,"OE 更优","持平")) -> EA 更优
A35: Q2 | B35: 固定订书机 | C35: =ROUND(AVERAGE(Derived!G29:G52),3) -> 5.292 | D35: =ROUND(AVERAGE(Derived!G101:G124),3) -> 5 | E35: =ROUND(AVERAGE(Derived!G101:G124)-AVERAGE(Derived!G29:G52),3) -> -0.292 | F35: =IF(E35>0,"EA 更优",IF(E35<0,"OE 更优","持平")) -> OE 更优
A36: Q2 | B36: 游戏手柄 | C36: =ROUND(AVERAGE(Derived!G53:G76),3) -> 4.667 | D36: =ROUND(AVERAGE(Derived!G125:G148),3) -> 4.667 | E36: =ROUND(AVERAGE(Derived!G125:G148)-AVERAGE(Derived!G53:G76),3) -> 0 | F36: =IF(E36>0,"EA 更优",IF(E36<0,"OE 更优","持平")) -> 持平
A37: Q9 | B37: 鼠标 | C37: =ROUND(AVERAGE(Derived!H5:H28),3) -> 4.292 | D37: =ROUND(AVERAGE(Derived!H77:H100),3) -> 4.792 | E37: =ROUND(AVERAGE(Derived!H77:H100)-AVERAGE(Derived!H5:H28),3) -> 0.5 | F37: =IF(E37>0,"EA 更优",IF(E37<0,"OE 更优","持平")) -> EA 更优
A38: Q9 | B38: 固定订书机 | C38: =ROUND(AVERAGE(Derived!H29:H52),3) -> 4.958 | D38: =ROUND(AVERAGE(Derived!H101:H124),3) -> 5.292 | E38: =ROUND(AVERAGE(Derived!H101:H124)-AVERAGE(Derived!H29:H52),3) -> 0.333 | F38: =IF(E38>0,"EA 更优",IF(E38<0,"OE 更优","持平")) -> EA 更优
A39: Q9 | B39: 游戏手柄 | C39: =ROUND(AVERAGE(Derived!H53:H76),3) -> 4.333 | D39: =ROUND(AVERAGE(Derived!H125:H148),3) -> 4.417 | E39: =ROUND(AVERAGE(Derived!H125:H148)-AVERAGE(Derived!H53:H76),3) -> 0.083 | F39: =IF(E39>0,"EA 更优",IF(E39<0,"OE 更优","持平")) -> EA 更优
A40: Q3 | B40: 鼠标 | C40: =ROUND(AVERAGE(Derived!I5:I28),3) -> 3.792 | D40: =ROUND(AVERAGE(Derived!I77:I100),3) -> 4.792 | E40: =ROUND(AVERAGE(Derived!I77:I100)-AVERAGE(Derived!I5:I28),3) -> 1 | F40: =IF(E40>0,"EA 更优",IF(E40<0,"OE 更优","持平")) -> EA 更优
A41: Q3 | B41: 固定订书机 | C41: =ROUND(AVERAGE(Derived!I29:I52),3) -> 4.667 | D41: =ROUND(AVERAGE(Derived!I101:I124),3) -> 5.292 | E41: =ROUND(AVERAGE(Derived!I101:I124)-AVERAGE(Derived!I29:I52),3) -> 0.625 | F41: =IF(E41>0,"EA 更优",IF(E41<0,"OE 更优","持平")) -> EA 更优
A42: Q3 | B42: 游戏手柄 | C42: =ROUND(AVERAGE(Derived!I53:I76),3) -> 4.042 | D42: =ROUND(AVERAGE(Derived!I125:I148),3) -> 4.792 | E42: =ROUND(AVERAGE(Derived!I125:I148)-AVERAGE(Derived!I53:I76),3) -> 0.75 | F42: =IF(E42>0,"EA 更优",IF(E42<0,"OE 更优","持平")) -> EA 更优
A43: Q6 | B43: 鼠标 | C43: =ROUND(AVERAGE(Derived!J5:J28),3) -> 4.083 | D43: =ROUND(AVERAGE(Derived!J77:J100),3) -> 5.5 | E43: =ROUND(AVERAGE(Derived!J77:J100)-AVERAGE(Derived!J5:J28),3) -> 1.417 | F43: =IF(E43>0,"EA 更优",IF(E43<0,"OE 更优","持平")) -> EA 更优
A44: Q6 | B44: 固定订书机 | C44: =ROUND(AVERAGE(Derived!J29:J52),3) -> 4.875 | D44: =ROUND(AVERAGE(Derived!J101:J124),3) -> 5.292 | E44: =ROUND(AVERAGE(Derived!J101:J124)-AVERAGE(Derived!J29:J52),3) -> 0.417 | F44: =IF(E44>0,"EA 更优",IF(E44<0,"OE 更优","持平")) -> EA 更优
A45: Q6 | B45: 游戏手柄 | C45: =ROUND(AVERAGE(Derived!J53:J76),3) -> 3.833 | D45: =ROUND(AVERAGE(Derived!J125:J148),3) -> 5.292 | E45: =ROUND(AVERAGE(Derived!J125:J148)-AVERAGE(Derived!J53:J76),3) -> 1.458 | F45: =IF(E45>0,"EA 更优",IF(E45<0,"OE 更优","持平")) -> EA 更优
A46: Q7 | B46: 鼠标 | C46: =ROUND(AVERAGE(Derived!K5:K28),3) -> 4.292 | D46: =ROUND(AVERAGE(Derived!K77:K100),3) -> 5.25 | E46: =ROUND(AVERAGE(Derived!K77:K100)-AVERAGE(Derived!K5:K28),3) -> 0.958 | F46: =IF(E46>0,"EA 更优",IF(E46<0,"OE 更优","持平")) -> EA 更优
A47: Q7 | B47: 固定订书机 | C47: =ROUND(AVERAGE(Derived!K29:K52),3) -> 5.042 | D47: =ROUND(AVERAGE(Derived!K101:K124),3) -> 5.333 | E47: =ROUND(AVERAGE(Derived!K101:K124)-AVERAGE(Derived!K29:K52),3) -> 0.292 | F47: =IF(E47>0,"EA 更优",IF(E47<0,"OE 更优","持平")) -> EA 更优
A48: Q7 | B48: 游戏手柄 | C48: =ROUND(AVERAGE(Derived!K53:K76),3) -> 4.333 | D48: =ROUND(AVERAGE(Derived!K125:K148),3) -> 4.833 | E48: =ROUND(AVERAGE(Derived!K125:K148)-AVERAGE(Derived!K53:K76),3) -> 0.5 | F48: =IF(E48>0,"EA 更优",IF(E48<0,"OE 更优","持平")) -> EA 更优
A49: AQ_EQ | B49: 鼠标 | C49: =ROUND(AVERAGE(Derived!R5:R28),3) -> 5.181 | D49: =ROUND(AVERAGE(Derived!R77:R100),3) -> 5.375 | E49: =ROUND(AVERAGE(Derived!R77:R100)-AVERAGE(Derived!R5:R28),3) -> 0.194 | F49: =IF(E49>0,"EA 更优",IF(E49<0,"OE 更优","持平")) -> EA 更优
A50: AQ_EQ | B50: 固定订书机 | C50: =ROUND(AVERAGE(Derived!R29:R52),3) -> 5.792 | D50: =ROUND(AVERAGE(Derived!R101:R124),3) -> 5.778 | E50: =ROUND(AVERAGE(Derived!R101:R124)-AVERAGE(Derived!R29:R52),3) -> -0.014 | F50: =IF(E50>0,"EA 更优",IF(E50<0,"OE 更优","持平")) -> OE 更优
A51: AQ_EQ | B51: 游戏手柄 | C51: =ROUND(AVERAGE(Derived!R53:R76),3) -> 5.042 | D51: =ROUND(AVERAGE(Derived!R125:R148),3) -> 5.417 | E51: =ROUND(AVERAGE(Derived!R125:R148)-AVERAGE(Derived!R53:R76),3) -> 0.375 | F51: =IF(E51>0,"EA 更优",IF(E51<0,"OE 更优","持平")) -> EA 更优
A52: AQ_IQ | B52: 鼠标 | C52: =ROUND(AVERAGE(Derived!S5:S28),3) -> 4.861 | D52: =ROUND(AVERAGE(Derived!S77:S100),3) -> 5.167 | E52: =ROUND(AVERAGE(Derived!S77:S100)-AVERAGE(Derived!S5:S28),3) -> 0.306 | F52: =IF(E52>0,"EA 更优",IF(E52<0,"OE 更优","持平")) -> EA 更优
A53: AQ_IQ | B53: 固定订书机 | C53: =ROUND(AVERAGE(Derived!S29:S52),3) -> 5.375 | D53: =ROUND(AVERAGE(Derived!S101:S124),3) -> 5.514 | E53: =ROUND(AVERAGE(Derived!S101:S124)-AVERAGE(Derived!S29:S52),3) -> 0.139 | F53: =IF(E53>0,"EA 更优",IF(E53<0,"OE 更优","持平")) -> EA 更优
A54: AQ_IQ | B54: 游戏手柄 | C54: =ROUND(AVERAGE(Derived!S53:S76),3) -> 4.792 | D54: =ROUND(AVERAGE(Derived!S125:S148),3) -> 4.903 | E54: =ROUND(AVERAGE(Derived!S125:S148)-AVERAGE(Derived!S53:S76),3) -> 0.111 | F54: =IF(E54>0,"EA 更优",IF(E54<0,"OE 更优","持平")) -> EA 更优
A56: E. 操纵检验（TOST 等价界采集前冻结；不以“不显著”代替等价）
A57: 检验项 | B57: One-Euro | C57: EgoAnchor | D57: 差值 | E57: 等价界(冻结) | F57: TOST_p | G57: 判定 | H57: 备注
A58: 候选到达率 Hz | B58: =ROUND(AVERAGE(Records!AF6,Records!AF7,Records!AF10,Records!AF11,Records!AF14,Records!AF15,Records!AF18,Records!AF19,Records!AF22,Records!AF23,Records!AF26,Records!AF27,Records!AF30,Records!AF34,Records!AF31,Records!AF35,Records!AF39,Records!AF38,Records!AF42,Records!AF46,Records!AF43,Records!AF47,Records!AF51,Records!AF50,Records!AF55,Records!AF54,Records!AF58,Records!AF62,Records!AF59,Records!AF63,Records!AF67,Records!AF66,Records!AF70,Records!AF74,Records!AF71,Records!AF75,Records!AF82,Records!AF78,Records!AF79,Records!AF87,Records!AF83,Records!AF86,Records!AF94,Records!AF90,Records!AF91,Records!AF99,Records!AF95,Records!AF98,Records!AF103,Records!AF106,Records!AF102,Records!AF110,Records!AF111,Records!AF107,Records!AF115,Records!AF118,Records!AF114,Records!AF122,Records!AF123,Records!AF119,Records!AF130,Records!AF127,Records!AF126,Records!AF135,Records!AF134,Records!AF131,Records!AF142,Records!AF139,Records!AF138,Records!AF147,Records!AF146,Records!AF143),4) -> 9.4443 | C58: =ROUND(AVERAGE(Records!AF5,Records!AF8,Records!AF9,Records!AF12,Records!AF13,Records!AF16,Records!AF17,Records!AF20,Records!AF21,Records!AF24,Records!AF25,Records!AF28,Records!AF29,Records!AF33,Records!AF32,Records!AF36,Records!AF40,Records!AF37,Records!AF41,Records!AF45,Records!AF44,Records!AF48,Records!AF52,Records!AF49,Records!AF56,Records!AF53,Records!AF57,Records!AF61,Records!AF60,Records!AF64,Records!AF68,Records!AF65,Records!AF69,Records!AF73,Records!AF72,Records!AF76,Records!AF81,Records!AF77,Records!AF80,Records!AF88,Records!AF84,Records!AF85,Records!AF93,Records!AF89,Records!AF92,Records!AF100,Records!AF96,Records!AF97,Records!AF104,Records!AF105,Records!AF101,Records!AF109,Records!AF112,Records!AF108,Records!AF116,Records!AF117,Records!AF113,Records!AF121,Records!AF124,Records!AF120,Records!AF129,Records!AF128,Records!AF125,Records!AF136,Records!AF133,Records!AF132,Records!AF141,Records!AF140,Records!AF137,Records!AF148,Records!AF145,Records!AF144),4) -> 9.5038 | D58: =ROUND(AVERAGE(Records!AF5,Records!AF8,Records!AF9,Records!AF12,Records!AF13,Records!AF16,Records!AF17,Records!AF20,Records!AF21,Records!AF24,Records!AF25,Records!AF28,Records!AF29,Records!AF33,Records!AF32,Records!AF36,Records!AF40,Records!AF37,Records!AF41,Records!AF45,Records!AF44,Records!AF48,Records!AF52,Records!AF49,Records!AF56,Records!AF53,Records!AF57,Records!AF61,Records!AF60,Records!AF64,Records!AF68,Records!AF65,Records!AF69,Records!AF73,Records!AF72,Records!AF76,Records!AF81,Records!AF77,Records!AF80,Records!AF88,Records!AF84,Records!AF85,Records!AF93,Records!AF89,Records!AF92,Records!AF100,Records!AF96,Records!AF97,Records!AF104,Records!AF105,Records!AF101,Records!AF109,Records!AF112,Records!AF108,Records!AF116,Records!AF117,Records!AF113,Records!AF121,Records!AF124,Records!AF120,Records!AF129,Records!AF128,Records!AF125,Records!AF136,Records!AF133,Records!AF132,Records!AF141,Records!AF140,Records!AF137,Records!AF148,Records!AF145,Records!AF144)-AVERAGE(Records!AF6,Records!AF7,Records!AF10,Records!AF11,Records!AF14,Records!AF15,Records!AF18,Records!AF19,Records!AF22,Records!AF23,Records!AF26,Records!AF27,Records!AF30,Records!AF34,Records!AF31,Records!AF35,Records!AF39,Records!AF38,Records!AF42,Records!AF46,Records!AF43,Records!AF47,Records!AF51,Records!AF50,Records!AF55,Records!AF54,Records!AF58,Records!AF62,Records!AF59,Records!AF63,Records!AF67,Records!AF66,Records!AF70,Records!AF74,Records!AF71,Records!AF75,Records!AF82,Records!AF78,Records!AF79,Records!AF87,Records!AF83,Records!AF86,Records!AF94,Records!AF90,Records!AF91,Records!AF99,Records!AF95,Records!AF98,Records!AF103,Records!AF106,Records!AF102,Records!AF110,Records!AF111,Records!AF107,Records!AF115,Records!AF118,Records!AF114,Records!AF122,Records!AF123,Records!AF119,Records!AF130,Records!AF127,Records!AF126,Records!AF135,Records!AF134,Records!AF131,Records!AF142,Records!AF139,Records!AF138,Records!AF147,Records!AF146,Records!AF143),4) -> 0.0594 | E58: 0.5 | F58: 0 | G58: 等价 | H58: 两方法共享同一 Python 感知会话，输入侧应等价
A59: VCD 分数中位 | B59: =ROUND(AVERAGE(Records!AG6,Records!AG7,Records!AG10,Records!AG11,Records!AG14,Records!AG15,Records!AG18,Records!AG19,Records!AG22,Records!AG23,Records!AG26,Records!AG27,Records!AG30,Records!AG34,Records!AG31,Records!AG35,Records!AG39,Records!AG38,Records!AG42,Records!AG46,Records!AG43,Records!AG47,Records!AG51,Records!AG50,Records!AG55,Records!AG54,Records!AG58,Records!AG62,Records!AG59,Records!AG63,Records!AG67,Records!AG66,Records!AG70,Records!AG74,Records!AG71,Records!AG75,Records!AG82,Records!AG78,Records!AG79,Records!AG87,Records!AG83,Records!AG86,Records!AG94,Records!AG90,Records!AG91,Records!AG99,Records!AG95,Records!AG98,Records!AG103,Records!AG106,Records!AG102,Records!AG110,Records!AG111,Records!AG107,Records!AG115,Records!AG118,Records!AG114,Records!AG122,Records!AG123,Records!AG119,Records!AG130,Records!AG127,Records!AG126,Records!AG135,Records!AG134,Records!AG131,Records!AG142,Records!AG139,Records!AG138,Records!AG147,Records!AG146,Records!AG143),4) -> 0.8988 | C59: =ROUND(AVERAGE(Records!AG5,Records!AG8,Records!AG9,Records!AG12,Records!AG13,Records!AG16,Records!AG17,Records!AG20,Records!AG21,Records!AG24,Records!AG25,Records!AG28,Records!AG29,Records!AG33,Records!AG32,Records!AG36,Records!AG40,Records!AG37,Records!AG41,Records!AG45,Records!AG44,Records!AG48,Records!AG52,Records!AG49,Records!AG56,Records!AG53,Records!AG57,Records!AG61,Records!AG60,Records!AG64,Records!AG68,Records!AG65,Records!AG69,Records!AG73,Records!AG72,Records!AG76,Records!AG81,Records!AG77,Records!AG80,Records!AG88,Records!AG84,Records!AG85,Records!AG93,Records!AG89,Records!AG92,Records!AG100,Records!AG96,Records!AG97,Records!AG104,Records!AG105,Records!AG101,Records!AG109,Records!AG112,Records!AG108,Records!AG116,Records!AG117,Records!AG113,Records!AG121,Records!AG124,Records!AG120,Records!AG129,Records!AG128,Records!AG125,Records!AG136,Records!AG133,Records!AG132,Records!AG141,Records!AG140,Records!AG137,Records!AG148,Records!AG145,Records!AG144),4) -> 0.9023 | D59: =ROUND(AVERAGE(Records!AG5,Records!AG8,Records!AG9,Records!AG12,Records!AG13,Records!AG16,Records!AG17,Records!AG20,Records!AG21,Records!AG24,Records!AG25,Records!AG28,Records!AG29,Records!AG33,Records!AG32,Records!AG36,Records!AG40,Records!AG37,Records!AG41,Records!AG45,Records!AG44,Records!AG48,Records!AG52,Records!AG49,Records!AG56,Records!AG53,Records!AG57,Records!AG61,Records!AG60,Records!AG64,Records!AG68,Records!AG65,Records!AG69,Records!AG73,Records!AG72,Records!AG76,Records!AG81,Records!AG77,Records!AG80,Records!AG88,Records!AG84,Records!AG85,Records!AG93,Records!AG89,Records!AG92,Records!AG100,Records!AG96,Records!AG97,Records!AG104,Records!AG105,Records!AG101,Records!AG109,Records!AG112,Records!AG108,Records!AG116,Records!AG117,Records!AG113,Records!AG121,Records!AG124,Records!AG120,Records!AG129,Records!AG128,Records!AG125,Records!AG136,Records!AG133,Records!AG132,Records!AG141,Records!AG140,Records!AG137,Records!AG148,Records!AG145,Records!AG144)-AVERAGE(Records!AG6,Records!AG7,Records!AG10,Records!AG11,Records!AG14,Records!AG15,Records!AG18,Records!AG19,Records!AG22,Records!AG23,Records!AG26,Records!AG27,Records!AG30,Records!AG34,Records!AG31,Records!AG35,Records!AG39,Records!AG38,Records!AG42,Records!AG46,Records!AG43,Records!AG47,Records!AG51,Records!AG50,Records!AG55,Records!AG54,Records!AG58,Records!AG62,Records!AG59,Records!AG63,Records!AG67,Records!AG66,Records!AG70,Records!AG74,Records!AG71,Records!AG75,Records!AG82,Records!AG78,Records!AG79,Records!AG87,Records!AG83,Records!AG86,Records!AG94,Records!AG90,Records!AG91,Records!AG99,Records!AG95,Records!AG98,Records!AG103,Records!AG106,Records!AG102,Records!AG110,Records!AG111,Records!AG107,Records!AG115,Records!AG118,Records!AG114,Records!AG122,Records!AG123,Records!AG119,Records!AG130,Records!AG127,Records!AG126,Records!AG135,Records!AG134,Records!AG131,Records!AG142,Records!AG139,Records!AG138,Records!AG147,Records!AG146,Records!AG143),4) -> 0.0035 | E59: 0.03 | F59: 0 | G59: 等价 | H59: 两方法共享同一 Python 感知会话，输入侧应等价
A60: VCD 接纳率 | B60: =ROUND(AVERAGE(Records!AH6,Records!AH7,Records!AH10,Records!AH11,Records!AH14,Records!AH15,Records!AH18,Records!AH19,Records!AH22,Records!AH23,Records!AH26,Records!AH27,Records!AH30,Records!AH34,Records!AH31,Records!AH35,Records!AH39,Records!AH38,Records!AH42,Records!AH46,Records!AH43,Records!AH47,Records!AH51,Records!AH50,Records!AH55,Records!AH54,Records!AH58,Records!AH62,Records!AH59,Records!AH63,Records!AH67,Records!AH66,Records!AH70,Records!AH74,Records!AH71,Records!AH75,Records!AH82,Records!AH78,Records!AH79,Records!AH87,Records!AH83,Records!AH86,Records!AH94,Records!AH90,Records!AH91,Records!AH99,Records!AH95,Records!AH98,Records!AH103,Records!AH106,Records!AH102,Records!AH110,Records!AH111,Records!AH107,Records!AH115,Records!AH118,Records!AH114,Records!AH122,Records!AH123,Records!AH119,Records!AH130,Records!AH127,Records!AH126,Records!AH135,Records!AH134,Records!AH131,Records!AH142,Records!AH139,Records!AH138,Records!AH147,Records!AH146,Records!AH143),4) -> 0.9403 | C60: =ROUND(AVERAGE(Records!AH5,Records!AH8,Records!AH9,Records!AH12,Records!AH13,Records!AH16,Records!AH17,Records!AH20,Records!AH21,Records!AH24,Records!AH25,Records!AH28,Records!AH29,Records!AH33,Records!AH32,Records!AH36,Records!AH40,Records!AH37,Records!AH41,Records!AH45,Records!AH44,Records!AH48,Records!AH52,Records!AH49,Records!AH56,Records!AH53,Records!AH57,Records!AH61,Records!AH60,Records!AH64,Records!AH68,Records!AH65,Records!AH69,Records!AH73,Records!AH72,Records!AH76,Records!AH81,Records!AH77,Records!AH80,Records!AH88,Records!AH84,Records!AH85,Records!AH93,Records!AH89,Records!AH92,Records!AH100,Records!AH96,Records!AH97,Records!AH104,Records!AH105,Records!AH101,Records!AH109,Records!AH112,Records!AH108,Records!AH116,Records!AH117,Records!AH113,Records!AH121,Records!AH124,Records!AH120,Records!AH129,Records!AH128,Records!AH125,Records!AH136,Records!AH133,Records!AH132,Records!AH141,Records!AH140,Records!AH137,Records!AH148,Records!AH145,Records!AH144),4) -> 0.9423 | D60: =ROUND(AVERAGE(Records!AH5,Records!AH8,Records!AH9,Records!AH12,Records!AH13,Records!AH16,Records!AH17,Records!AH20,Records!AH21,Records!AH24,Records!AH25,Records!AH28,Records!AH29,Records!AH33,Records!AH32,Records!AH36,Records!AH40,Records!AH37,Records!AH41,Records!AH45,Records!AH44,Records!AH48,Records!AH52,Records!AH49,Records!AH56,Records!AH53,Records!AH57,Records!AH61,Records!AH60,Records!AH64,Records!AH68,Records!AH65,Records!AH69,Records!AH73,Records!AH72,Records!AH76,Records!AH81,Records!AH77,Records!AH80,Records!AH88,Records!AH84,Records!AH85,Records!AH93,Records!AH89,Records!AH92,Records!AH100,Records!AH96,Records!AH97,Records!AH104,Records!AH105,Records!AH101,Records!AH109,Records!AH112,Records!AH108,Records!AH116,Records!AH117,Records!AH113,Records!AH121,Records!AH124,Records!AH120,Records!AH129,Records!AH128,Records!AH125,Records!AH136,Records!AH133,Records!AH132,Records!AH141,Records!AH140,Records!AH137,Records!AH148,Records!AH145,Records!AH144)-AVERAGE(Records!AH6,Records!AH7,Records!AH10,Records!AH11,Records!AH14,Records!AH15,Records!AH18,Records!AH19,Records!AH22,Records!AH23,Records!AH26,Records!AH27,Records!AH30,Records!AH34,Records!AH31,Records!AH35,Records!AH39,Records!AH38,Records!AH42,Records!AH46,Records!AH43,Records!AH47,Records!AH51,Records!AH50,Records!AH55,Records!AH54,Records!AH58,Records!AH62,Records!AH59,Records!AH63,Records!AH67,Records!AH66,Records!AH70,Records!AH74,Records!AH71,Records!AH75,Records!AH82,Records!AH78,Records!AH79,Records!AH87,Records!AH83,Records!AH86,Records!AH94,Records!AH90,Records!AH91,Records!AH99,Records!AH95,Records!AH98,Records!AH103,Records!AH106,Records!AH102,Records!AH110,Records!AH111,Records!AH107,Records!AH115,Records!AH118,Records!AH114,Records!AH122,Records!AH123,Records!AH119,Records!AH130,Records!AH127,Records!AH126,Records!AH135,Records!AH134,Records!AH131,Records!AH142,Records!AH139,Records!AH138,Records!AH147,Records!AH146,Records!AH143),4) -> 0.0021 | E60: 0.03 | F60: 0 | G60: 等价 | H60: 两方法共享同一 Python 感知会话，输入侧应等价
A61: 输出可用率 | B61: =ROUND(AVERAGE(Records!AI6,Records!AI7,Records!AI10,Records!AI11,Records!AI14,Records!AI15,Records!AI18,Records!AI19,Records!AI22,Records!AI23,Records!AI26,Records!AI27,Records!AI30,Records!AI34,Records!AI31,Records!AI35,Records!AI39,Records!AI38,Records!AI42,Records!AI46,Records!AI43,Records!AI47,Records!AI51,Records!AI50,Records!AI55,Records!AI54,Records!AI58,Records!AI62,Records!AI59,Records!AI63,Records!AI67,Records!AI66,Records!AI70,Records!AI74,Records!AI71,Records!AI75,Records!AI82,Records!AI78,Records!AI79,Records!AI87,Records!AI83,Records!AI86,Records!AI94,Records!AI90,Records!AI91,Records!AI99,Records!AI95,Records!AI98,Records!AI103,Records!AI106,Records!AI102,Records!AI110,Records!AI111,Records!AI107,Records!AI115,Records!AI118,Records!AI114,Records!AI122,Records!AI123,Records!AI119,Records!AI130,Records!AI127,Records!AI126,Records!AI135,Records!AI134,Records!AI131,Records!AI142,Records!AI139,Records!AI138,Records!AI147,Records!AI146,Records!AI143),4) -> 0.9857 | C61: =ROUND(AVERAGE(Records!AI5,Records!AI8,Records!AI9,Records!AI12,Records!AI13,Records!AI16,Records!AI17,Records!AI20,Records!AI21,Records!AI24,Records!AI25,Records!AI28,Records!AI29,Records!AI33,Records!AI32,Records!AI36,Records!AI40,Records!AI37,Records!AI41,Records!AI45,Records!AI44,Records!AI48,Records!AI52,Records!AI49,Records!AI56,Records!AI53,Records!AI57,Records!AI61,Records!AI60,Records!AI64,Records!AI68,Records!AI65,Records!AI69,Records!AI73,Records!AI72,Records!AI76,Records!AI81,Records!AI77,Records!AI80,Records!AI88,Records!AI84,Records!AI85,Records!AI93,Records!AI89,Records!AI92,Records!AI100,Records!AI96,Records!AI97,Records!AI104,Records!AI105,Records!AI101,Records!AI109,Records!AI112,Records!AI108,Records!AI116,Records!AI117,Records!AI113,Records!AI121,Records!AI124,Records!AI120,Records!AI129,Records!AI128,Records!AI125,Records!AI136,Records!AI133,Records!AI132,Records!AI141,Records!AI140,Records!AI137,Records!AI148,Records!AI145,Records!AI144),4) -> 0.9863 | D61: =ROUND(AVERAGE(Records!AI5,Records!AI8,Records!AI9,Records!AI12,Records!AI13,Records!AI16,Records!AI17,Records!AI20,Records!AI21,Records!AI24,Records!AI25,Records!AI28,Records!AI29,Records!AI33,Records!AI32,Records!AI36,Records!AI40,Records!AI37,Records!AI41,Records!AI45,Records!AI44,Records!AI48,Records!AI52,Records!AI49,Records!AI56,Records!AI53,Records!AI57,Records!AI61,Records!AI60,Records!AI64,Records!AI68,Records!AI65,Records!AI69,Records!AI73,Records!AI72,Records!AI76,Records!AI81,Records!AI77,Records!AI80,Records!AI88,Records!AI84,Records!AI85,Records!AI93,Records!AI89,Records!AI92,Records!AI100,Records!AI96,Records!AI97,Records!AI104,Records!AI105,Records!AI101,Records!AI109,Records!AI112,Records!AI108,Records!AI116,Records!AI117,Records!AI113,Records!AI121,Records!AI124,Records!AI120,Records!AI129,Records!AI128,Records!AI125,Records!AI136,Records!AI133,Records!AI132,Records!AI141,Records!AI140,Records!AI137,Records!AI148,Records!AI145,Records!AI144)-AVERAGE(Records!AI6,Records!AI7,Records!AI10,Records!AI11,Records!AI14,Records!AI15,Records!AI18,Records!AI19,Records!AI22,Records!AI23,Records!AI26,Records!AI27,Records!AI30,Records!AI34,Records!AI31,Records!AI35,Records!AI39,Records!AI38,Records!AI42,Records!AI46,Records!AI43,Records!AI47,Records!AI51,Records!AI50,Records!AI55,Records!AI54,Records!AI58,Records!AI62,Records!AI59,Records!AI63,Records!AI67,Records!AI66,Records!AI70,Records!AI74,Records!AI71,Records!AI75,Records!AI82,Records!AI78,Records!AI79,Records!AI87,Records!AI83,Records!AI86,Records!AI94,Records!AI90,Records!AI91,Records!AI99,Records!AI95,Records!AI98,Records!AI103,Records!AI106,Records!AI102,Records!AI110,Records!AI111,Records!AI107,Records!AI115,Records!AI118,Records!AI114,Records!AI122,Records!AI123,Records!AI119,Records!AI130,Records!AI127,Records!AI126,Records!AI135,Records!AI134,Records!AI131,Records!AI142,Records!AI139,Records!AI138,Records!AI147,Records!AI146,Records!AI143),4) -> 0.0006 | E61: 0.02 | F61: 0 | G61: 等价 | H61: 两方法共享同一 Python 感知会话，输入侧应等价
A62: 遮挡时长 s | B62: =ROUND(AVERAGE(Records!AJ6,Records!AJ7,Records!AJ10,Records!AJ11,Records!AJ14,Records!AJ15,Records!AJ18,Records!AJ19,Records!AJ22,Records!AJ23,Records!AJ26,Records!AJ27,Records!AJ30,Records!AJ34,Records!AJ31,Records!AJ35,Records!AJ39,Records!AJ38,Records!AJ42,Records!AJ46,Records!AJ43,Records!AJ47,Records!AJ51,Records!AJ50,Records!AJ55,Records!AJ54,Records!AJ58,Records!AJ62,Records!AJ59,Records!AJ63,Records!AJ67,Records!AJ66,Records!AJ70,Records!AJ74,Records!AJ71,Records!AJ75,Records!AJ82,Records!AJ78,Records!AJ79,Records!AJ87,Records!AJ83,Records!AJ86,Records!AJ94,Records!AJ90,Records!AJ91,Records!AJ99,Records!AJ95,Records!AJ98,Records!AJ103,Records!AJ106,Records!AJ102,Records!AJ110,Records!AJ111,Records!AJ107,Records!AJ115,Records!AJ118,Records!AJ114,Records!AJ122,Records!AJ123,Records!AJ119,Records!AJ130,Records!AJ127,Records!AJ126,Records!AJ135,Records!AJ134,Records!AJ131,Records!AJ142,Records!AJ139,Records!AJ138,Records!AJ147,Records!AJ146,Records!AJ143),4) -> 0.7562 | C62: =ROUND(AVERAGE(Records!AJ5,Records!AJ8,Records!AJ9,Records!AJ12,Records!AJ13,Records!AJ16,Records!AJ17,Records!AJ20,Records!AJ21,Records!AJ24,Records!AJ25,Records!AJ28,Records!AJ29,Records!AJ33,Records!AJ32,Records!AJ36,Records!AJ40,Records!AJ37,Records!AJ41,Records!AJ45,Records!AJ44,Records!AJ48,Records!AJ52,Records!AJ49,Records!AJ56,Records!AJ53,Records!AJ57,Records!AJ61,Records!AJ60,Records!AJ64,Records!AJ68,Records!AJ65,Records!AJ69,Records!AJ73,Records!AJ72,Records!AJ76,Records!AJ81,Records!AJ77,Records!AJ80,Records!AJ88,Records!AJ84,Records!AJ85,Records!AJ93,Records!AJ89,Records!AJ92,Records!AJ100,Records!AJ96,Records!AJ97,Records!AJ104,Records!AJ105,Records!AJ101,Records!AJ109,Records!AJ112,Records!AJ108,Records!AJ116,Records!AJ117,Records!AJ113,Records!AJ121,Records!AJ124,Records!AJ120,Records!AJ129,Records!AJ128,Records!AJ125,Records!AJ136,Records!AJ133,Records!AJ132,Records!AJ141,Records!AJ140,Records!AJ137,Records!AJ148,Records!AJ145,Records!AJ144),4) -> 0.7611 | D62: =ROUND(AVERAGE(Records!AJ5,Records!AJ8,Records!AJ9,Records!AJ12,Records!AJ13,Records!AJ16,Records!AJ17,Records!AJ20,Records!AJ21,Records!AJ24,Records!AJ25,Records!AJ28,Records!AJ29,Records!AJ33,Records!AJ32,Records!AJ36,Records!AJ40,Records!AJ37,Records!AJ41,Records!AJ45,Records!AJ44,Records!AJ48,Records!AJ52,Records!AJ49,Records!AJ56,Records!AJ53,Records!AJ57,Records!AJ61,Records!AJ60,Records!AJ64,Records!AJ68,Records!AJ65,Records!AJ69,Records!AJ73,Records!AJ72,Records!AJ76,Records!AJ81,Records!AJ77,Records!AJ80,Records!AJ88,Records!AJ84,Records!AJ85,Records!AJ93,Records!AJ89,Records!AJ92,Records!AJ100,Records!AJ96,Records!AJ97,Records!AJ104,Records!AJ105,Records!AJ101,Records!AJ109,Records!AJ112,Records!AJ108,Records!AJ116,Records!AJ117,Records!AJ113,Records!AJ121,Records!AJ124,Records!AJ120,Records!AJ129,Records!AJ128,Records!AJ125,Records!AJ136,Records!AJ133,Records!AJ132,Records!AJ141,Records!AJ140,Records!AJ137,Records!AJ148,Records!AJ145,Records!AJ144)-AVERAGE(Records!AJ6,Records!AJ7,Records!AJ10,Records!AJ11,Records!AJ14,Records!AJ15,Records!AJ18,Records!AJ19,Records!AJ22,Records!AJ23,Records!AJ26,Records!AJ27,Records!AJ30,Records!AJ34,Records!AJ31,Records!AJ35,Records!AJ39,Records!AJ38,Records!AJ42,Records!AJ46,Records!AJ43,Records!AJ47,Records!AJ51,Records!AJ50,Records!AJ55,Records!AJ54,Records!AJ58,Records!AJ62,Records!AJ59,Records!AJ63,Records!AJ67,Records!AJ66,Records!AJ70,Records!AJ74,Records!AJ71,Records!AJ75,Records!AJ82,Records!AJ78,Records!AJ79,Records!AJ87,Records!AJ83,Records!AJ86,Records!AJ94,Records!AJ90,Records!AJ91,Records!AJ99,Records!AJ95,Records!AJ98,Records!AJ103,Records!AJ106,Records!AJ102,Records!AJ110,Records!AJ111,Records!AJ107,Records!AJ115,Records!AJ118,Records!AJ114,Records!AJ122,Records!AJ123,Records!AJ119,Records!AJ130,Records!AJ127,Records!AJ126,Records!AJ135,Records!AJ134,Records!AJ131,Records!AJ142,Records!AJ139,Records!AJ138,Records!AJ147,Records!AJ146,Records!AJ143),4) -> 0.0049 | E62: 0.06 | F62: 0 | G62: 等价 | H62: 两方法共享同一 Python 感知会话，输入侧应等价
A63: FrozenUncertain 事件占比 | B63: 142/144 | C63: 98.6% | D63: — | E63: — | F63: — | G63: 多数（符合冻结目标） | H63: 目标状态为 FrozenUncertain；Coasting 0 次
A64: Lost 事件占比 | B64: One-Euro 0 | C64: EgoAnchor 2 | D64: 合计 2/144 = 1.4% | E64: — | F64: — | G64: 方法间平衡 | H64: 意外进入 Lost 会等待同一次服务器 REGISTER（实测中位 737 ms）
A65: 服务器重获取次数 | B65: 2 | C65: 3 | D65: 1 | E65: — | F65: — | G65: 描述性 | H65: 只作审计，不作因变量
A66: StaticLock 进入次数 | B66: 0 | C66: 364 | D66: 按设计不对称 | E66: — | F66: — | G66: 操纵本身 | H66: One-Euro 不启用 StaticLock，此项差异是被操纵的设计变量而非混淆
A68: F. 最终测量计数（公式直接对 Records C 段计数）
A69: 测量 | B69: EgoAnchor | C69: One-Euro | D69: 无明显偏好/NA | E69: 合计 | F69: 备注
A70: 方法选择 | B70: =COUNTIF(Records!I203:I226,"EgoAnchor") -> 18 | C70: =COUNTIF(Records!I203:I226,"One-Euro") -> 1 | D70: =COUNTIF(Records!I203:I226,"无明显偏好") -> 5 | E70: =B70+C70+D70 -> 24 | F70: 解码后计数
A71: 信任选择 | B71: =COUNTIF(Records!J203:J226,"EgoAnchor") -> 20 | C71: =COUNTIF(Records!J203:J226,"One-Euro") -> 0 | D71: =COUNTIF(Records!J203:J226,"无明显偏好") -> 4 | E71: =B71+C71+D71 -> 24 | F71: 与方法选择独立作答
A72: 偏好×信任不一致人数 | B72: 2 | F72: 两项强制选择允许不一致，不一致模式本身是结果
A73: 偏好强度分布(1-7) | B73: =COUNTIF(Records!C203:C226,1) -> 0 | C73: =COUNTIF(Records!C203:C226,2) -> 0 | D73: =COUNTIF(Records!C203:C226,3) -> 0 | E73: =COUNTIF(Records!C203:C226,4) -> 5 | F73: =COUNTIF(Records!C203:C226,5) -> 2 | G73: =COUNTIF(Records!C203:C226,6) -> 7 | H73: =COUNTIF(Records!C203:C226,7) -> 5 | I73: =COUNTIF(Records!C203:C226,"NA") -> 5 | J73: 第 2–8 列 = 计 1..7 人数；第 9 列 = NA（无明显偏好者）
A74: 区分信心分布(1-7) | B74: =COUNTIF(Records!E203:E226,1) -> 0 | C74: =COUNTIF(Records!E203:E226,2) -> 3 | D74: =COUNTIF(Records!E203:E226,3) -> 0 | E74: =COUNTIF(Records!E203:E226,4) -> 4 | F74: =COUNTIF(Records!E203:E226,5) -> 6 | G74: =COUNTIF(Records!E203:E226,6) -> 4 | H74: =COUNTIF(Records!E203:E226,7) -> 7 | J74: 低信心提示确实无差异，高信心 + 无偏好提示权衡型无偏好
A75: 结束不适分布 | B75: =COUNTIF(Records!H203:H226,"无") -> 22 | C75: =COUNTIF(Records!H203:H226,"轻微") -> 2 | D75: =COUNTIF(Records!H203:H226,"中等") -> 0 | E75: =COUNTIF(Records!H203:H226,"明显") -> 0 | F75: =COUNTIF(Records!H203:H226,"因不适中止") -> 0 | H75: 仅安全监测，不作因变量
A77: G. 开放题主题编码（0/1；本轮由模型按人物实际经历生成，真实采集需两名编码者独立编码后讨论分歧）
A78: Participant_ID | B78: Stationary_Jitter | C78: Viewpoint_Drift | D78: Absolute_Offset | E78: Motion_Lag | F78: Motion_Sliding | G78: Orientation_Mismatch | H78: PostPlacement_Settling | I78: Recovery_Jump | J78: Wrong_Recovery | K78: Predictability | L78: Embedding_Blending | M78: No_Noticeable_Difference | N78: Other | O78: 主题数
A79: P001 | B79: 1 | C79: 0 | D79: 0 | E79: 0 | F79: 0 | G79: 0 | H79: 0 | I79: 0 | J79: 0 | K79: 0 | L79: 0 | M79: 0 | N79: 0 | O79: =SUM(B79:N79) -> 1
A80: P002 | B80: 0 | C80: 0 | D80: 0 | E80: 1 | F80: 0 | G80: 0 | H80: 0 | I80: 1 | J80: 0 | K80: 0 | L80: 0 | M80: 0 | N80: 0 | O80: =SUM(B80:N80) -> 2
A81: P003 | B81: 1 | C81: 1 | D81: 1 | E81: 0 | F81: 0 | G81: 0 | H81: 0 | I81: 0 | J81: 0 | K81: 0 | L81: 1 | M81: 0 | N81: 0 | O81: =SUM(B81:N81) -> 4
A82: P004 | B82: 1 | C82: 0 | D82: 0 | E82: 0 | F82: 0 | G82: 0 | H82: 0 | I82: 1 | J82: 0 | K82: 0 | L82: 0 | M82: 0 | N82: 0 | O82: =SUM(B82:N82) -> 2
A83: P005 | B83: 1 | C83: 1 | D83: 1 | E83: 0 | F83: 0 | G83: 0 | H83: 0 | I83: 0 | J83: 0 | K83: 0 | L83: 1 | M83: 0 | N83: 0 | O83: =SUM(B83:N83) -> 4
A84: P006 | B84: 0 | C84: 0 | D84: 0 | E84: 0 | F84: 0 | G84: 0 | H84: 0 | I84: 1 | J84: 1 | K84: 1 | L84: 0 | M84: 0 | N84: 0 | O84: =SUM(B84:N84) -> 3
A85: P007 | B85: 0 | C85: 0 | D85: 0 | E85: 0 | F85: 0 | G85: 0 | H85: 0 | I85: 1 | J85: 0 | K85: 0 | L85: 0 | M85: 0 | N85: 0 | O85: =SUM(B85:N85) -> 1
A86: P008 | B86: 1 | C86: 0 | D86: 1 | E86: 0 | F86: 0 | G86: 1 | H86: 0 | I86: 0 | J86: 0 | K86: 0 | L86: 1 | M86: 1 | N86: 0 | O86: =SUM(B86:N86) -> 5
A87: P009 | B87: 1 | C87: 0 | D87: 1 | E87: 1 | F87: 0 | G87: 0 | H87: 0 | I87: 0 | J87: 0 | K87: 0 | L87: 1 | M87: 0 | N87: 0 | O87: =SUM(B87:N87) -> 4
A88: P010 | B88: 1 | C88: 0 | D88: 0 | E88: 0 | F88: 0 | G88: 0 | H88: 0 | I88: 0 | J88: 0 | K88: 0 | L88: 0 | M88: 0 | N88: 0 | O88: =SUM(B88:N88) -> 1
A89: P011 | B89: 0 | C89: 0 | D89: 0 | E89: 0 | F89: 0 | G89: 0 | H89: 0 | I89: 0 | J89: 0 | K89: 0 | L89: 0 | M89: 1 | N89: 0 | O89: =SUM(B89:N89) -> 1
A90: P012 | B90: 1 | C90: 1 | D90: 1 | E90: 0 | F90: 1 | G90: 1 | H90: 0 | I90: 0 | J90: 0 | K90: 1 | L90: 1 | M90: 0 | N90: 0 | O90: =SUM(B90:N90) -> 7
... A102: P024 | B102: 1 | C102: 0 | D102: 1 | E102: 0 | F102: 0 | G102: 0 | H102: 0 | I102: 0 | J102: 0 | K102: 1 | L102: 1 | M102: 0 | N102: 0 | O102: =SUM(B102:N102) -> 4
A103: 主题计数合计 | B103: =SUM(B79:B102) -> 15 | C103: =SUM(C79:C102) -> 5 | D103: =SUM(D79:D102) -> 9 | E103: =SUM(E79:E102) -> 5 | F103: =SUM(F79:F102) -> 4 | G103: =SUM(G79:G102) -> 3 | H103: =SUM(H79:H102) -> 0 | I103: =SUM(I79:I102) -> 8 | ... N103: =SUM(N79:N102) -> 0

Sheet Simulation_Audit
A1: 模拟可审计层（合成数据）：刺激剖面来自实验一/二实测；本表使模拟过程可复核
A3: 一、知觉通道刺激剖面（全部取自 experiment1_summary.csv 实测值）
A4: 通道 | B4: One-Euro 实测 | C4: EgoAnchor 实测 | D4: 比值 | E4: 参考尺度 m_ref | F4: 潜变量优势 Δ | G4: 来源指标
A5: static_jitter | B5: 10.6501 | C5: 0.8179 | D5: =IF(C5=0,"inf",ROUND(B5/C5,3)) -> 13.021 | E5: 1.5 | F5: 1.6567 | G5: head_motion_leakage_p95_mm
A6: static_increment | B6: 0.8471 | C6: 0.0636 | D6: =IF(C6=0,"inf",ROUND(B6/C6,3)) -> 13.319 | E6: 0.3 | F6: 1.1491 | G6: stationary_frame_increment_p95_mm
A7: absolute_offset | B7: 13.9991 | C7: 6.5966 | D7: =IF(C7=0,"inf",ROUND(B7/C7,3)) -> 2.122 | E7: 4 | F7: 0.5298 | G7: absolute_registration_p95_mm
A8: motion_sliding | B8: 15.6905 | C8: 9.1184 | D8: =IF(C8=0,"inf",ROUND(B8/C8,3)) -> 1.721 | E8: 6 | F8: 0.361 | G8: translation_aligned_rmse_mm
A9: motion_increment | B9: 5.2496 | C9: 4.5626 | D9: =IF(C9=0,"inf",ROUND(B9/C9,3)) -> 1.151 | E9: 2.5 | F9: 0.0928 | G9: translation_aligned_residual_increment_p95_mm
A10: onset_lag | B10: 333.9812 | C10: 510.3635 | D10: =IF(C10=0,"inf",ROUND(B10/C10,3)) -> 0.654 | E10: 250 | F10: -0.2639 | G10: start_transition_response_ms
A11: steady_lag | B11: 380 | C11: 360 | D11: =IF(C11=0,"inf",ROUND(B11/C11,3)) -> 1.056 | E11: 200 | F11: 0.0351 | G11: translation_lag_ms
A12: rotation_motion | B12: 5.5519 | C12: 4.8146 | D12: =IF(C12=0,"inf",ROUND(B12/C12,3)) -> 1.153 | E12: 2.5 | F12: 0.096 | G12: rotation_aligned_rmse_deg
A13: rotation_absolute | B13: 6.9564 | C13: 4.3946 | D13: =IF(C13=0,"inf",ROUND(B13/C13,3)) -> 1.583 | E13: 2.5 | F13: 0.316 | G13: absolute_rotation_registration_p95_deg
A14: rotation_static | B14: 3.2919 | C14: 0.3263 | D14: =IF(C14=0,"inf",ROUND(B14/C14,3)) -> 10.089 | E14: 2.5 | F14: 0.7175 | G14: stationary_rotation_leakage_p95_deg
A15: recovery | B15: 10.4116 | C15: 4.8545 | D15: =IF(C15=0,"inf",ROUND(B15/C15,3)) -> 2.145 | E15: 4 | F15: 0.4871 | G15: occlusion_p95_mm
A16: correction_pos | B16: 1.7996 | C16: 1.2733 | D16: =IF(C16=0,"inf",ROUND(B16/C16,3)) -> 1.413 | E16: 1 | F16: 0.2082 | G16: correction_position_step_p95_mm
... A19: settle_reverse | B19: 0.4975 | C19: 0.6945 | D19: =IF(C19=0,"inf",ROUND(B19/C19,3)) -> 0.716 | E19: 0.35 | F19: -0.209 | G19: stop_reverse_return_mm
A20: 潜变量优势 Δ = ln(1+OE/m_ref) − ln(1+EA/m_ref)，即 Weber–Fechner 型知觉压缩。m_ref 是内部定标常数（约当可觉察量级），按计划书要求不写入论文。
A22: 二、条目 → 通道权重与预期方向（措辞驱动，采集前冻结）
A23: 条目 | B23: 简称 | C23: 家族 | D23: 方法敏感比例 | E23: 合成潜变量优势 | F23: 预期方向 | G23: 通道权重
A24: Q1 | B24: 静止稳定 | C24: primary | D24: 1 | E24: 1.4536 | F24: EA 明显更优 | G24: static_jitter:0.60 / static_increment:0.40
A25: Q2 | B25: 运动附着 | C25: primary | D25: 1 | E25: 0.0485 | F25: 预期零效应 | G25: motion_sliding:0.50 / onset_lag:0.50
A26: Q9 | B26: 姿态一致 | C26: primary | D26: 0.85 | E26: 0.2169 | F26: EA 略优 | G26: rotation_motion:0.55 / rotation_absolute:0.30 / rotation_static:0.15
A27: Q10_OPT | B27: 放置后稳定 | C27: secondary | D27: 0.7 | E27: 0.0625 | F27: 预期零效应 | G27: settle_forward:0.50 / settle_reverse:0.50
A28: AQ_IQ2 | B28: 响应及时 | C28: published | D28: 0.75 | E28: -0.1195 | F28: 预期零效应 | G28: onset_lag:0.65 / steady_lag:0.35
A29: AQ_IQ3 | B29: 运动平滑 | C29: published | D29: 0.85 | E29: 0.2939 | F29: EA 略优 | G29: motion_increment:0.40 / static_increment:0.25 / correction_pos:0.20 / correction_rot:0.15
A30: Q3 | B30: 恢复一致 | C30: primary | D30: 1 | E30: 0.4871 | F30: EA 明显更优 | G30: recovery:1.00
A31: Q8 | B31: 位置正确 | C31: primary | D31: 1 | E31: 0.7552 | F31: EA 明显更优 | G31: absolute_offset:0.80 / static_jitter:0.20
A32: AQ_EQ1 | B32: 融合 | C32: published | D32: 0.45 | E32: 0.3918 | F32: EA 略优 | G32: absolute_offset:0.40 / static_jitter:0.35 / rotation_absolute:0.25
A33: AQ_EQ2 | B33: 嵌入可信 | C33: published | D33: 0.5 | E33: 0.4354 | F33: EA 略优 | G33: absolute_offset:0.40 / static_jitter:0.35 / rotation_absolute:0.25
A34: AQ_EQ3 | B34: 尺度协调 | C34: published | D34: 0.05 | E34: 0.0265 | F34: 预期零效应 | G34: absolute_offset:1.00
A35: AQ_IQ1 | B35: 交互直观 | C35: published | D35: 0.35 | E35: 0.1131 | F35: 预期零效应 | G35: onset_lag:0.45 / motion_increment:0.30 / static_jitter:0.25
... A37: Q7 | B37: 稳定-响应平衡 | C37: primary | D37: 1 | E37: 0.6301 | F37: EA 明显更优 | G37: static_jitter:0.34 / absolute_offset:0.16 / recovery:0.12 / onset_lag:0.30 / steady_lag:0.08
A39: 三、逐物体刺激调制（依据计划书 2.2 的物体特征与感知后端行为）
A40: 物体 | B40: 绝对水平偏移 | C40: 候选到达率 Hz | D40: VCD 中位 | E40: 接纳率 | F40: 输出可用率 | G40: OE 灾难失效率 | H40: 遮挡意外 Lost 率 | I40: 说明
A41: 鼠标 | B41: -0.18 | C41: 9.48 | D41: 0.897 | E41: 0.941 | F41: 0.986 | G41: 0.085 | H41: 0.012 | I41: 小、曲率连续、纹理弱 → 候选噪声大 → 稳定通道差异被放大，绝对精度较差
A42: 固定订书机 | B42: 0.26 | C42: 9.61 | D42: 0.929 | E42: 0.958 | F42: 0.992 | G42: 0.045 | H42: 0.008 | I42: 细长多平面、方向性强 → 候选最干净 → 差异被压缩，绝对水平最高
A43: 游戏手柄 | B43: -0.3 | C43: 9.31 | D43: 0.871 | E43: 0.925 | F43: 0.979 | G43: 0.115 | H43: 0.02 | I43: 大、单手搬移、手部遮挡多 → 恢复/生命周期差异放大，旋转判断最难
A45: 四、问卷负担诊断（Q10 启用判据与 AQ 缩减规则的实测评估）
A46: 诊断项 | B46: 实测值 | C46: 判据 | D46: 是否触发 | E46: 结论
A47: 单区块问卷时长中位 | B47: =ROUND(MEDIAN(Records!AA5:AA148),1) -> 133.7 | C47: ≤150 s 才可启用 Q10
A48: 问卷时长 >150 s 区块占比 | B48: =ROUND(COUNTIF(Records!AA5:AA148,">150")/144,4) -> 0.2917 | C48: >0 即触发 AQ 缩减规则
A49: 最长连续同分 ≥5 的区块占比 | B49: =ROUND(COUNTIF(Records!AP5:AP148,">=5")/144,4) -> 0.2708 | C49: >0 即存在响应定式
A50: 单区块问卷时长最大值 | B50: =ROUND(MAX(Records!AA5:AA148),1) -> 222.1 | C50: 描述性
A51: 结论：单区块问卷时长中位虽 ≤150 s，但存在 >150 s 的区块且出现连续同分 ≥5 项，按计划书 4.2 与第八节，Q10 不启用、AQ 缩减规则（停用 AQ_EQ3 与 AQ_IQ1）已触发。本轮为保持完整子量表仍施测全部 6 项 AQ，并在报告中同时给出缩减版结果。
A53: 五、离散失效事件日志
A54: 事件类型 | B54: 次数 | C54: 分母 | D54: 占比 | E54: 说明
A55: One-Euro 灾难性恢复失效（>40 mm 级） | B55: 9 | C55: 72 | D55: =ROUND(B55/C55,4) -> 0.125 | E55: 对应实验一 12 次遮挡中 1 次 >40 mm；逐区块伯努利注入，使 Q3/Q6 分布重尾而非均匀平移
A56: 受灾难性失效影响的参与者数 | B56: 8 | C56: 24 | D56: =ROUND(B56/C56,4) -> 0.3333 | E56: 这些参与者在 Q3/Q6 与方法级信任上惩罚 One-Euro 最重，并在开放题点名恢复跳变
A57: 完整系统 StaticLock 锁在略偏位姿 | B57: 7 | C57: 72 | D57: =ROUND(B57/C57,4) -> 0.0972 | E57: 显式静止锚定的失败模式：时间上纹丝不动但空间偏移；压低 Q8 与 AQ-EQ，是 Q8 效应显著小于 Q1 的原因之一
A58: 注意力失效区块 | B58: 12 | C58: 144 | D58: =ROUND(B58/C58,4) -> 0.0833 | E58: 参与者未按提示完成头动或走神作答；使最响通道也出现结平与个别反向
A60: 六、顺序诊断（先行方法、标签映射、区块位置、对象内先后）
A61: 诊断项 | B61: 组1 | C61: 组1均值 | D61: 组2 | E61: 组2均值 | F61: U | G61: p | H61: 结论
A62: 先行方法 | B62: 先 EgoAnchor | C62: 0.5079 | D62: 先 One-Euro | E62: 0.8929 | F62: 37 | G62: 0.0464 | H62: 需检查
A63: 标签映射 | B63: A=EgoAnchor | C63: 0.8254 | D63: B=EgoAnchor | E63: 0.5754 | F63: 97 | G63: 0.1572 | H63: 无顺序效应
A64: 物体区块位置 | B64: 第1物体 | C64: 4.756 | D64: 第3物体 | E64: 4.7768 | F64: 1.073 | G64: 0.5849 | H64: 无位置漂移
A65: 对象内先后 | B65: 先体验 | C65: 4.7103 | D65: 后体验 | E65: 4.871 | F65: 2240.5 | G65: 0.1598 | H65: 无先后效应
A67: 七、换种子重抽（模型不变，只换随机流；报告 Holm 后显著占比）
A68: 结局 | B68: 家族 | C68: Holm 后显著占比 | D68: dz 中位 | E68: dz 2.5% | F68: dz 97.5% | G68: 主种子那次是否显著 | H68: 说明
A69: Q1 | B69: 主证实 | C69: 1 | D69: 1.521 | E69: 1.147 | F69: 2.037 | G69: 是 | H69: 规划正式采集应以本列显著占比为基准，而非主种子那一次的结果
A70: Q8 | B70: 主证实 | C70: 0.975 | D70: 0.944 | E70: 0.576 | F70: 1.556 | G70: 是 | H70: 规划正式采集应以本列显著占比为基准，而非主种子那一次的结果
A71: Q2 | B71: 主证实 | C71: 0.077 | D71: 0.195 | E71: -0.201 | F71: 0.6 | G71: 否 | H71: 规划正式采集应以本列显著占比为基准，而非主种子那一次的结果
A72: Q9 | B72: 主证实 | C72: 0.188 | D72: 0.337 | E72: -0.064 | F72: 0.78 | G72: 否 | H72: 规划正式采集应以本列显著占比为基准，而非主种子那一次的结果
A73: Q3 | B73: 主证实 | C73: 0.968 | D73: 0.918 | E73: 0.548 | F73: 1.452 | G73: 是 | H73: 规划正式采集应以本列显著占比为基准，而非主种子那一次的结果
A74: Q6 | B74: 主证实 | C74: 0.998 | D74: 1.147 | E74: 0.786 | F74: 1.605 | G74: 是 | H74: 规划正式采集应以本列显著占比为基准，而非主种子那一次的结果
A75: Q7 | B75: 主证实 | C75: 0.99 | D75: 1.009 | E75: 0.624 | F75: 1.483 | G75: 是 | H75: 规划正式采集应以本列显著占比为基准，而非主种子那一次的结果
A76: AQ-EQ | B76: 已发表量表 | C76: 0.615 | D76: 0.563 | E76: 0.195 | F76: 0.973 | G76: 否 | H76: 规划正式采集应以本列显著占比为基准，而非主种子那一次的结果
A77: AQ-IQ | B77: 已发表量表 | C77: 0.155 | D77: 0.223 | E77: -0.175 | F77: 0.671 | G77: 否 | H77: 规划正式采集应以本列显著占比为基准，而非主种子那一次的结果
A78: TiA-R/C | B78: 已发表量表 | C78: 1 | D78: 1.119 | E78: 0.751 | F78: 1.591 | G78: 是 | H78: 规划正式采集应以本列显著占比为基准，而非主种子那一次的结果
A79: TiA-U/P | B79: 已发表量表 | C79: 1 | D79: 1.05 | E79: 0.729 | F79: 1.559 | G79: 是 | H79: 规划正式采集应以本列显著占比为基准，而非主种子那一次的结果
A80: S-TIAS | B80: 已发表量表 | C80: 1 | D80: 1.101 | E80: 0.741 | F80: 1.633 | G80: 是 | H80: 规划正式采集应以本列显著占比为基准，而非主种子那一次的结果
A81: 重抽 400 次，每次重新抽取 24 人的全部随机效应与离散事件，模型参数完全不变、无事后校准。显著占比是本轮对正式采集灵敏度的主要结论；主种子那一次只是该分布中的一个抽取，不应单独外推。
A83: 八、GAIN 敏感性扫描（潜变量→刻度点的唯一自由参数）
A84: GAIN | B84: Q1 dz | C84: Q8 dz | D84: Q2 dz | E84: Q9 dz | F84: Q3 dz | G84: Q6 dz | H84: Q7 dz | I84: 主家族 Holm 后显著数
A85: 0.7 | B85: 1.505 | C85: 0.915 | D85: -0.11 | E85: 0.433 | F85: 1 | G85: 1.184 | H85: 0.66 | I85: 5
A86: 0.8 | B86: 1.656 | C86: 0.89 | D86: -0.11 | E86: 0.451 | F86: 0.984 | G86: 1.438 | H86: 0.739 | I86: 5
A87: 0.9 | B87: 1.63 | C87: 0.992 | D87: -0.11 | E87: 0.48 | F87: 1.05 | G87: 1.637 | H87: 0.74 | I87: 5
A88: 1 | B88: 1.601 | C88: 1.086 | D88: -0.044 | E88: 0.513 | F88: 1.143 | G88: 1.596 | H88: 0.797 | I88: 5
A89: 1.1 | B89: 1.662 | C89: 1.233 | D89: 0 | E89: 0.542 | F89: 1.301 | G89: 1.766 | H89: 0.992 | I89: 6
A90: GAIN 是潜变量→七点刻度的唯一自由参数，本轮取 0.9。取值依据：静止通道 13× 的抖动下降（约 1.2° → 0.09° 视角）对认真观察者应使措辞恰当的单项移动约 1.2–1.5 个刻度点。扫描用于说明主要定性结论（哪些条目显著、哪些为零效应）在 0.70–1.10 区间是否稳定。
