Workbook

Sheet README
A1: EgoAnchor 实验三正式原始数据工作簿（v5.1）
A2: 唯一权威规格：2026-EgoAnchor/experiment_3_questionnaire_design_zh.md（v5.1）。Participants 与 Records 是唯一人工输入；Derived 是只读公式派生层，Analysis 是现场描述性仪表板。Python 分析另行写出结果工作簿，不会回填本文件的黄色区域。TiA 反向计分仅在派生层执行。
A4: 使用流程 | B4: 时点 | C4: 填写位置 | D4: 内容 | E4: 关键规则
A5: 0 背景 | B5: 到场、知情同意后 | C5: Participants | D5: B1–B6 背景字段、纳入状态、起止时间 | E5: 方法映射列仅实验员可见
A6: 1 区块 | B6: 每个方法×物体区块三项任务完成后 | C6: Records A 段 | D6: 13 项统一七点同意度（Q10 默认停用） | E6: 任务后统一评分，不逐任务打断
A7: 2 方法级 | B7: 全部 6 区块完成后 | C7: Records B 段 | D7: 按平衡顺序（S1 先 A、S2 先 B）分别评价两方法：TiA 10 + 提示页 + S-TIAS 3 | E7: 不得插入第 5/6 区块之间
A8: 3 最终 | B8: 摘下头显后 | C8: Records C 段 | D8: 2 强制选择 + 偏好强度 + 区分信心 + 2 开放题 + 安全检查 | E8: 回答完成前保持匿名
A9: 4 审计 | B9: 每区块同步 | C9: Records A 段（审计列） | D9: 候选/VCD/接纳/生命周期/重获取/时长 | E9: 只作操纵检验，不是配准误差
A10: 5 现场核对 | B10: 采集完成后 | C10: Analysis | D10: Derived/Analysis 公式实时显示完整性、参与者概况和可计算描述量 | E10: 正式推断由 pixi run eval analyze exp3 另写结果 XLSX
A12: 冻结分析家族
A13: 主证实家族（7） | B13: Q1/Q8/Q2/Q9/Q3/Q6/Q7 | C13: 三物体取均值 → 配对 Wilcoxon → 家族内 Holm（MDE dz=0.801）
A14: 已发表量表家族（5） | B14: AQ-EQ / AQ-IQ / TiA-R/C / TiA-U/P / S-TIAS | C14: 同上；仅此家族报告当前样本 α/ω；TiA 反向项先换向
A15: 次级 | B15: Q10（若预实验启用）；CLMM（方法×物体+区块位置+对象内先后+随机截距） | C15: 独立分析 / 稳健性
A16: 描述性 | B16: 两项强制选择、偏好强度、区分信心、开放题主题、安全检查、运行时审计 | C16: 不作推断
A18: 采集前仍未完成的前置（未完成不得正式采集）
A19: 中文施测措辞已于 2026-07-26 冻结为 v5.1 Final wording。正式采集前完成确认性认知访谈；只有发现理解不良时，才按修订、重测、再冻结的顺序处理。
A20: 预实验冻结项：遮挡时长（0.6–0.9 s 内取定，避开 0.45/1.0 s 边界）、Q10 是否启用、AQ 缩减规则是否触发（单区块 >150 s 或连续同分 ≥5 项 → 停用 AQ_EQ3/AQ_IQ1）、方法级问卷模态。
A22: 程序日志字段建议（Unity 端长格式事件日志；本表 Records 为实验员宽表）
A23: participant_id / level(block|method|final) / method_id(内部) / shown_label(A|B) / object_id / block_index / item_id / scale_type(agreement_7|agreement_5|intensity_7) / response_raw / timestamp_utc / task_completed / technical_issue / lifecycle_state(遮挡) — 事件只追加不覆盖。
A25: 提前止收规则：招募未满 24 人时按 Participants 编号顺序优先补齐整组 4 人（同一物体排列的四个单元），N 下限 18。
A27: 工作簿契约 | B27: EgoAnchor.Experiment3.RawData.v5.1
A28: 数据类别 | B28: formal-participant-data

Sheet Verification_Audit
A1: 内容核验记录（v5.1；正式采集前审计）
A2: 官方原文、对象化改编和当前样本信度必须分开表述；正式采集前剩余前置为确认性认知访谈与预留参数冻结。
A4: 核对对象 | B4: 状态 | C4: 结论/修正 | D4: 依据/来源
A5: AQ 英文条目 | B5: 已核对 | C5: 原计划英文系语义转述；已替换为附录官方原文（指代为 The virtual object，对象化替换极小） | D5: doi:10.1007/s11747-025-01108-2 Appendix
A6: AQ 量尺 | B6: 已核对 | C6: 七点：1 = I do not agree … 7 = I fully agree；中文“完全不同意–完全同意”正确 | D6: 同上
A7: AQ 书目 | B7: 已核对 | C7: Schein, K. E.; Rauschnabel, P. A.; Praxmarer-Carus, S.; Babin, B. J. Unpacking augmentation quality and local presence: Factors that drive effective augmented reality marketing. JAMS 54:49–69（2025 在线） | D7: CC BY 4.0
A8: TiA 条目结构 | B8: 已核对 | C8: R/C 6 项（官方条目 1,6,10,13,15,19）+ U/P 4 项（2,7,11,16）；6+4 正确、语料 7+3 系误标 | D8: 官方 GitHub（CC BY-SA 4.0）
A9: TiA 反向计分 | B9: 已核对 | C9: 反向项 RC3/RC5/UP2/UP4（官方条目 10,15,7,16）；五点反向分 = 6 − 原始分 | D9: 同上
A10: TiA 量尺 | B10: 已核对 | C10: 五点同意度 + 允许 No response（记缺失） | D10: 同上
A11: TiA 效度措辞 | B11: 需遵守 | C11: 英文版仍需进一步验证（德文原版才有初步心理计量证据）；论文只写 adapted TiA subscales + 当前样本信度，不得写“已验证英文/中文量表” | D11: 官方 GitHub 声明
A12: S-TIAS 条目 | B12: 已核对 | C12: 三项原文指代 the AI assistant；本研究替换为“这种对象锚定方法”→ adapted S-TIAS | D12: doi:10.3389/frai.2025.1582880
A13: S-TIAS 量尺 | B13: 已核对 | C13: 1 = Not at all … 7 = Extremely；三项均值 | D13: 同上
A14: S-TIAS 书目 | B14: 已核对（作者更正） | C14: McGrath, M. J.; Lack, O.; Tisch, J.; Duenser, A. Measuring trust in artificial intelligence: validation of an established scale and its short form. Frontiers in AI 8:1582880。语料曾误标为 Karpus；bib 键 mcgrath2025stias | D14: CC BY
A15: Gottsacker 2024 书目 | B15: 已核对 | C15: Gottsacker, M.; Furuya, H.; Choudhary, Z. D.; Erickson, A.; Schubert, R.; Bruder, G.; Browne, M. P.; Welch, G. F. Investigating the relationships between user behaviors and tracking factors on task performance and trust in augmented reality. Computers & Graphics 123:104035 | D15: doi:10.1016/j.cag.2024.104035
... A20: 中文施测措辞 | B20: 已冻结（2026-07-26） | C20: 19 条量表条目（AQ 6 + TiA 10 + S-TIAS 3）逐条对照官方原文完成语义等价审计并冻结；审计微调两处：AQ-IQ2 去"能够"（避免行为陈述变能力陈述）、AQ-EQ2 去"看起来被"（避免在 realistically 上叠加第二层感知模糊）。TIA_RC1/RC4 构念贴合与 Q2/AQ-IQ3 判别留待预实验认知访谈确认性检查。不再单设翻译冻结关卡。 | D20: 本研究语义审计记录（计划书 4.6 核对状态）

Sheet Questionnaire
A1: 实验三问卷全条目（v5.1 Verified）——本表为唯一条目字典，与计划书 4.2/4.4/4.5 逐字一致
A2: 中文施测版为头显或纸面呈现文本；官方英文原文仅用于核对，对象化英文施测版用于附录与英文施测。正式中文措辞已经逐条语义审计，预实验继续做确认性认知访谈。
A4: A. 实验前背景（Participants 表填写，每人一次）
A5: ID | B5: 中文 | C5: 应答格式/选项
A6: B1_Age | B6: 年龄 | C6: 整数
A7: B2_Gender | B7: 性别 | C7: 女 / 男 / 非二元或其他 / 不愿透露
A8: B3_Handedness | B8: 主手（精细操作） | C8: 右手 / 左手 / 双手均可
A9: B4_Vision | B9: 视力情况 | C9: 正常 / 矫正后正常 / 其他
A10: B5_VRMR_Experience | B10: VR/MR 使用经验 | C10: 从未 / 1–5 次 / 6–20 次 / 超过 20 次 / 经常使用
A11: B6_PhysObj_MR_Experience | B11: 实物 AR/MR 交互经验（需操作真实物体的应用） | C11: 从未 / 1–2 次 / 数次 / 经常
A13: B. 区块级 13 项必答 + Q10 可选（每个方法×物体区块后；统一七点同意度；界面标题：请根据刚才在这个物体上的体验作答）
A14: 页序 | B14: Item_ID | C14: 简称 | D14: 中文施测版 | E14: 官方英文原文 | F14: 对象化英文施测版 | G14: 分析家族 | H14: 来源 | I14: 备注
A15: 1 | B15: Q1 | C15: 静止稳定 | D15: 在静止观察阶段，虚拟内容保持在同一位置不动。 | E15: — | F15: During static observation, the virtual content stayed in the same position without moving. | G15: 主证实 | H15: 自制（v4 冻结） | I15: 时间稳定性；pilot 检查“同一位置”参照系理解
A16: 2 | B16: Q2 | C16: 运动附着 | D16: 在拿起、移动和旋转物体时，虚拟内容始终附着在真实物体上的同一位置。 | E16: — | F16: While I picked up, moved, and rotated the object, the virtual content remained attached to the same location on the physical object. | G16: 主证实 | H16: 自制（v5.1 锐化措辞） | I16: 测附着位置恒定，与 AQ_IQ3 平滑正交；认知访谈确认区分
A17: 3 | B17: Q9 | C17: 姿态一致 | D17: 旋转物体时，虚拟内容的朝向与真实物体的朝向保持一致。 | E17: — | F17: While I rotated the object, the orientation of the virtual content stayed consistent with the orientation of the physical object. | G17: 主证实 | H17: 自制（v4 冻结） | I17: 旋转通道独立诊断
A18: 3' | B18: Q10_OPT | C18: 放置后稳定（可选） | D18: 把物体放到桌面后，虚拟内容很快就稳定下来。 | E18: — | F18: After I placed the object on the table, the virtual content settled quickly. | G18: 次级 | H18: 自制（v4 可选） | I18: 默认停用；预实验冻结是否启用
A19: 4 | B19: AQ_IQ2 | C19: 响应及时 | D19: 虚拟内容实时响应我对真实物体的操作。 | E19: The virtual object responds in real-time. | F19: The virtual content responds in real-time to my manipulation of the physical object. | G19: 已发表量表 | H19: AQ Interaction Quality（对象化适配） | I19: AQ-IQ 子量表分 = IQ1/IQ2/IQ3 均值（分析派生）
A20: 5 | B20: AQ_IQ3 | C20: 运动平滑 | D20: 在交互过程中，虚拟内容随真实物体平滑运动。 | E20: The virtual object moves smoothly. | F20: The virtual content moves smoothly with the physical object during interaction. | G20: 已发表量表 | H20: AQ Interaction Quality（对象化适配）
A21: 6 | B21: Q3 | C21: 恢复一致 | D21: 遮挡移除后，虚拟内容恢复到了与真实物体一致的位置。 | E21: — | F21: After the occlusion was removed, the virtual content recovered to a position consistent with the physical object. | G21: 主证实 | H21: 自制（v4 冻结） | I21: 恢复后空间一致性
A22: 7 | B22: Q8 | C22: 位置正确 | D22: 虚拟内容出现的位置，与真实物体实际所在的位置相符。 | E22: — | F22: The virtual content appeared at a position that matched where the physical object actually was. | G22: 主证实 | H22: 自制（v4 冻结） | I22: 主观空间正确性，不作客观配准误差；与 Q1 相隔五题
A23: 8 | B23: AQ_EQ1 | C23: 融合 | D23: 虚拟内容与真实物体及周围真实元素自然融合。 | E23: The virtual object blends in with real elements. | F23: The virtual content blends in with the physical object and surrounding real elements. | G23: 已发表量表 | H23: AQ Embedding Quality（对象化适配） | I23: AQ-EQ 子量表分 = EQ1/EQ2/EQ3 均值（分析派生）
A24: 9 | B24: AQ_EQ2 | C24: 嵌入可信 | D24: 虚拟内容真实地嵌入在真实物体及其现实环境中。 | E24: The virtual object is realistically embedded in the environment. | F24: The virtual content is realistically embedded in the physical object and its real-world context. | G24: 已发表量表 | H24: AQ Embedding Quality（对象化适配） | I24: 接管原 Q4 合理可信构念
A25: 10 | B25: AQ_EQ3 | C25: 尺度协调 | D25: 虚拟内容的尺度与真实物体及现实世界中的事物相匹配。 | E25: The size of the virtual object is in scale to things in the real world. | F25: The size of the virtual content is in scale to the physical object and things in the real world. | G25: 已发表量表 | H25: AQ Embedding Quality（对象化适配） | I25: 预期天花板；保留以维持完整子量表
A26: 11 | B26: AQ_IQ1 | C26: 交互直观 | D26: 通过操作真实物体与虚拟内容进行交互是直观的。 | E26: Interaction with the virtual object is intuitive. | F26: Interaction with the virtual content through manipulation of the physical object is intuitive. | G26: 已发表量表 | H26: AQ Interaction Quality（对象化适配）
A27: 12 | B27: Q6 | C27: 依赖意愿 | D27: 在需要虚拟内容准确附着于真实物体的混合现实应用中，我愿意依赖这种锚定方法。 | E27: — | F27: I would be willing to rely on this anchoring method in an MR application that requires virtual content to be accurately attached to a physical object. | G27: 主证实 | H27: 自制（v4 冻结） | I27: 应用侧依赖意愿（区块级信任）
A28: 13 | B28: Q7 | C28: 稳定-响应平衡 | D28: 总体而言，该方法在锚点稳定性与响应及时性之间取得了合适的平衡。 | E28: — | F28: Overall, this method achieved an appropriate balance between anchor stability and responsiveness. | G28: 主证实 | H28: 自制（v4 冻结） | I28: 双构念总结项；与实验一稳定/时延结果联合解释
A29: 量尺 | B29: 七点同意度：1 完全不同意 … 7 完全同意 | C29: 同一条目在全部区块中措辞与刻度完全相同；每页一题、确认后翻页；不显示既往回答
A31: C. 方法级（全部六区块完成后，按 S1 先 A / S2 先 B 依次评价两方法；界面标题：请根据方法 X 在全部三个物体上的整体表现作答）
A32: C1. adapted TiA 两分量表（10 项） | B32: 五点同意度：1 Strongly disagree / 2 Rather disagree / 3 Neither / 4 Rather agree / 5 Strongly agree；允许无法回答（记缺失） | C32: 反向项计分 = 6 − 原始分（仅分析派生）；分量表分 = 有效条目均值；呈现按官方相对顺序交错（官方条目 1,2,6,7,10,11,13,15,16,19），参与者界面只显示中性序号第 1–10 题，下表按分量表分组仅为规格
A33: Item_ID | B33: 分量表 | C33: 官方英文原文 | D33: 中文施测版（已冻结） | E33: 反向 | F33: 官方条目号
A34: TIA_RC1 | B34: Reliability/Competence | C34: The system is capable of interpreting situations correctly. | D34: 这种对象锚定方法能够正确判断当前状况。 | E34: 否 | F34: 1
A35: TIA_RC2 | B35: Reliability/Competence | C35: The system works reliably. | D35: 这种对象锚定方法运行可靠。 | E35: 否 | F35: 6
A36: TIA_RC3 | B36: Reliability/Competence | C36: A system malfunction is likely. | D36: 这种对象锚定方法很可能发生故障。 | E36: 是 | F36: 10
A37: TIA_RC4 | B37: Reliability/Competence | C37: The system is capable of taking over complicated tasks. | D37: 这种对象锚定方法能够承担复杂的锚定任务。 | E37: 否 | F37: 13
A38: TIA_RC5 | B38: Reliability/Competence | C38: The system might make sporadic errors. | D38: 这种对象锚定方法可能偶尔出错。 | E38: 是 | F38: 15
A39: TIA_RC6 | B39: Reliability/Competence | C39: I am confident about the system's capabilities. | D39: 我对这种对象锚定方法的能力有信心。 | E39: 否 | F39: 19
A40: TIA_UP1 | B40: Understanding/Predictability | C40: The system state was always clear to me. | D40: 这种对象锚定方法的状态对我来说始终清楚。 | E40: 否 | F40: 2
A41: TIA_UP2 | B41: Understanding/Predictability | C41: The system reacts unpredictably. | D41: 这种对象锚定方法的反应难以预测。 | E41: 是 | F41: 7
A42: TIA_UP3 | B42: Understanding/Predictability | C42: I was able to understand why things happened. | D42: 我能够理解为什么会出现刚才的锚定行为。 | E42: 否 | F42: 11
A43: TIA_UP4 | B43: Understanding/Predictability | C43: It's difficult to identify what the system will do next. | D43: 我很难判断这种对象锚定方法接下来会怎样表现。 | E43: 是 | F43: 16
A44: 认知访谈最高优先：TIA_RC1（“判断状况”对低层锚定偏抽象）、TIA_RC4（“承担复杂任务”语义匹配较弱）
A45: —— 尺度切换提示页：TiA（五点同意度）→ S-TIAS（七点程度尺），端点改变须参与者确认 ——
A46: C2. adapted S-TIAS（3 项） | B46: 七点程度尺：1 Not at all（完全没有）… 7 Extremely（非常强烈） | C46: 三项均值；原研究指代 the AI assistant
A47: Item_ID | B47: 官方研究英文 | C47: 中文施测版
A48: STIAS1 | B48: I am confident in the AI assistant. | C48: 我对这种对象锚定方法有信心。
A49: STIAS2 | B49: The AI assistant is reliable. | C49: 这种对象锚定方法是可靠的。
A50: STIAS3 | B50: I can trust the AI assistant. | C50: 我可以信任这种对象锚定方法。
A52: D. 最终问卷（摘下头显后；回答完成前保持匿名；两项强制选择独立作答）
A53: ID | B53: 中文 | C53: 应答格式 | D53: 备注
A54: FINAL_METHOD_CHOICE | B54: 如果需要在实际混合现实应用中使用一个对象锚定方法，你会选择哪一种？ | C54: 方法A / 方法B / 无明显偏好 | D54: 强制选择；离场后由分析代码按映射解码
A55: FINAL_PREFERENCE_STRENGTH | B55: 你的选择有多明确？ | C55: 1 只有非常轻微的偏好 … 7 非常明确的偏好；选“无明显偏好”者跳过记 NA | D55: v5.1 新增；描述性
A56: FINAL_TRUST_CHOICE | B56: 如果虚拟内容标注的位置会影响你在真实世界中的实际操作（例如提示你去拿哪个物体），你更信任哪一种方法的标注？ | C56: 方法A / 方法B / 无明显偏好 | D56: 与偏好选择独立作答；不一致本身是结果
A57: FINAL_DISCRIMINATION_CONFIDENCE | B57: 你有多大信心认为自己能够感受到两种方法之间的差异？ | C57: 1 完全没有信心 … 7 非常有信心 | D57: v5.1 新增；解释“无明显偏好”成因，兼作需求特征审计
A58: OPEN_DIFFERENCE | B58: 你认为两种锚定方法之间最明显的区别是什么？ | C58: 开放文本 | D58: 主题分析
A59: OPEN_DISTRUST | B59: 在使用附着于真实物体的虚拟内容时，什么现象最容易使你不再信任这个锚点？ | C59: 开放文本 | D59: 信息量最高的问题
A60: END_DISCOMFORT | B60: 与实验开始前相比，你目前是否感到额外的不适？ | C60: 无 / 轻微 / 中等 / 明显 / 因不适中止 | D60: 仅安全监测与退出审计，不作因变量
A62: E. 量尺锚点定义
A63: agreement_7 | B63: 七点同意度：1 完全不同意 … 7 完全同意 | C63: 区块级全部条目
A64: agreement_5 | B64: 五点同意度：1 Strongly disagree / 2 Rather disagree / 3 Neither / 4 Rather agree / 5 Strongly agree；允许无法回答（记缺失） | C64: TiA 10 项
A65: intensity_7 | B65: 七点程度尺：1 Not at all（完全没有）… 7 Extremely（非常强烈） | C65: S-TIAS 3 项
A66: choice_3 | B66: 方法A / 方法B / 无明显偏好 | C66: 两项强制选择
A67: strength_7 | B67: 1 只有非常轻微的偏好 … 7 非常明确的偏好（未选方法者 NA） | C67: 偏好强度
A68: confidence_7 | B68: 1 完全没有信心 … 7 非常有信心 | C68: 区分信心
A69: discomfort_5 | B69: 无 / 轻微 / 中等 / 明显 / 因不适中止 | C69: 安全检查

Sheet Participants
A1: 参与者信息与 24 平衡单元（预设列勿改；空列人工填写；方法映射两列仅实验员可见）
A2: Participant_ID | B2: 平衡单元 | C2: 物体排列ID | D2: 标签序列 | E2: 物体1 | F2: 物体2 | G2: 物体3 | H2: 区块内标签顺序 | I2: 方法A=（保密） | J2: 方法B=（保密） | K2: 先行实际方法 | L2: B1_年龄 | M2: B2_性别 | N2: B3_主手 | O2: B4_视力 | P2: B5_VR/MR经验 | Q2: B6_实物MR经验 | R2: 签署同意 | S2: 基线不适 | T2: 开始时间 | U2: 结束时间 | V2: 纳入分析 | W2: 退出/技术问题 | X2: 备注
A3: P001 | B3: O1-S1-EA | C3: 1 | D3: S1 | E3: 鼠标 | F3: 固定订书机 | G3: 游戏手柄 | H3: A-B / B-A / A-B | I3: EgoAnchor | J3: One-Euro | K3: EgoAnchor
A4: P002 | B4: O1-S2-EA | C4: 1 | D4: S2 | E4: 鼠标 | F4: 固定订书机 | G4: 游戏手柄 | H4: B-A / A-B / B-A | I4: EgoAnchor | J4: One-Euro | K4: One-Euro
A5: P003 | B5: O1-S2-OE | C5: 1 | D5: S2 | E5: 鼠标 | F5: 固定订书机 | G5: 游戏手柄 | H5: B-A / A-B / B-A | I5: One-Euro | J5: EgoAnchor | K5: EgoAnchor
A6: P004 | B6: O1-S1-OE | C6: 1 | D6: S1 | E6: 鼠标 | F6: 固定订书机 | G6: 游戏手柄 | H6: A-B / B-A / A-B | I6: One-Euro | J6: EgoAnchor | K6: One-Euro
A7: P005 | B7: O2-S1-EA | C7: 2 | D7: S1 | E7: 鼠标 | F7: 游戏手柄 | G7: 固定订书机 | H7: A-B / B-A / A-B | I7: EgoAnchor | J7: One-Euro | K7: EgoAnchor
A8: P006 | B8: O2-S2-EA | C8: 2 | D8: S2 | E8: 鼠标 | F8: 游戏手柄 | G8: 固定订书机 | H8: B-A / A-B / B-A | I8: EgoAnchor | J8: One-Euro | K8: One-Euro
A9: P007 | B9: O2-S2-OE | C9: 2 | D9: S2 | E9: 鼠标 | F9: 游戏手柄 | G9: 固定订书机 | H9: B-A / A-B / B-A | I9: One-Euro | J9: EgoAnchor | K9: EgoAnchor
A10: P008 | B10: O2-S1-OE | C10: 2 | D10: S1 | E10: 鼠标 | F10: 游戏手柄 | G10: 固定订书机 | H10: A-B / B-A / A-B | I10: One-Euro | J10: EgoAnchor | K10: One-Euro
A11: P009 | B11: O3-S1-EA | C11: 3 | D11: S1 | E11: 固定订书机 | F11: 鼠标 | G11: 游戏手柄 | H11: A-B / B-A / A-B | I11: EgoAnchor | J11: One-Euro | K11: EgoAnchor
A12: P010 | B12: O3-S2-EA | C12: 3 | D12: S2 | E12: 固定订书机 | F12: 鼠标 | G12: 游戏手柄 | H12: B-A / A-B / B-A | I12: EgoAnchor | J12: One-Euro | K12: One-Euro
A13: P011 | B13: O3-S2-OE | C13: 3 | D13: S2 | E13: 固定订书机 | F13: 鼠标 | G13: 游戏手柄 | H13: B-A / A-B / B-A | I13: One-Euro | J13: EgoAnchor | K13: EgoAnchor
A14: P012 | B14: O3-S1-OE | C14: 3 | D14: S1 | E14: 固定订书机 | F14: 鼠标 | G14: 游戏手柄 | H14: A-B / B-A / A-B | I14: One-Euro | J14: EgoAnchor | K14: One-Euro
... A26: P024 | B26: O6-S1-OE | C26: 6 | D26: S1 | E26: 游戏手柄 | F26: 固定订书机 | G26: 鼠标 | H26: A-B / B-A / A-B | I26: One-Euro | J26: EgoAnchor | K26: One-Euro

Sheet Records
A1: 实验记录（三段堆叠：A 区块记录 144 行 → B 方法级记录 48 行 → C 最终问卷 24 行）。区块评分填 1–7；TiA 填 1–5；S-TIAS 填 1–7；缺失留空。原始分不得被反向分覆盖。
A3: A. 区块记录（每行 = 一个方法×物体区块：进度 + 13+1 项评分 + 问卷时长 + 运行时审计）
A4: Participant_ID | B4: Block_Index | C4: 平衡单元 | D4: 物体位置 | E4: 物体 | F4: Object_Key | G4: Shown_Label | H4: Condition(保密) | I4: 物体内先后 | J4: 该方法第几次 | K4: Q1 | L4: Q2 | M4: Q9 | N4: Q10_OPT | O4: AQ_IQ2 | P4: AQ_IQ3 | Q4: Q3 | R4: Q8 | S4: AQ_EQ1 | T4: AQ_EQ2 | U4: AQ_EQ3 | V4: AQ_IQ1 | W4: Q6 | X4: Q7 | Y4: 问卷开始 | Z4: 问卷结束 | AA4: 问卷时长_s | AB4: 任务完成 | AC4: 问卷完成 | AD4: 区块有效 | AE4: 技术问题 | AF4: Candidate_Rate_Hz | AG4: VCD_Median | AH4: VCD_Admission_Rate | AI4: Output_Availability | AJ4: 遮挡时长_s | AK4: 遮挡生命周期状态 | AL4: 进入Lost | AM4: 服务器重获取次数 | AN4: StaticLock进入次数 | AO4: 备注
A5: P001 | B5: 1 | C5: O1-S1-EA | D5: 1 | E5: 鼠标 | F5: blue_mouse | G5: 方法A | H5: EgoAnchor | I5: 1 | J5: 1
A6: P001 | B6: 2 | C6: O1-S1-EA | D6: 1 | E6: 鼠标 | F6: blue_mouse | G6: 方法B | H6: One-Euro | I6: 2 | J6: 1
A7: P001 | B7: 3 | C7: O1-S1-EA | D7: 2 | E7: 固定订书机 | F7: stapler | G7: 方法B | H7: One-Euro | I7: 1 | J7: 2
A8: P001 | B8: 4 | C8: O1-S1-EA | D8: 2 | E8: 固定订书机 | F8: stapler | G8: 方法A | H8: EgoAnchor | I8: 2 | J8: 2
A9: P001 | B9: 5 | C9: O1-S1-EA | D9: 3 | E9: 游戏手柄 | F9: gamepad | G9: 方法A | H9: EgoAnchor | I9: 1 | J9: 3
A10: P001 | B10: 6 | C10: O1-S1-EA | D10: 3 | E10: 游戏手柄 | F10: gamepad | G10: 方法B | H10: One-Euro | I10: 2 | J10: 3
A11: P002 | B11: 1 | C11: O1-S2-EA | D11: 1 | E11: 鼠标 | F11: blue_mouse | G11: 方法B | H11: One-Euro | I11: 1 | J11: 1
A12: P002 | B12: 2 | C12: O1-S2-EA | D12: 1 | E12: 鼠标 | F12: blue_mouse | G12: 方法A | H12: EgoAnchor | I12: 2 | J12: 1
A13: P002 | B13: 3 | C13: O1-S2-EA | D13: 2 | E13: 固定订书机 | F13: stapler | G13: 方法A | H13: EgoAnchor | I13: 1 | J13: 2
A14: P002 | B14: 4 | C14: O1-S2-EA | D14: 2 | E14: 固定订书机 | F14: stapler | G14: 方法B | H14: One-Euro | I14: 2 | J14: 2
A15: P002 | B15: 5 | C15: O1-S2-EA | D15: 3 | E15: 游戏手柄 | F15: gamepad | G15: 方法B | H15: One-Euro | I15: 1 | J15: 3
A16: P002 | B16: 6 | C16: O1-S2-EA | D16: 3 | E16: 游戏手柄 | F16: gamepad | G16: 方法A | H16: EgoAnchor | I16: 2 | J16: 3
... A148: P024 | B148: 6 | C148: O6-S1-OE | D148: 3 | E148: 鼠标 | F148: blue_mouse | G148: 方法B | H148: EgoAnchor | I148: 2 | J148: 3
A150: B. 方法级记录（全部六区块完成后；S1 先评方法 A、S2 先评方法 B；TiA→提示页→S-TIAS）
A151: Participant_ID | B151: Rating_Order | C151: Shown_Label | D151: Condition(保密) | E151: TIA_RC1 | F151: TIA_RC2 | G151: TIA_RC3_REV | H151: TIA_RC4 | I151: TIA_RC5_REV | J151: TIA_RC6 | K151: TIA_UP1 | L151: TIA_UP2_REV | M151: TIA_UP3 | N151: TIA_UP4_REV | O151: STIAS1 | P151: STIAS2 | Q151: STIAS3 | R151: 尺度切换确认 | S151: 问卷开始 | T151: 问卷结束 | U151: 时长_s | V151: 技术问题 | W151: 备注 | X151: A/B归属回忆确认 | Y151: 方法级记录有效
A152: P001 | B152: 1 | C152: 方法A | D152: EgoAnchor
A153: P001 | B153: 2 | C153: 方法B | D153: One-Euro
A154: P002 | B154: 1 | C154: 方法B | D154: One-Euro
A155: P002 | B155: 2 | C155: 方法A | D155: EgoAnchor
A156: P003 | B156: 1 | C156: 方法B | D156: EgoAnchor
A157: P003 | B157: 2 | C157: 方法A | D157: One-Euro
A158: P004 | B158: 1 | C158: 方法A | D158: One-Euro
A159: P004 | B159: 2 | C159: 方法B | D159: EgoAnchor
A160: P005 | B160: 1 | C160: 方法A | D160: EgoAnchor
A161: P005 | B161: 2 | C161: 方法B | D161: One-Euro
A162: P006 | B162: 1 | C162: 方法B | D162: One-Euro
A163: P006 | B163: 2 | C163: 方法A | D163: EgoAnchor
... A199: P024 | B199: 2 | C199: 方法B | D199: EgoAnchor
A201: C. 最终问卷记录（摘下头显后；解码列离场后由分析代码按 Participants 映射填写）
A202: Participant_ID | B202: 方法选择(标签) | C202: 偏好强度(1-7/NA) | D202: 信任选择(标签) | E202: 区分信心(1-7) | F202: 开放:最明显区别 | G202: 开放:最破坏信任的现象 | H202: 结束不适 | I202: 方法选择(解码) | J202: 信任选择(解码) | K202: 访谈备注
A203: P001
A204: P002
A205: P003
A206: P004
A207: P005
A208: P006
A209: P007
A210: P008
A211: P009
A212: P010
A213: P011
A214: P012
... A226: P024

Sheet Derived
A1: 实时派生（仅公式）：区块有效性与 AQ → TiA 换向与方法分 → 三物体均值 → 配对差
A2: 本表无需填写，也不是实施检查表。D1 计算区块与 AQ；D2 换向 TiA 并计算方法级小分；D3 形成每人每方法的三物体均值；D4 计算 EgoAnchor-One-Euro 配对差；D5 审计最终问卷；D6 派生论文参与者概况。正式分析不读取这些公式缓存。
A3: D1. 区块级派生：144 行与 Records A 段逐行对应
A4: Participant_ID | B4: Block_Index | C4: Condition | D4: Object_Key | E4: Valid_Block | F4: Q1 | G4: Q8 | H4: Q2 | I4: Q9 | J4: Q3 | K4: Q6 | L4: Q7 | M4: AQ_EQ | N4: AQ_IQ | O4: Q10 | P4: Duration_Over_150s | Q4: Straightline_5Plus | R4: Candidate_Rate_Hz | S4: VCD_Median | T4: VCD_Admission_Rate | U4: Output_Availability | V4: Occlusion_Seconds | W4: Lifecycle_State | X4: Entered_Lost | Y4: Reacquisition_Count | Z4: StaticLock_Count
A5: =IF(Records!A5="","",Records!A5) | B5: =IF(Records!B5="","",Records!B5) | C5: =IF(Records!H5="","",Records!H5) | D5: =IF(Records!F5="","",Records!F5) | E5: =IF(AND(COUNTIFS(Participants!$A$3:$A$26,Records!A5,Participants!$V$3:$V$26,"是")=1,Records!AB5="是",Records!AC5="是",Records!AD5="是",COUNT(Records!K5,Records!L5,Records!M5,Records!O5,Records!P5,Records!Q5,Records!R5,Records!S5,Records!T5,Records!U5,Records!V5,Records!W5,Records!X5)=13),"是","否") | F5: =IF(Records!K5="","",Records!K5) | G5: =IF(Records!R5="","",Records!R5) | H5: =IF(Records!L5="","",Records!L5) | I5: =IF(Records!M5="","",Records!M5) | J5: =IF(Records!Q5="","",Records!Q5) | K5: =IF(Records!W5="","",Records!W5) | L5: =IF(Records!X5="","",Records!X5) | M5: =IF(COUNT(Records!S5,Records!T5,Records!U5)=3,AVERAGE(Records!S5,Records!T5,Records!U5),"") | N5: =IF(COUNT(Records!V5,Records!O5,Records!P5)=3,AVERAGE(Records!V5,Records!O5,Records!P5),"") | O5: =IF(Records!N5="","",Records!N5) | P5: =IF(Records!AA5="","",IF(Records!AA5>150,"是","否")) | Q5: =IF(COUNT(Records!K5,Records!L5,Records!M5,Records!O5,Records!P5,Records!Q5,Records!R5,Records!S5,Records!T5,Records!U5,Records!V5,Records!W5,Records!X5)<13,"",IF(OR(AND(Records!K5=Records!L5,Records!L5=Records!M5,Records!M5=Records!O5,Records!O5=Records!P5),AND(Records!L5=Records!M5,Records!M5=Records!O5,Records!O5=Records!P5,Records!P5=Records!Q5),AND(Records!M5=Records!O5,Records!O5=Records!P5,Records!P5=Records!Q5,Records!Q5=Records!R5),AND(Records!O5=Records!P5,Records!P5=Records!Q5,Records!Q5=Records!R5,Records!R5=Records!S5),AND(Records!P5=Records!Q5,Records!Q5=Records!R5,Records!R5=Records!S5,Records!S5=Records!T5),AND(Records!Q5=Records!R5,Records!R5=Records!S5,Records!S5=Records!T5,Records!T5=Records!U5),AND(Records!R5=Records!S5,Records!S5=Records!T5,Records!T5=Records!U5,Records!U5=Records!V5),AND(Records!S5=Records!T5,Records!T5=Records!U5,Records!U5=Records!V5,Records!V5=Records!W5),AND(Records!T5=Records!U5,Records!U5=Records!V5,Records!V5=Records!W5,Records!W5=Records!X5)),"是","否")) | R5: =IF(Records!AF5="","",Records!AF5) | S5: =IF(Records!AG5="","",Records!AG5) | T5: =IF(Records!AH5="","",Records!AH5) | U5: =IF(Records!AI5="","",Records!AI5) | V5: =IF(Records!AJ5="","",Records!AJ5) | W5: =IF(Records!AK5="","",Records!AK5) | X5: =IF(Records!AL5="","",Records!AL5) | Y5: =IF(Records!AM5="","",Records!AM5) | Z5: =IF(Records!AN5="","",Records!AN5)
A6: =IF(Records!A6="","",Records!A6) | B6: =IF(Records!B6="","",Records!B6) | C6: =IF(Records!H6="","",Records!H6) | D6: =IF(Records!F6="","",Records!F6) | E6: =IF(AND(COUNTIFS(Participants!$A$3:$A$26,Records!A6,Participants!$V$3:$V$26,"是")=1,Records!AB6="是",Records!AC6="是",Records!AD6="是",COUNT(Records!K6,Records!L6,Records!M6,Records!O6,Records!P6,Records!Q6,Records!R6,Records!S6,Records!T6,Records!U6,Records!V6,Records!W6,Records!X6)=13),"是","否") | F6: =IF(Records!K6="","",Records!K6) | G6: =IF(Records!R6="","",Records!R6) | H6: =IF(Records!L6="","",Records!L6) | I6: =IF(Records!M6="","",Records!M6) | J6: =IF(Records!Q6="","",Records!Q6) | K6: =IF(Records!W6="","",Records!W6) | L6: =IF(Records!X6="","",Records!X6) | M6: =IF(COUNT(Records!S6,Records!T6,Records!U6)=3,AVERAGE(Records!S6,Records!T6,Records!U6),"") | N6: =IF(COUNT(Records!V6,Records!O6,Records!P6)=3,AVERAGE(Records!V6,Records!O6,Records!P6),"") | O6: =IF(Records!N6="","",Records!N6) | P6: =IF(Records!AA6="","",IF(Records!AA6>150,"是","否")) | Q6: =IF(COUNT(Records!K6,Records!L6,Records!M6,Records!O6,Records!P6,Records!Q6,Records!R6,Records!S6,Records!T6,Records!U6,Records!V6,Records!W6,Records!X6)<13,"",IF(OR(AND(Records!K6=Records!L6,Records!L6=Records!M6,Records!M6=Records!O6,Records!O6=Records!P6),AND(Records!L6=Records!M6,Records!M6=Records!O6,Records!O6=Records!P6,Records!P6=Records!Q6),AND(Records!M6=Records!O6,Records!O6=Records!P6,Records!P6=Records!Q6,Records!Q6=Records!R6),AND(Records!O6=Records!P6,Records!P6=Records!Q6,Records!Q6=Records!R6,Records!R6=Records!S6),AND(Records!P6=Records!Q6,Records!Q6=Records!R6,Records!R6=Records!S6,Records!S6=Records!T6),AND(Records!Q6=Records!R6,Records!R6=Records!S6,Records!S6=Records!T6,Records!T6=Records!U6),AND(Records!R6=Records!S6,Records!S6=Records!T6,Records!T6=Records!U6,Records!U6=Records!V6),AND(Records!S6=Records!T6,Records!T6=Records!U6,Records!U6=Records!V6,Records!V6=Records!W6),AND(Records!T6=Records!U6,Records!U6=Records!V6,Records!V6=Records!W6,Records!W6=Records!X6)),"是","否")) | R6: =IF(Records!AF6="","",Records!AF6) | S6: =IF(Records!AG6="","",Records!AG6) | T6: =IF(Records!AH6="","",Records!AH6) | U6: =IF(Records!AI6="","",Records!AI6) | V6: =IF(Records!AJ6="","",Records!AJ6) | W6: =IF(Records!AK6="","",Records!AK6) | X6: =IF(Records!AL6="","",Records!AL6) | Y6: =IF(Records!AM6="","",Records!AM6) | Z6: =IF(Records!AN6="","",Records!AN6)
A7: =IF(Records!A7="","",Records!A7) | B7: =IF(Records!B7="","",Records!B7) | C7: =IF(Records!H7="","",Records!H7) | D7: =IF(Records!F7="","",Records!F7) | E7: =IF(AND(COUNTIFS(Participants!$A$3:$A$26,Records!A7,Participants!$V$3:$V$26,"是")=1,Records!AB7="是",Records!AC7="是",Records!AD7="是",COUNT(Records!K7,Records!L7,Records!M7,Records!O7,Records!P7,Records!Q7,Records!R7,Records!S7,Records!T7,Records!U7,Records!V7,Records!W7,Records!X7)=13),"是","否") | F7: =IF(Records!K7="","",Records!K7) | G7: =IF(Records!R7="","",Records!R7) | H7: =IF(Records!L7="","",Records!L7) | I7: =IF(Records!M7="","",Records!M7) | J7: =IF(Records!Q7="","",Records!Q7) | K7: =IF(Records!W7="","",Records!W7) | L7: =IF(Records!X7="","",Records!X7) | M7: =IF(COUNT(Records!S7,Records!T7,Records!U7)=3,AVERAGE(Records!S7,Records!T7,Records!U7),"") | N7: =IF(COUNT(Records!V7,Records!O7,Records!P7)=3,AVERAGE(Records!V7,Records!O7,Records!P7),"") | O7: =IF(Records!N7="","",Records!N7) | P7: =IF(Records!AA7="","",IF(Records!AA7>150,"是","否")) | Q7: =IF(COUNT(Records!K7,Records!L7,Records!M7,Records!O7,Records!P7,Records!Q7,Records!R7,Records!S7,Records!T7,Records!U7,Records!V7,Records!W7,Records!X7)<13,"",IF(OR(AND(Records!K7=Records!L7,Records!L7=Records!M7,Records!M7=Records!O7,Records!O7=Records!P7),AND(Records!L7=Records!M7,Records!M7=Records!O7,Records!O7=Records!P7,Records!P7=Records!Q7),AND(Records!M7=Records!O7,Records!O7=Records!P7,Records!P7=Records!Q7,Records!Q7=Records!R7),AND(Records!O7=Records!P7,Records!P7=Records!Q7,Records!Q7=Records!R7,Records!R7=Records!S7),AND(Records!P7=Records!Q7,Records!Q7=Records!R7,Records!R7=Records!S7,Records!S7=Records!T7),AND(Records!Q7=Records!R7,Records!R7=Records!S7,Records!S7=Records!T7,Records!T7=Records!U7),AND(Records!R7=Records!S7,Records!S7=Records!T7,Records!T7=Records!U7,Records!U7=Records!V7),AND(Records!S7=Records!T7,Records!T7=Records!U7,Records!U7=Records!V7,Records!V7=Records!W7),AND(Records!T7=Records!U7,Records!U7=Records!V7,Records!V7=Records!W7,Records!W7=Records!X7)),"是","否")) | R7: =IF(Records!AF7="","",Records!AF7) | S7: =IF(Records!AG7="","",Records!AG7) | T7: =IF(Records!AH7="","",Records!AH7) | U7: =IF(Records!AI7="","",Records!AI7) | V7: =IF(Records!AJ7="","",Records!AJ7) | W7: =IF(Records!AK7="","",Records!AK7) | X7: =IF(Records!AL7="","",Records!AL7) | Y7: =IF(Records!AM7="","",Records!AM7) | Z7: =IF(Records!AN7="","",Records!AN7)
A8: =IF(Records!A8="","",Records!A8) | B8: =IF(Records!B8="","",Records!B8) | C8: =IF(Records!H8="","",Records!H8) | D8: =IF(Records!F8="","",Records!F8) | E8: =IF(AND(COUNTIFS(Participants!$A$3:$A$26,Records!A8,Participants!$V$3:$V$26,"是")=1,Records!AB8="是",Records!AC8="是",Records!AD8="是",COUNT(Records!K8,Records!L8,Records!M8,Records!O8,Records!P8,Records!Q8,Records!R8,Records!S8,Records!T8,Records!U8,Records!V8,Records!W8,Records!X8)=13),"是","否") | F8: =IF(Records!K8="","",Records!K8) | G8: =IF(Records!R8="","",Records!R8) | H8: =IF(Records!L8="","",Records!L8) | I8: =IF(Records!M8="","",Records!M8) | J8: =IF(Records!Q8="","",Records!Q8) | K8: =IF(Records!W8="","",Records!W8) | L8: =IF(Records!X8="","",Records!X8) | M8: =IF(COUNT(Records!S8,Records!T8,Records!U8)=3,AVERAGE(Records!S8,Records!T8,Records!U8),"") | N8: =IF(COUNT(Records!V8,Records!O8,Records!P8)=3,AVERAGE(Records!V8,Records!O8,Records!P8),"") | O8: =IF(Records!N8="","",Records!N8) | P8: =IF(Records!AA8="","",IF(Records!AA8>150,"是","否")) | Q8: =IF(COUNT(Records!K8,Records!L8,Records!M8,Records!O8,Records!P8,Records!Q8,Records!R8,Records!S8,Records!T8,Records!U8,Records!V8,Records!W8,Records!X8)<13,"",IF(OR(AND(Records!K8=Records!L8,Records!L8=Records!M8,Records!M8=Records!O8,Records!O8=Records!P8),AND(Records!L8=Records!M8,Records!M8=Records!O8,Records!O8=Records!P8,Records!P8=Records!Q8),AND(Records!M8=Records!O8,Records!O8=Records!P8,Records!P8=Records!Q8,Records!Q8=Records!R8),AND(Records!O8=Records!P8,Records!P8=Records!Q8,Records!Q8=Records!R8,Records!R8=Records!S8),AND(Records!P8=Records!Q8,Records!Q8=Records!R8,Records!R8=Records!S8,Records!S8=Records!T8),AND(Records!Q8=Records!R8,Records!R8=Records!S8,Records!S8=Records!T8,Records!T8=Records!U8),AND(Records!R8=Records!S8,Records!S8=Records!T8,Records!T8=Records!U8,Records!U8=Records!V8),AND(Records!S8=Records!T8,Records!T8=Records!U8,Records!U8=Records!V8,Records!V8=Records!W8),AND(Records!T8=Records!U8,Records!U8=Records!V8,Records!V8=Records!W8,Records!W8=Records!X8)),"是","否")) | R8: =IF(Records!AF8="","",Records!AF8) | S8: =IF(Records!AG8="","",Records!AG8) | T8: =IF(Records!AH8="","",Records!AH8) | U8: =IF(Records!AI8="","",Records!AI8) | V8: =IF(Records!AJ8="","",Records!AJ8) | W8: =IF(Records!AK8="","",Records!AK8) | X8: =IF(Records!AL8="","",Records!AL8) | Y8: =IF(Records!AM8="","",Records!AM8) | Z8: =IF(Records!AN8="","",Records!AN8)
A9: =IF(Records!A9="","",Records!A9) | B9: =IF(Records!B9="","",Records!B9) | C9: =IF(Records!H9="","",Records!H9) | D9: =IF(Records!F9="","",Records!F9) | E9: =IF(AND(COUNTIFS(Participants!$A$3:$A$26,Records!A9,Participants!$V$3:$V$26,"是")=1,Records!AB9="是",Records!AC9="是",Records!AD9="是",COUNT(Records!K9,Records!L9,Records!M9,Records!O9,Records!P9,Records!Q9,Records!R9,Records!S9,Records!T9,Records!U9,Records!V9,Records!W9,Records!X9)=13),"是","否") | F9: =IF(Records!K9="","",Records!K9) | G9: =IF(Records!R9="","",Records!R9) | H9: =IF(Records!L9="","",Records!L9) | I9: =IF(Records!M9="","",Records!M9) | J9: =IF(Records!Q9="","",Records!Q9) | K9: =IF(Records!W9="","",Records!W9) | L9: =IF(Records!X9="","",Records!X9) | M9: =IF(COUNT(Records!S9,Records!T9,Records!U9)=3,AVERAGE(Records!S9,Records!T9,Records!U9),"") | N9: =IF(COUNT(Records!V9,Records!O9,Records!P9)=3,AVERAGE(Records!V9,Records!O9,Records!P9),"") | O9: =IF(Records!N9="","",Records!N9) | P9: =IF(Records!AA9="","",IF(Records!AA9>150,"是","否")) | Q9: =IF(COUNT(Records!K9,Records!L9,Records!M9,Records!O9,Records!P9,Records!Q9,Records!R9,Records!S9,Records!T9,Records!U9,Records!V9,Records!W9,Records!X9)<13,"",IF(OR(AND(Records!K9=Records!L9,Records!L9=Records!M9,Records!M9=Records!O9,Records!O9=Records!P9),AND(Records!L9=Records!M9,Records!M9=Records!O9,Records!O9=Records!P9,Records!P9=Records!Q9),AND(Records!M9=Records!O9,Records!O9=Records!P9,Records!P9=Records!Q9,Records!Q9=Records!R9),AND(Records!O9=Records!P9,Records!P9=Records!Q9,Records!Q9=Records!R9,Records!R9=Records!S9),AND(Records!P9=Records!Q9,Records!Q9=Records!R9,Records!R9=Records!S9,Records!S9=Records!T9),AND(Records!Q9=Records!R9,Records!R9=Records!S9,Records!S9=Records!T9,Records!T9=Records!U9),AND(Records!R9=Records!S9,Records!S9=Records!T9,Records!T9=Records!U9,Records!U9=Records!V9),AND(Records!S9=Records!T9,Records!T9=Records!U9,Records!U9=Records!V9,Records!V9=Records!W9),AND(Records!T9=Records!U9,Records!U9=Records!V9,Records!V9=Records!W9,Records!W9=Records!X9)),"是","否")) | R9: =IF(Records!AF9="","",Records!AF9) | S9: =IF(Records!AG9="","",Records!AG9) | T9: =IF(Records!AH9="","",Records!AH9) | U9: =IF(Records!AI9="","",Records!AI9) | V9: =IF(Records!AJ9="","",Records!AJ9) | W9: =IF(Records!AK9="","",Records!AK9) | X9: =IF(Records!AL9="","",Records!AL9) | Y9: =IF(Records!AM9="","",Records!AM9) | Z9: =IF(Records!AN9="","",Records!AN9)
A10: =IF(Records!A10="","",Records!A10) | B10: =IF(Records!B10="","",Records!B10) | C10: =IF(Records!H10="","",Records!H10) | D10: =IF(Records!F10="","",Records!F10) | E10: =IF(AND(COUNTIFS(Participants!$A$3:$A$26,Records!A10,Participants!$V$3:$V$26,"是")=1,Records!AB10="是",Records!AC10="是",Records!AD10="是",COUNT(Records!K10,Records!L10,Records!M10,Records!O10,Records!P10,Records!Q10,Records!R10,Records!S10,Records!T10,Records!U10,Records!V10,Records!W10,Records!X10)=13),"是","否") | F10: =IF(Records!K10="","",Records!K10) | G10: =IF(Records!R10="","",Records!R10) | H10: =IF(Records!L10="","",Records!L10) | I10: =IF(Records!M10="","",Records!M10) | J10: =IF(Records!Q10="","",Records!Q10) | K10: =IF(Records!W10="","",Records!W10) | L10: =IF(Records!X10="","",Records!X10) | M10: =IF(COUNT(Records!S10,Records!T10,Records!U10)=3,AVERAGE(Records!S10,Records!T10,Records!U10),"") | N10: =IF(COUNT(Records!V10,Records!O10,Records!P10)=3,AVERAGE(Records!V10,Records!O10,Records!P10),"") | O10: =IF(Records!N10="","",Records!N10) | P10: =IF(Records!AA10="","",IF(Records!AA10>150,"是","否")) | Q10: =IF(COUNT(Records!K10,Records!L10,Records!M10,Records!O10,Records!P10,Records!Q10,Records!R10,Records!S10,Records!T10,Records!U10,Records!V10,Records!W10,Records!X10)<13,"",IF(OR(AND(Records!K10=Records!L10,Records!L10=Records!M10,Records!M10=Records!O10,Records!O10=Records!P10),AND(Records!L10=Records!M10,Records!M10=Records!O10,Records!O10=Records!P10,Records!P10=Records!Q10),AND(Records!M10=Records!O10,Records!O10=Records!P10,Records!P10=Records!Q10,Records!Q10=Records!R10),AND(Records!O10=Records!P10,Records!P10=Records!Q10,Records!Q10=Records!R10,Records!R10=Records!S10),AND(Records!P10=Records!Q10,Records!Q10=Records!R10,Records!R10=Records!S10,Records!S10=Records!T10),AND(Records!Q10=Records!R10,Records!R10=Records!S10,Records!S10=Records!T10,Records!T10=Records!U10),AND(Records!R10=Records!S10,Records!S10=Records!T10,Records!T10=Records!U10,Records!U10=Records!V10),AND(Records!S10=Records!T10,Records!T10=Records!U10,Records!U10=Records!V10,Records!V10=Records!W10),AND(Records!T10=Records!U10,Records!U10=Records!V10,Records!V10=Records!W10,Records!W10=Records!X10)),"是","否")) | R10: =IF(Records!AF10="","",Records!AF10) | S10: =IF(Records!AG10="","",Records!AG10) | T10: =IF(Records!AH10="","",Records!AH10) | U10: =IF(Records!AI10="","",Records!AI10) | V10: =IF(Records!AJ10="","",Records!AJ10) | W10: =IF(Records!AK10="","",Records!AK10) | X10: =IF(Records!AL10="","",Records!AL10) | Y10: =IF(Records!AM10="","",Records!AM10) | Z10: =IF(Records!AN10="","",Records!AN10)
A11: =IF(Records!A11="","",Records!A11) | B11: =IF(Records!B11="","",Records!B11) | C11: =IF(Records!H11="","",Records!H11) | D11: =IF(Records!F11="","",Records!F11) | E11: =IF(AND(COUNTIFS(Participants!$A$3:$A$26,Records!A11,Participants!$V$3:$V$26,"是")=1,Records!AB11="是",Records!AC11="是",Records!AD11="是",COUNT(Records!K11,Records!L11,Records!M11,Records!O11,Records!P11,Records!Q11,Records!R11,Records!S11,Records!T11,Records!U11,Records!V11,Records!W11,Records!X11)=13),"是","否") | F11: =IF(Records!K11="","",Records!K11) | G11: =IF(Records!R11="","",Records!R11) | H11: =IF(Records!L11="","",Records!L11) | I11: =IF(Records!M11="","",Records!M11) | J11: =IF(Records!Q11="","",Records!Q11) | K11: =IF(Records!W11="","",Records!W11) | L11: =IF(Records!X11="","",Records!X11) | M11: =IF(COUNT(Records!S11,Records!T11,Records!U11)=3,AVERAGE(Records!S11,Records!T11,Records!U11),"") | N11: =IF(COUNT(Records!V11,Records!O11,Records!P11)=3,AVERAGE(Records!V11,Records!O11,Records!P11),"") | O11: =IF(Records!N11="","",Records!N11) | P11: =IF(Records!AA11="","",IF(Records!AA11>150,"是","否")) | Q11: =IF(COUNT(Records!K11,Records!L11,Records!M11,Records!O11,Records!P11,Records!Q11,Records!R11,Records!S11,Records!T11,Records!U11,Records!V11,Records!W11,Records!X11)<13,"",IF(OR(AND(Records!K11=Records!L11,Records!L11=Records!M11,Records!M11=Records!O11,Records!O11=Records!P11),AND(Records!L11=Records!M11,Records!M11=Records!O11,Records!O11=Records!P11,Records!P11=Records!Q11),AND(Records!M11=Records!O11,Records!O11=Records!P11,Records!P11=Records!Q11,Records!Q11=Records!R11),AND(Records!O11=Records!P11,Records!P11=Records!Q11,Records!Q11=Records!R11,Records!R11=Records!S11),AND(Records!P11=Records!Q11,Records!Q11=Records!R11,Records!R11=Records!S11,Records!S11=Records!T11),AND(Records!Q11=Records!R11,Records!R11=Records!S11,Records!S11=Records!T11,Records!T11=Records!U11),AND(Records!R11=Records!S11,Records!S11=Records!T11,Records!T11=Records!U11,Records!U11=Records!V11),AND(Records!S11=Records!T11,Records!T11=Records!U11,Records!U11=Records!V11,Records!V11=Records!W11),AND(Records!T11=Records!U11,Records!U11=Records!V11,Records!V11=Records!W11,Records!W11=Records!X11)),"是","否")) | R11: =IF(Records!AF11="","",Records!AF11) | S11: =IF(Records!AG11="","",Records!AG11) | T11: =IF(Records!AH11="","",Records!AH11) | U11: =IF(Records!AI11="","",Records!AI11) | V11: =IF(Records!AJ11="","",Records!AJ11) | W11: =IF(Records!AK11="","",Records!AK11) | X11: =IF(Records!AL11="","",Records!AL11) | Y11: =IF(Records!AM11="","",Records!AM11) | Z11: =IF(Records!AN11="","",Records!AN11)
A12: =IF(Records!A12="","",Records!A12) | B12: =IF(Records!B12="","",Records!B12) | C12: =IF(Records!H12="","",Records!H12) | D12: =IF(Records!F12="","",Records!F12) | E12: =IF(AND(COUNTIFS(Participants!$A$3:$A$26,Records!A12,Participants!$V$3:$V$26,"是")=1,Records!AB12="是",Records!AC12="是",Records!AD12="是",COUNT(Records!K12,Records!L12,Records!M12,Records!O12,Records!P12,Records!Q12,Records!R12,Records!S12,Records!T12,Records!U12,Records!V12,Records!W12,Records!X12)=13),"是","否") | F12: =IF(Records!K12="","",Records!K12) | G12: =IF(Records!R12="","",Records!R12) | H12: =IF(Records!L12="","",Records!L12) | I12: =IF(Records!M12="","",Records!M12) | J12: =IF(Records!Q12="","",Records!Q12) | K12: =IF(Records!W12="","",Records!W12) | L12: =IF(Records!X12="","",Records!X12) | M12: =IF(COUNT(Records!S12,Records!T12,Records!U12)=3,AVERAGE(Records!S12,Records!T12,Records!U12),"") | N12: =IF(COUNT(Records!V12,Records!O12,Records!P12)=3,AVERAGE(Records!V12,Records!O12,Records!P12),"") | O12: =IF(Records!N12="","",Records!N12) | P12: =IF(Records!AA12="","",IF(Records!AA12>150,"是","否")) | Q12: =IF(COUNT(Records!K12,Records!L12,Records!M12,Records!O12,Records!P12,Records!Q12,Records!R12,Records!S12,Records!T12,Records!U12,Records!V12,Records!W12,Records!X12)<13,"",IF(OR(AND(Records!K12=Records!L12,Records!L12=Records!M12,Records!M12=Records!O12,Records!O12=Records!P12),AND(Records!L12=Records!M12,Records!M12=Records!O12,Records!O12=Records!P12,Records!P12=Records!Q12),AND(Records!M12=Records!O12,Records!O12=Records!P12,Records!P12=Records!Q12,Records!Q12=Records!R12),AND(Records!O12=Records!P12,Records!P12=Records!Q12,Records!Q12=Records!R12,Records!R12=Records!S12),AND(Records!P12=Records!Q12,Records!Q12=Records!R12,Records!R12=Records!S12,Records!S12=Records!T12),AND(Records!Q12=Records!R12,Records!R12=Records!S12,Records!S12=Records!T12,Records!T12=Records!U12),AND(Records!R12=Records!S12,Records!S12=Records!T12,Records!T12=Records!U12,Records!U12=Records!V12),AND(Records!S12=Records!T12,Records!T12=Records!U12,Records!U12=Records!V12,Records!V12=Records!W12),AND(Records!T12=Records!U12,Records!U12=Records!V12,Records!V12=Records!W12,Records!W12=Records!X12)),"是","否")) | R12: =IF(Records!AF12="","",Records!AF12) | S12: =IF(Records!AG12="","",Records!AG12) | T12: =IF(Records!AH12="","",Records!AH12) | U12: =IF(Records!AI12="","",Records!AI12) | V12: =IF(Records!AJ12="","",Records!AJ12) | W12: =IF(Records!AK12="","",Records!AK12) | X12: =IF(Records!AL12="","",Records!AL12) | Y12: =IF(Records!AM12="","",Records!AM12) | Z12: =IF(Records!AN12="","",Records!AN12)
A13: =IF(Records!A13="","",Records!A13) | B13: =IF(Records!B13="","",Records!B13) | C13: =IF(Records!H13="","",Records!H13) | D13: =IF(Records!F13="","",Records!F13) | E13: =IF(AND(COUNTIFS(Participants!$A$3:$A$26,Records!A13,Participants!$V$3:$V$26,"是")=1,Records!AB13="是",Records!AC13="是",Records!AD13="是",COUNT(Records!K13,Records!L13,Records!M13,Records!O13,Records!P13,Records!Q13,Records!R13,Records!S13,Records!T13,Records!U13,Records!V13,Records!W13,Records!X13)=13),"是","否") | F13: =IF(Records!K13="","",Records!K13) | G13: =IF(Records!R13="","",Records!R13) | H13: =IF(Records!L13="","",Records!L13) | I13: =IF(Records!M13="","",Records!M13) | J13: =IF(Records!Q13="","",Records!Q13) | K13: =IF(Records!W13="","",Records!W13) | L13: =IF(Records!X13="","",Records!X13) | M13: =IF(COUNT(Records!S13,Records!T13,Records!U13)=3,AVERAGE(Records!S13,Records!T13,Records!U13),"") | N13: =IF(COUNT(Records!V13,Records!O13,Records!P13)=3,AVERAGE(Records!V13,Records!O13,Records!P13),"") | O13: =IF(Records!N13="","",Records!N13) | P13: =IF(Records!AA13="","",IF(Records!AA13>150,"是","否")) | Q13: =IF(COUNT(Records!K13,Records!L13,Records!M13,Records!O13,Records!P13,Records!Q13,Records!R13,Records!S13,Records!T13,Records!U13,Records!V13,Records!W13,Records!X13)<13,"",IF(OR(AND(Records!K13=Records!L13,Records!L13=Records!M13,Records!M13=Records!O13,Records!O13=Records!P13),AND(Records!L13=Records!M13,Records!M13=Records!O13,Records!O13=Records!P13,Records!P13=Records!Q13),AND(Records!M13=Records!O13,Records!O13=Records!P13,Records!P13=Records!Q13,Records!Q13=Records!R13),AND(Records!O13=Records!P13,Records!P13=Records!Q13,Records!Q13=Records!R13,Records!R13=Records!S13),AND(Records!P13=Records!Q13,Records!Q13=Records!R13,Records!R13=Records!S13,Records!S13=Records!T13),AND(Records!Q13=Records!R13,Records!R13=Records!S13,Records!S13=Records!T13,Records!T13=Records!U13),AND(Records!R13=Records!S13,Records!S13=Records!T13,Records!T13=Records!U13,Records!U13=Records!V13),AND(Records!S13=Records!T13,Records!T13=Records!U13,Records!U13=Records!V13,Records!V13=Records!W13),AND(Records!T13=Records!U13,Records!U13=Records!V13,Records!V13=Records!W13,Records!W13=Records!X13)),"是","否")) | R13: =IF(Records!AF13="","",Records!AF13) | S13: =IF(Records!AG13="","",Records!AG13) | T13: =IF(Records!AH13="","",Records!AH13) | U13: =IF(Records!AI13="","",Records!AI13) | V13: =IF(Records!AJ13="","",Records!AJ13) | W13: =IF(Records!AK13="","",Records!AK13) | X13: =IF(Records!AL13="","",Records!AL13) | Y13: =IF(Records!AM13="","",Records!AM13) | Z13: =IF(Records!AN13="","",Records!AN13)
A14: =IF(Records!A14="","",Records!A14) | B14: =IF(Records!B14="","",Records!B14) | C14: =IF(Records!H14="","",Records!H14) | D14: =IF(Records!F14="","",Records!F14) | E14: =IF(AND(COUNTIFS(Participants!$A$3:$A$26,Records!A14,Participants!$V$3:$V$26,"是")=1,Records!AB14="是",Records!AC14="是",Records!AD14="是",COUNT(Records!K14,Records!L14,Records!M14,Records!O14,Records!P14,Records!Q14,Records!R14,Records!S14,Records!T14,Records!U14,Records!V14,Records!W14,Records!X14)=13),"是","否") | F14: =IF(Records!K14="","",Records!K14) | G14: =IF(Records!R14="","",Records!R14) | H14: =IF(Records!L14="","",Records!L14) | I14: =IF(Records!M14="","",Records!M14) | J14: =IF(Records!Q14="","",Records!Q14) | K14: =IF(Records!W14="","",Records!W14) | L14: =IF(Records!X14="","",Records!X14) | M14: =IF(COUNT(Records!S14,Records!T14,Records!U14)=3,AVERAGE(Records!S14,Records!T14,Records!U14),"") | N14: =IF(COUNT(Records!V14,Records!O14,Records!P14)=3,AVERAGE(Records!V14,Records!O14,Records!P14),"") | O14: =IF(Records!N14="","",Records!N14) | P14: =IF(Records!AA14="","",IF(Records!AA14>150,"是","否")) | Q14: =IF(COUNT(Records!K14,Records!L14,Records!M14,Records!O14,Records!P14,Records!Q14,Records!R14,Records!S14,Records!T14,Records!U14,Records!V14,Records!W14,Records!X14)<13,"",IF(OR(AND(Records!K14=Records!L14,Records!L14=Records!M14,Records!M14=Records!O14,Records!O14=Records!P14),AND(Records!L14=Records!M14,Records!M14=Records!O14,Records!O14=Records!P14,Records!P14=Records!Q14),AND(Records!M14=Records!O14,Records!O14=Records!P14,Records!P14=Records!Q14,Records!Q14=Records!R14),AND(Records!O14=Records!P14,Records!P14=Records!Q14,Records!Q14=Records!R14,Records!R14=Records!S14),AND(Records!P14=Records!Q14,Records!Q14=Records!R14,Records!R14=Records!S14,Records!S14=Records!T14),AND(Records!Q14=Records!R14,Records!R14=Records!S14,Records!S14=Records!T14,Records!T14=Records!U14),AND(Records!R14=Records!S14,Records!S14=Records!T14,Records!T14=Records!U14,Records!U14=Records!V14),AND(Records!S14=Records!T14,Records!T14=Records!U14,Records!U14=Records!V14,Records!V14=Records!W14),AND(Records!T14=Records!U14,Records!U14=Records!V14,Records!V14=Records!W14,Records!W14=Records!X14)),"是","否")) | R14: =IF(Records!AF14="","",Records!AF14) | S14: =IF(Records!AG14="","",Records!AG14) | T14: =IF(Records!AH14="","",Records!AH14) | U14: =IF(Records!AI14="","",Records!AI14) | V14: =IF(Records!AJ14="","",Records!AJ14) | W14: =IF(Records!AK14="","",Records!AK14) | X14: =IF(Records!AL14="","",Records!AL14) | Y14: =IF(Records!AM14="","",Records!AM14) | Z14: =IF(Records!AN14="","",Records!AN14)
A15: =IF(Records!A15="","",Records!A15) | B15: =IF(Records!B15="","",Records!B15) | C15: =IF(Records!H15="","",Records!H15) | D15: =IF(Records!F15="","",Records!F15) | E15: =IF(AND(COUNTIFS(Participants!$A$3:$A$26,Records!A15,Participants!$V$3:$V$26,"是")=1,Records!AB15="是",Records!AC15="是",Records!AD15="是",COUNT(Records!K15,Records!L15,Records!M15,Records!O15,Records!P15,Records!Q15,Records!R15,Records!S15,Records!T15,Records!U15,Records!V15,Records!W15,Records!X15)=13),"是","否") | F15: =IF(Records!K15="","",Records!K15) | G15: =IF(Records!R15="","",Records!R15) | H15: =IF(Records!L15="","",Records!L15) | I15: =IF(Records!M15="","",Records!M15) | J15: =IF(Records!Q15="","",Records!Q15) | K15: =IF(Records!W15="","",Records!W15) | L15: =IF(Records!X15="","",Records!X15) | M15: =IF(COUNT(Records!S15,Records!T15,Records!U15)=3,AVERAGE(Records!S15,Records!T15,Records!U15),"") | N15: =IF(COUNT(Records!V15,Records!O15,Records!P15)=3,AVERAGE(Records!V15,Records!O15,Records!P15),"") | O15: =IF(Records!N15="","",Records!N15) | P15: =IF(Records!AA15="","",IF(Records!AA15>150,"是","否")) | Q15: =IF(COUNT(Records!K15,Records!L15,Records!M15,Records!O15,Records!P15,Records!Q15,Records!R15,Records!S15,Records!T15,Records!U15,Records!V15,Records!W15,Records!X15)<13,"",IF(OR(AND(Records!K15=Records!L15,Records!L15=Records!M15,Records!M15=Records!O15,Records!O15=Records!P15),AND(Records!L15=Records!M15,Records!M15=Records!O15,Records!O15=Records!P15,Records!P15=Records!Q15),AND(Records!M15=Records!O15,Records!O15=Records!P15,Records!P15=Records!Q15,Records!Q15=Records!R15),AND(Records!O15=Records!P15,Records!P15=Records!Q15,Records!Q15=Records!R15,Records!R15=Records!S15),AND(Records!P15=Records!Q15,Records!Q15=Records!R15,Records!R15=Records!S15,Records!S15=Records!T15),AND(Records!Q15=Records!R15,Records!R15=Records!S15,Records!S15=Records!T15,Records!T15=Records!U15),AND(Records!R15=Records!S15,Records!S15=Records!T15,Records!T15=Records!U15,Records!U15=Records!V15),AND(Records!S15=Records!T15,Records!T15=Records!U15,Records!U15=Records!V15,Records!V15=Records!W15),AND(Records!T15=Records!U15,Records!U15=Records!V15,Records!V15=Records!W15,Records!W15=Records!X15)),"是","否")) | R15: =IF(Records!AF15="","",Records!AF15) | S15: =IF(Records!AG15="","",Records!AG15) | T15: =IF(Records!AH15="","",Records!AH15) | U15: =IF(Records!AI15="","",Records!AI15) | V15: =IF(Records!AJ15="","",Records!AJ15) | W15: =IF(Records!AK15="","",Records!AK15) | X15: =IF(Records!AL15="","",Records!AL15) | Y15: =IF(Records!AM15="","",Records!AM15) | Z15: =IF(Records!AN15="","",Records!AN15)
A16: =IF(Records!A16="","",Records!A16) | B16: =IF(Records!B16="","",Records!B16) | C16: =IF(Records!H16="","",Records!H16) | D16: =IF(Records!F16="","",Records!F16) | E16: =IF(AND(COUNTIFS(Participants!$A$3:$A$26,Records!A16,Participants!$V$3:$V$26,"是")=1,Records!AB16="是",Records!AC16="是",Records!AD16="是",COUNT(Records!K16,Records!L16,Records!M16,Records!O16,Records!P16,Records!Q16,Records!R16,Records!S16,Records!T16,Records!U16,Records!V16,Records!W16,Records!X16)=13),"是","否") | F16: =IF(Records!K16="","",Records!K16) | G16: =IF(Records!R16="","",Records!R16) | H16: =IF(Records!L16="","",Records!L16) | I16: =IF(Records!M16="","",Records!M16) | J16: =IF(Records!Q16="","",Records!Q16) | K16: =IF(Records!W16="","",Records!W16) | L16: =IF(Records!X16="","",Records!X16) | M16: =IF(COUNT(Records!S16,Records!T16,Records!U16)=3,AVERAGE(Records!S16,Records!T16,Records!U16),"") | N16: =IF(COUNT(Records!V16,Records!O16,Records!P16)=3,AVERAGE(Records!V16,Records!O16,Records!P16),"") | O16: =IF(Records!N16="","",Records!N16) | P16: =IF(Records!AA16="","",IF(Records!AA16>150,"是","否")) | Q16: =IF(COUNT(Records!K16,Records!L16,Records!M16,Records!O16,Records!P16,Records!Q16,Records!R16,Records!S16,Records!T16,Records!U16,Records!V16,Records!W16,Records!X16)<13,"",IF(OR(AND(Records!K16=Records!L16,Records!L16=Records!M16,Records!M16=Records!O16,Records!O16=Records!P16),AND(Records!L16=Records!M16,Records!M16=Records!O16,Records!O16=Records!P16,Records!P16=Records!Q16),AND(Records!M16=Records!O16,Records!O16=Records!P16,Records!P16=Records!Q16,Records!Q16=Records!R16),AND(Records!O16=Records!P16,Records!P16=Records!Q16,Records!Q16=Records!R16,Records!R16=Records!S16),AND(Records!P16=Records!Q16,Records!Q16=Records!R16,Records!R16=Records!S16,Records!S16=Records!T16),AND(Records!Q16=Records!R16,Records!R16=Records!S16,Records!S16=Records!T16,Records!T16=Records!U16),AND(Records!R16=Records!S16,Records!S16=Records!T16,Records!T16=Records!U16,Records!U16=Records!V16),AND(Records!S16=Records!T16,Records!T16=Records!U16,Records!U16=Records!V16,Records!V16=Records!W16),AND(Records!T16=Records!U16,Records!U16=Records!V16,Records!V16=Records!W16,Records!W16=Records!X16)),"是","否")) | R16: =IF(Records!AF16="","",Records!AF16) | S16: =IF(Records!AG16="","",Records!AG16) | T16: =IF(Records!AH16="","",Records!AH16) | U16: =IF(Records!AI16="","",Records!AI16) | V16: =IF(Records!AJ16="","",Records!AJ16) | W16: =IF(Records!AK16="","",Records!AK16) | X16: =IF(Records!AL16="","",Records!AL16) | Y16: =IF(Records!AM16="","",Records!AM16) | Z16: =IF(Records!AN16="","",Records!AN16)
... A148: =IF(Records!A148="","",Records!A148) | B148: =IF(Records!B148="","",Records!B148) | C148: =IF(Records!H148="","",Records!H148) | D148: =IF(Records!F148="","",Records!F148) | E148: =IF(AND(COUNTIFS(Participants!$A$3:$A$26,Records!A148,Participants!$V$3:$V$26,"是")=1,Records!AB148="是",Records!AC148="是",Records!AD148="是",COUNT(Records!K148,Records!L148,Records!M148,Records!O148,Records!P148,Records!Q148,Records!R148,Records!S148,Records!T148,Records!U148,Records!V148,Records!W148,Records!X148)=13),"是","否") | F148: =IF(Records!K148="","",Records!K148) | G148: =IF(Records!R148="","",Records!R148) | H148: =IF(Records!L148="","",Records!L148) | I148: =IF(Records!M148="","",Records!M148) | J148: =IF(Records!Q148="","",Records!Q148) | K148: =IF(Records!W148="","",Records!W148) | L148: =IF(Records!X148="","",Records!X148) | M148: =IF(COUNT(Records!S148,Records!T148,Records!U148)=3,AVERAGE(Records!S148,Records!T148,Records!U148),"") | N148: =IF(COUNT(Records!V148,Records!O148,Records!P148)=3,AVERAGE(Records!V148,Records!O148,Records!P148),"") | O148: =IF(Records!N148="","",Records!N148) | P148: =IF(Records!AA148="","",IF(Records!AA148>150,"是","否")) | Q148: =IF(COUNT(Records!K148,Records!L148,Records!M148,Records!O148,Records!P148,Records!Q148,Records!R148,Records!S148,Records!T148,Records!U148,Records!V148,Records!W148,Records!X148)<13,"",IF(OR(AND(Records!K148=Records!L148,Records!L148=Records!M148,Records!M148=Records!O148,Records!O148=Records!P148),AND(Records!L148=Records!M148,Records!M148=Records!O148,Records!O148=Records!P148,Records!P148=Records!Q148),AND(Records!M148=Records!O148,Records!O148=Records!P148,Records!P148=Records!Q148,Records!Q148=Records!R148),AND(Records!O148=Records!P148,Records!P148=Records!Q148,Records!Q148=Records!R148,Records!R148=Records!S148),AND(Records!P148=Records!Q148,Records!Q148=Records!R148,Records!R148=Records!S148,Records!S148=Records!T148),AND(Records!Q148=Records!R148,Records!R148=Records!S148,Records!S148=Records!T148,Records!T148=Records!U148),AND(Records!R148=Records!S148,Records!S148=Records!T148,Records!T148=Records!U148,Records!U148=Records!V148),AND(Records!S148=Records!T148,Records!T148=Records!U148,Records!U148=Records!V148,Records!V148=Records!W148),AND(Records!T148=Records!U148,Records!U148=Records!V148,Records!V148=Records!W148,Records!W148=Records!X148)),"是","否")) | R148: =IF(Records!AF148="","",Records!AF148) | S148: =IF(Records!AG148="","",Records!AG148) | T148: =IF(Records!AH148="","",Records!AH148) | U148: =IF(Records!AI148="","",Records!AI148) | V148: =IF(Records!AJ148="","",Records!AJ148) | W148: =IF(Records!AK148="","",Records!AK148) | X148: =IF(Records!AL148="","",Records!AL148) | Y148: =IF(Records!AM148="","",Records!AM148) | Z148: =IF(Records!AN148="","",Records!AN148)
A150: D2. 方法级派生：区分作答完成、记录有效与各分量表可计分
A151: Participant_ID | B151: Condition | C151: Assessment_Complete | D151: Valid_Record | E151: TIA_RC1 | F151: TIA_RC2 | G151: TIA_RC3 | H151: TIA_RC4 | I151: TIA_RC5 | J151: TIA_RC6 | K151: TIA_UP1 | L151: TIA_UP2 | M151: TIA_UP3 | N151: TIA_UP4 | O151: STIAS1 | P151: STIAS2 | Q151: STIAS3 | R151: TIA_RC | S151: TIA_UP | T151: STIAS | U151: Duration_Seconds
A152: =Records!A152 | B152: =Records!D152 | C152: =IF(AND(COUNTA(Records!E152:Q152)=13,Records!R152="是"),"是","否") | D152: =IF(AND(COUNTIFS(Participants!$A$3:$A$26,Records!A152,Participants!$V$3:$V$26,"是")=1,Records!R152="是",OR(Records!V152="",Records!V152="无"),Records!X152="是",Records!Y152="是"),"是","否") | E152: =IF(ISNUMBER(Records!E152),Records!E152,"") | F152: =IF(ISNUMBER(Records!F152),Records!F152,"") | G152: =IF(ISNUMBER(Records!G152),6-Records!G152,"") | H152: =IF(ISNUMBER(Records!H152),Records!H152,"") | I152: =IF(ISNUMBER(Records!I152),6-Records!I152,"") | J152: =IF(ISNUMBER(Records!J152),Records!J152,"") | K152: =IF(ISNUMBER(Records!K152),Records!K152,"") | L152: =IF(ISNUMBER(Records!L152),6-Records!L152,"") | M152: =IF(ISNUMBER(Records!M152),Records!M152,"") | N152: =IF(ISNUMBER(Records!N152),6-Records!N152,"") | O152: =IF(ISNUMBER(Records!O152),Records!O152,"") | P152: =IF(ISNUMBER(Records!P152),Records!P152,"") | Q152: =IF(ISNUMBER(Records!Q152),Records!Q152,"") | R152: =IF(COUNT(E152:J152)>=5,AVERAGE(E152:J152),"") | S152: =IF(COUNT(K152:N152)>=3,AVERAGE(K152:N152),"") | T152: =IF(COUNT(O152:Q152)>=3,AVERAGE(O152:Q152),"") | U152: =IF(Records!U152="","",Records!U152)
A153: =Records!A153 | B153: =Records!D153 | C153: =IF(AND(COUNTA(Records!E153:Q153)=13,Records!R153="是"),"是","否") | D153: =IF(AND(COUNTIFS(Participants!$A$3:$A$26,Records!A153,Participants!$V$3:$V$26,"是")=1,Records!R153="是",OR(Records!V153="",Records!V153="无"),Records!X153="是",Records!Y153="是"),"是","否") | E153: =IF(ISNUMBER(Records!E153),Records!E153,"") | F153: =IF(ISNUMBER(Records!F153),Records!F153,"") | G153: =IF(ISNUMBER(Records!G153),6-Records!G153,"") | H153: =IF(ISNUMBER(Records!H153),Records!H153,"") | I153: =IF(ISNUMBER(Records!I153),6-Records!I153,"") | J153: =IF(ISNUMBER(Records!J153),Records!J153,"") | K153: =IF(ISNUMBER(Records!K153),Records!K153,"") | L153: =IF(ISNUMBER(Records!L153),6-Records!L153,"") | M153: =IF(ISNUMBER(Records!M153),Records!M153,"") | N153: =IF(ISNUMBER(Records!N153),6-Records!N153,"") | O153: =IF(ISNUMBER(Records!O153),Records!O153,"") | P153: =IF(ISNUMBER(Records!P153),Records!P153,"") | Q153: =IF(ISNUMBER(Records!Q153),Records!Q153,"") | R153: =IF(COUNT(E153:J153)>=5,AVERAGE(E153:J153),"") | S153: =IF(COUNT(K153:N153)>=3,AVERAGE(K153:N153),"") | T153: =IF(COUNT(O153:Q153)>=3,AVERAGE(O153:Q153),"") | U153: =IF(Records!U153="","",Records!U153)
A154: =Records!A154 | B154: =Records!D154 | C154: =IF(AND(COUNTA(Records!E154:Q154)=13,Records!R154="是"),"是","否") | D154: =IF(AND(COUNTIFS(Participants!$A$3:$A$26,Records!A154,Participants!$V$3:$V$26,"是")=1,Records!R154="是",OR(Records!V154="",Records!V154="无"),Records!X154="是",Records!Y154="是"),"是","否") | E154: =IF(ISNUMBER(Records!E154),Records!E154,"") | F154: =IF(ISNUMBER(Records!F154),Records!F154,"") | G154: =IF(ISNUMBER(Records!G154),6-Records!G154,"") | H154: =IF(ISNUMBER(Records!H154),Records!H154,"") | I154: =IF(ISNUMBER(Records!I154),6-Records!I154,"") | J154: =IF(ISNUMBER(Records!J154),Records!J154,"") | K154: =IF(ISNUMBER(Records!K154),Records!K154,"") | L154: =IF(ISNUMBER(Records!L154),6-Records!L154,"") | M154: =IF(ISNUMBER(Records!M154),Records!M154,"") | N154: =IF(ISNUMBER(Records!N154),6-Records!N154,"") | O154: =IF(ISNUMBER(Records!O154),Records!O154,"") | P154: =IF(ISNUMBER(Records!P154),Records!P154,"") | Q154: =IF(ISNUMBER(Records!Q154),Records!Q154,"") | R154: =IF(COUNT(E154:J154)>=5,AVERAGE(E154:J154),"") | S154: =IF(COUNT(K154:N154)>=3,AVERAGE(K154:N154),"") | T154: =IF(COUNT(O154:Q154)>=3,AVERAGE(O154:Q154),"") | U154: =IF(Records!U154="","",Records!U154)
A155: =Records!A155 | B155: =Records!D155 | C155: =IF(AND(COUNTA(Records!E155:Q155)=13,Records!R155="是"),"是","否") | D155: =IF(AND(COUNTIFS(Participants!$A$3:$A$26,Records!A155,Participants!$V$3:$V$26,"是")=1,Records!R155="是",OR(Records!V155="",Records!V155="无"),Records!X155="是",Records!Y155="是"),"是","否") | E155: =IF(ISNUMBER(Records!E155),Records!E155,"") | F155: =IF(ISNUMBER(Records!F155),Records!F155,"") | G155: =IF(ISNUMBER(Records!G155),6-Records!G155,"") | H155: =IF(ISNUMBER(Records!H155),Records!H155,"") | I155: =IF(ISNUMBER(Records!I155),6-Records!I155,"") | J155: =IF(ISNUMBER(Records!J155),Records!J155,"") | K155: =IF(ISNUMBER(Records!K155),Records!K155,"") | L155: =IF(ISNUMBER(Records!L155),6-Records!L155,"") | M155: =IF(ISNUMBER(Records!M155),Records!M155,"") | N155: =IF(ISNUMBER(Records!N155),6-Records!N155,"") | O155: =IF(ISNUMBER(Records!O155),Records!O155,"") | P155: =IF(ISNUMBER(Records!P155),Records!P155,"") | Q155: =IF(ISNUMBER(Records!Q155),Records!Q155,"") | R155: =IF(COUNT(E155:J155)>=5,AVERAGE(E155:J155),"") | S155: =IF(COUNT(K155:N155)>=3,AVERAGE(K155:N155),"") | T155: =IF(COUNT(O155:Q155)>=3,AVERAGE(O155:Q155),"") | U155: =IF(Records!U155="","",Records!U155)
A156: =Records!A156 | B156: =Records!D156 | C156: =IF(AND(COUNTA(Records!E156:Q156)=13,Records!R156="是"),"是","否") | D156: =IF(AND(COUNTIFS(Participants!$A$3:$A$26,Records!A156,Participants!$V$3:$V$26,"是")=1,Records!R156="是",OR(Records!V156="",Records!V156="无"),Records!X156="是",Records!Y156="是"),"是","否") | E156: =IF(ISNUMBER(Records!E156),Records!E156,"") | F156: =IF(ISNUMBER(Records!F156),Records!F156,"") | G156: =IF(ISNUMBER(Records!G156),6-Records!G156,"") | H156: =IF(ISNUMBER(Records!H156),Records!H156,"") | I156: =IF(ISNUMBER(Records!I156),6-Records!I156,"") | J156: =IF(ISNUMBER(Records!J156),Records!J156,"") | K156: =IF(ISNUMBER(Records!K156),Records!K156,"") | L156: =IF(ISNUMBER(Records!L156),6-Records!L156,"") | M156: =IF(ISNUMBER(Records!M156),Records!M156,"") | N156: =IF(ISNUMBER(Records!N156),6-Records!N156,"") | O156: =IF(ISNUMBER(Records!O156),Records!O156,"") | P156: =IF(ISNUMBER(Records!P156),Records!P156,"") | Q156: =IF(ISNUMBER(Records!Q156),Records!Q156,"") | R156: =IF(COUNT(E156:J156)>=5,AVERAGE(E156:J156),"") | S156: =IF(COUNT(K156:N156)>=3,AVERAGE(K156:N156),"") | T156: =IF(COUNT(O156:Q156)>=3,AVERAGE(O156:Q156),"") | U156: =IF(Records!U156="","",Records!U156)
A157: =Records!A157 | B157: =Records!D157 | C157: =IF(AND(COUNTA(Records!E157:Q157)=13,Records!R157="是"),"是","否") | D157: =IF(AND(COUNTIFS(Participants!$A$3:$A$26,Records!A157,Participants!$V$3:$V$26,"是")=1,Records!R157="是",OR(Records!V157="",Records!V157="无"),Records!X157="是",Records!Y157="是"),"是","否") | E157: =IF(ISNUMBER(Records!E157),Records!E157,"") | F157: =IF(ISNUMBER(Records!F157),Records!F157,"") | G157: =IF(ISNUMBER(Records!G157),6-Records!G157,"") | H157: =IF(ISNUMBER(Records!H157),Records!H157,"") | I157: =IF(ISNUMBER(Records!I157),6-Records!I157,"") | J157: =IF(ISNUMBER(Records!J157),Records!J157,"") | K157: =IF(ISNUMBER(Records!K157),Records!K157,"") | L157: =IF(ISNUMBER(Records!L157),6-Records!L157,"") | M157: =IF(ISNUMBER(Records!M157),Records!M157,"") | N157: =IF(ISNUMBER(Records!N157),6-Records!N157,"") | O157: =IF(ISNUMBER(Records!O157),Records!O157,"") | P157: =IF(ISNUMBER(Records!P157),Records!P157,"") | Q157: =IF(ISNUMBER(Records!Q157),Records!Q157,"") | R157: =IF(COUNT(E157:J157)>=5,AVERAGE(E157:J157),"") | S157: =IF(COUNT(K157:N157)>=3,AVERAGE(K157:N157),"") | T157: =IF(COUNT(O157:Q157)>=3,AVERAGE(O157:Q157),"") | U157: =IF(Records!U157="","",Records!U157)
A158: =Records!A158 | B158: =Records!D158 | C158: =IF(AND(COUNTA(Records!E158:Q158)=13,Records!R158="是"),"是","否") | D158: =IF(AND(COUNTIFS(Participants!$A$3:$A$26,Records!A158,Participants!$V$3:$V$26,"是")=1,Records!R158="是",OR(Records!V158="",Records!V158="无"),Records!X158="是",Records!Y158="是"),"是","否") | E158: =IF(ISNUMBER(Records!E158),Records!E158,"") | F158: =IF(ISNUMBER(Records!F158),Records!F158,"") | G158: =IF(ISNUMBER(Records!G158),6-Records!G158,"") | H158: =IF(ISNUMBER(Records!H158),Records!H158,"") | I158: =IF(ISNUMBER(Records!I158),6-Records!I158,"") | J158: =IF(ISNUMBER(Records!J158),Records!J158,"") | K158: =IF(ISNUMBER(Records!K158),Records!K158,"") | L158: =IF(ISNUMBER(Records!L158),6-Records!L158,"") | M158: =IF(ISNUMBER(Records!M158),Records!M158,"") | N158: =IF(ISNUMBER(Records!N158),6-Records!N158,"") | O158: =IF(ISNUMBER(Records!O158),Records!O158,"") | P158: =IF(ISNUMBER(Records!P158),Records!P158,"") | Q158: =IF(ISNUMBER(Records!Q158),Records!Q158,"") | R158: =IF(COUNT(E158:J158)>=5,AVERAGE(E158:J158),"") | S158: =IF(COUNT(K158:N158)>=3,AVERAGE(K158:N158),"") | T158: =IF(COUNT(O158:Q158)>=3,AVERAGE(O158:Q158),"") | U158: =IF(Records!U158="","",Records!U158)
A159: =Records!A159 | B159: =Records!D159 | C159: =IF(AND(COUNTA(Records!E159:Q159)=13,Records!R159="是"),"是","否") | D159: =IF(AND(COUNTIFS(Participants!$A$3:$A$26,Records!A159,Participants!$V$3:$V$26,"是")=1,Records!R159="是",OR(Records!V159="",Records!V159="无"),Records!X159="是",Records!Y159="是"),"是","否") | E159: =IF(ISNUMBER(Records!E159),Records!E159,"") | F159: =IF(ISNUMBER(Records!F159),Records!F159,"") | G159: =IF(ISNUMBER(Records!G159),6-Records!G159,"") | H159: =IF(ISNUMBER(Records!H159),Records!H159,"") | I159: =IF(ISNUMBER(Records!I159),6-Records!I159,"") | J159: =IF(ISNUMBER(Records!J159),Records!J159,"") | K159: =IF(ISNUMBER(Records!K159),Records!K159,"") | L159: =IF(ISNUMBER(Records!L159),6-Records!L159,"") | M159: =IF(ISNUMBER(Records!M159),Records!M159,"") | N159: =IF(ISNUMBER(Records!N159),6-Records!N159,"") | O159: =IF(ISNUMBER(Records!O159),Records!O159,"") | P159: =IF(ISNUMBER(Records!P159),Records!P159,"") | Q159: =IF(ISNUMBER(Records!Q159),Records!Q159,"") | R159: =IF(COUNT(E159:J159)>=5,AVERAGE(E159:J159),"") | S159: =IF(COUNT(K159:N159)>=3,AVERAGE(K159:N159),"") | T159: =IF(COUNT(O159:Q159)>=3,AVERAGE(O159:Q159),"") | U159: =IF(Records!U159="","",Records!U159)
A160: =Records!A160 | B160: =Records!D160 | C160: =IF(AND(COUNTA(Records!E160:Q160)=13,Records!R160="是"),"是","否") | D160: =IF(AND(COUNTIFS(Participants!$A$3:$A$26,Records!A160,Participants!$V$3:$V$26,"是")=1,Records!R160="是",OR(Records!V160="",Records!V160="无"),Records!X160="是",Records!Y160="是"),"是","否") | E160: =IF(ISNUMBER(Records!E160),Records!E160,"") | F160: =IF(ISNUMBER(Records!F160),Records!F160,"") | G160: =IF(ISNUMBER(Records!G160),6-Records!G160,"") | H160: =IF(ISNUMBER(Records!H160),Records!H160,"") | I160: =IF(ISNUMBER(Records!I160),6-Records!I160,"") | J160: =IF(ISNUMBER(Records!J160),Records!J160,"") | K160: =IF(ISNUMBER(Records!K160),Records!K160,"") | L160: =IF(ISNUMBER(Records!L160),6-Records!L160,"") | M160: =IF(ISNUMBER(Records!M160),Records!M160,"") | N160: =IF(ISNUMBER(Records!N160),6-Records!N160,"") | O160: =IF(ISNUMBER(Records!O160),Records!O160,"") | P160: =IF(ISNUMBER(Records!P160),Records!P160,"") | Q160: =IF(ISNUMBER(Records!Q160),Records!Q160,"") | R160: =IF(COUNT(E160:J160)>=5,AVERAGE(E160:J160),"") | S160: =IF(COUNT(K160:N160)>=3,AVERAGE(K160:N160),"") | T160: =IF(COUNT(O160:Q160)>=3,AVERAGE(O160:Q160),"") | U160: =IF(Records!U160="","",Records!U160)
A161: =Records!A161 | B161: =Records!D161 | C161: =IF(AND(COUNTA(Records!E161:Q161)=13,Records!R161="是"),"是","否") | D161: =IF(AND(COUNTIFS(Participants!$A$3:$A$26,Records!A161,Participants!$V$3:$V$26,"是")=1,Records!R161="是",OR(Records!V161="",Records!V161="无"),Records!X161="是",Records!Y161="是"),"是","否") | E161: =IF(ISNUMBER(Records!E161),Records!E161,"") | F161: =IF(ISNUMBER(Records!F161),Records!F161,"") | G161: =IF(ISNUMBER(Records!G161),6-Records!G161,"") | H161: =IF(ISNUMBER(Records!H161),Records!H161,"") | I161: =IF(ISNUMBER(Records!I161),6-Records!I161,"") | J161: =IF(ISNUMBER(Records!J161),Records!J161,"") | K161: =IF(ISNUMBER(Records!K161),Records!K161,"") | L161: =IF(ISNUMBER(Records!L161),6-Records!L161,"") | M161: =IF(ISNUMBER(Records!M161),Records!M161,"") | N161: =IF(ISNUMBER(Records!N161),6-Records!N161,"") | O161: =IF(ISNUMBER(Records!O161),Records!O161,"") | P161: =IF(ISNUMBER(Records!P161),Records!P161,"") | Q161: =IF(ISNUMBER(Records!Q161),Records!Q161,"") | R161: =IF(COUNT(E161:J161)>=5,AVERAGE(E161:J161),"") | S161: =IF(COUNT(K161:N161)>=3,AVERAGE(K161:N161),"") | T161: =IF(COUNT(O161:Q161)>=3,AVERAGE(O161:Q161),"") | U161: =IF(Records!U161="","",Records!U161)
A162: =Records!A162 | B162: =Records!D162 | C162: =IF(AND(COUNTA(Records!E162:Q162)=13,Records!R162="是"),"是","否") | D162: =IF(AND(COUNTIFS(Participants!$A$3:$A$26,Records!A162,Participants!$V$3:$V$26,"是")=1,Records!R162="是",OR(Records!V162="",Records!V162="无"),Records!X162="是",Records!Y162="是"),"是","否") | E162: =IF(ISNUMBER(Records!E162),Records!E162,"") | F162: =IF(ISNUMBER(Records!F162),Records!F162,"") | G162: =IF(ISNUMBER(Records!G162),6-Records!G162,"") | H162: =IF(ISNUMBER(Records!H162),Records!H162,"") | I162: =IF(ISNUMBER(Records!I162),6-Records!I162,"") | J162: =IF(ISNUMBER(Records!J162),Records!J162,"") | K162: =IF(ISNUMBER(Records!K162),Records!K162,"") | L162: =IF(ISNUMBER(Records!L162),6-Records!L162,"") | M162: =IF(ISNUMBER(Records!M162),Records!M162,"") | N162: =IF(ISNUMBER(Records!N162),6-Records!N162,"") | O162: =IF(ISNUMBER(Records!O162),Records!O162,"") | P162: =IF(ISNUMBER(Records!P162),Records!P162,"") | Q162: =IF(ISNUMBER(Records!Q162),Records!Q162,"") | R162: =IF(COUNT(E162:J162)>=5,AVERAGE(E162:J162),"") | S162: =IF(COUNT(K162:N162)>=3,AVERAGE(K162:N162),"") | T162: =IF(COUNT(O162:Q162)>=3,AVERAGE(O162:Q162),"") | U162: =IF(Records!U162="","",Records!U162)
A163: =Records!A163 | B163: =Records!D163 | C163: =IF(AND(COUNTA(Records!E163:Q163)=13,Records!R163="是"),"是","否") | D163: =IF(AND(COUNTIFS(Participants!$A$3:$A$26,Records!A163,Participants!$V$3:$V$26,"是")=1,Records!R163="是",OR(Records!V163="",Records!V163="无"),Records!X163="是",Records!Y163="是"),"是","否") | E163: =IF(ISNUMBER(Records!E163),Records!E163,"") | F163: =IF(ISNUMBER(Records!F163),Records!F163,"") | G163: =IF(ISNUMBER(Records!G163),6-Records!G163,"") | H163: =IF(ISNUMBER(Records!H163),Records!H163,"") | I163: =IF(ISNUMBER(Records!I163),6-Records!I163,"") | J163: =IF(ISNUMBER(Records!J163),Records!J163,"") | K163: =IF(ISNUMBER(Records!K163),Records!K163,"") | L163: =IF(ISNUMBER(Records!L163),6-Records!L163,"") | M163: =IF(ISNUMBER(Records!M163),Records!M163,"") | N163: =IF(ISNUMBER(Records!N163),6-Records!N163,"") | O163: =IF(ISNUMBER(Records!O163),Records!O163,"") | P163: =IF(ISNUMBER(Records!P163),Records!P163,"") | Q163: =IF(ISNUMBER(Records!Q163),Records!Q163,"") | R163: =IF(COUNT(E163:J163)>=5,AVERAGE(E163:J163),"") | S163: =IF(COUNT(K163:N163)>=3,AVERAGE(K163:N163),"") | T163: =IF(COUNT(O163:Q163)>=3,AVERAGE(O163:Q163),"") | U163: =IF(Records!U163="","",Records!U163)
... A199: =Records!A199 | B199: =Records!D199 | C199: =IF(AND(COUNTA(Records!E199:Q199)=13,Records!R199="是"),"是","否") | D199: =IF(AND(COUNTIFS(Participants!$A$3:$A$26,Records!A199,Participants!$V$3:$V$26,"是")=1,Records!R199="是",OR(Records!V199="",Records!V199="无"),Records!X199="是",Records!Y199="是"),"是","否") | E199: =IF(ISNUMBER(Records!E199),Records!E199,"") | F199: =IF(ISNUMBER(Records!F199),Records!F199,"") | G199: =IF(ISNUMBER(Records!G199),6-Records!G199,"") | H199: =IF(ISNUMBER(Records!H199),Records!H199,"") | I199: =IF(ISNUMBER(Records!I199),6-Records!I199,"") | J199: =IF(ISNUMBER(Records!J199),Records!J199,"") | K199: =IF(ISNUMBER(Records!K199),Records!K199,"") | L199: =IF(ISNUMBER(Records!L199),6-Records!L199,"") | M199: =IF(ISNUMBER(Records!M199),Records!M199,"") | N199: =IF(ISNUMBER(Records!N199),6-Records!N199,"") | O199: =IF(ISNUMBER(Records!O199),Records!O199,"") | P199: =IF(ISNUMBER(Records!P199),Records!P199,"") | Q199: =IF(ISNUMBER(Records!Q199),Records!Q199,"") | R199: =IF(COUNT(E199:J199)>=5,AVERAGE(E199:J199),"") | S199: =IF(COUNT(K199:N199)>=3,AVERAGE(K199:N199),"") | T199: =IF(COUNT(O199:Q199)>=3,AVERAGE(O199:Q199),"") | U199: =IF(Records!U199="","",Records!U199)
A201: D3. 每人每方法：三个对象取均值；前 24 行 EgoAnchor，后 24 行 One-Euro
A202: Participant_ID | B202: Condition | C202: Q1 | D202: Q8 | E202: Q2 | F202: Q9 | G202: Q3 | H202: Q6 | I202: Q7 | J202: AQ_EQ | K202: AQ_IQ | L202: TIA_RC | M202: TIA_UP | N202: STIAS | O202: Q10 | P202: Candidate_Rate_Hz | Q202: VCD_Median | R202: VCD_Admission_Rate | S202: Output_Availability | T202: Occlusion_Seconds | U202: Valid_Objects
A203: =Participants!A3 | B203: EgoAnchor | C203: =IF(COUNTIFS($A$5:$A$148,$A203,$C$5:$C$148,$B203,$E$5:$E$148,"是",$F$5:$F$148,">=0")=3,AVERAGEIFS($F$5:$F$148,$A$5:$A$148,$A203,$C$5:$C$148,$B203,$E$5:$E$148,"是"),"") | D203: =IF(COUNTIFS($A$5:$A$148,$A203,$C$5:$C$148,$B203,$E$5:$E$148,"是",$G$5:$G$148,">=0")=3,AVERAGEIFS($G$5:$G$148,$A$5:$A$148,$A203,$C$5:$C$148,$B203,$E$5:$E$148,"是"),"") | E203: =IF(COUNTIFS($A$5:$A$148,$A203,$C$5:$C$148,$B203,$E$5:$E$148,"是",$H$5:$H$148,">=0")=3,AVERAGEIFS($H$5:$H$148,$A$5:$A$148,$A203,$C$5:$C$148,$B203,$E$5:$E$148,"是"),"") | F203: =IF(COUNTIFS($A$5:$A$148,$A203,$C$5:$C$148,$B203,$E$5:$E$148,"是",$I$5:$I$148,">=0")=3,AVERAGEIFS($I$5:$I$148,$A$5:$A$148,$A203,$C$5:$C$148,$B203,$E$5:$E$148,"是"),"") | G203: =IF(COUNTIFS($A$5:$A$148,$A203,$C$5:$C$148,$B203,$E$5:$E$148,"是",$J$5:$J$148,">=0")=3,AVERAGEIFS($J$5:$J$148,$A$5:$A$148,$A203,$C$5:$C$148,$B203,$E$5:$E$148,"是"),"") | H203: =IF(COUNTIFS($A$5:$A$148,$A203,$C$5:$C$148,$B203,$E$5:$E$148,"是",$K$5:$K$148,">=0")=3,AVERAGEIFS($K$5:$K$148,$A$5:$A$148,$A203,$C$5:$C$148,$B203,$E$5:$E$148,"是"),"") | I203: =IF(COUNTIFS($A$5:$A$148,$A203,$C$5:$C$148,$B203,$E$5:$E$148,"是",$L$5:$L$148,">=0")=3,AVERAGEIFS($L$5:$L$148,$A$5:$A$148,$A203,$C$5:$C$148,$B203,$E$5:$E$148,"是"),"") | J203: =IF(COUNTIFS($A$5:$A$148,$A203,$C$5:$C$148,$B203,$E$5:$E$148,"是",$M$5:$M$148,">=0")=3,AVERAGEIFS($M$5:$M$148,$A$5:$A$148,$A203,$C$5:$C$148,$B203,$E$5:$E$148,"是"),"") | K203: =IF(COUNTIFS($A$5:$A$148,$A203,$C$5:$C$148,$B203,$E$5:$E$148,"是",$N$5:$N$148,">=0")=3,AVERAGEIFS($N$5:$N$148,$A$5:$A$148,$A203,$C$5:$C$148,$B203,$E$5:$E$148,"是"),"") | L203: =IF(COUNTIFS($A$152:$A$199,$A203,$B$152:$B$199,$B203,$D$152:$D$199,"是",$R$152:$R$199,">=0")=1,AVERAGEIFS($R$152:$R$199,$A$152:$A$199,$A203,$B$152:$B$199,$B203,$D$152:$D$199,"是"),"") | M203: =IF(COUNTIFS($A$152:$A$199,$A203,$B$152:$B$199,$B203,$D$152:$D$199,"是",$S$152:$S$199,">=0")=1,AVERAGEIFS($S$152:$S$199,$A$152:$A$199,$A203,$B$152:$B$199,$B203,$D$152:$D$199,"是"),"") | N203: =IF(COUNTIFS($A$152:$A$199,$A203,$B$152:$B$199,$B203,$D$152:$D$199,"是",$T$152:$T$199,">=0")=1,AVERAGEIFS($T$152:$T$199,$A$152:$A$199,$A203,$B$152:$B$199,$B203,$D$152:$D$199,"是"),"") | O203: =IF(COUNTIFS($A$5:$A$148,$A203,$C$5:$C$148,$B203,$E$5:$E$148,"是",$O$5:$O$148,">=0")=3,AVERAGEIFS($O$5:$O$148,$A$5:$A$148,$A203,$C$5:$C$148,$B203,$E$5:$E$148,"是"),"") | P203: =IF(COUNTIFS($A$5:$A$148,$A203,$C$5:$C$148,$B203,$E$5:$E$148,"是",$R$5:$R$148,">=0")=3,AVERAGEIFS($R$5:$R$148,$A$5:$A$148,$A203,$C$5:$C$148,$B203,$E$5:$E$148,"是"),"") | Q203: =IF(COUNTIFS($A$5:$A$148,$A203,$C$5:$C$148,$B203,$E$5:$E$148,"是",$S$5:$S$148,">=0")=3,AVERAGEIFS($S$5:$S$148,$A$5:$A$148,$A203,$C$5:$C$148,$B203,$E$5:$E$148,"是"),"") | R203: =IF(COUNTIFS($A$5:$A$148,$A203,$C$5:$C$148,$B203,$E$5:$E$148,"是",$T$5:$T$148,">=0")=3,AVERAGEIFS($T$5:$T$148,$A$5:$A$148,$A203,$C$5:$C$148,$B203,$E$5:$E$148,"是"),"") | S203: =IF(COUNTIFS($A$5:$A$148,$A203,$C$5:$C$148,$B203,$E$5:$E$148,"是",$U$5:$U$148,">=0")=3,AVERAGEIFS($U$5:$U$148,$A$5:$A$148,$A203,$C$5:$C$148,$B203,$E$5:$E$148,"是"),"") | T203: =IF(COUNTIFS($A$5:$A$148,$A203,$C$5:$C$148,$B203,$E$5:$E$148,"是",$V$5:$V$148,">=0")=3,AVERAGEIFS($V$5:$V$148,$A$5:$A$148,$A203,$C$5:$C$148,$B203,$E$5:$E$148,"是"),"") | U203: =COUNTIFS($A$5:$A$148,$A203,$C$5:$C$148,$B203,$E$5:$E$148,"是")
A204: =Participants!A4 | B204: EgoAnchor | C204: =IF(COUNTIFS($A$5:$A$148,$A204,$C$5:$C$148,$B204,$E$5:$E$148,"是",$F$5:$F$148,">=0")=3,AVERAGEIFS($F$5:$F$148,$A$5:$A$148,$A204,$C$5:$C$148,$B204,$E$5:$E$148,"是"),"") | D204: =IF(COUNTIFS($A$5:$A$148,$A204,$C$5:$C$148,$B204,$E$5:$E$148,"是",$G$5:$G$148,">=0")=3,AVERAGEIFS($G$5:$G$148,$A$5:$A$148,$A204,$C$5:$C$148,$B204,$E$5:$E$148,"是"),"") | E204: =IF(COUNTIFS($A$5:$A$148,$A204,$C$5:$C$148,$B204,$E$5:$E$148,"是",$H$5:$H$148,">=0")=3,AVERAGEIFS($H$5:$H$148,$A$5:$A$148,$A204,$C$5:$C$148,$B204,$E$5:$E$148,"是"),"") | F204: =IF(COUNTIFS($A$5:$A$148,$A204,$C$5:$C$148,$B204,$E$5:$E$148,"是",$I$5:$I$148,">=0")=3,AVERAGEIFS($I$5:$I$148,$A$5:$A$148,$A204,$C$5:$C$148,$B204,$E$5:$E$148,"是"),"") | G204: =IF(COUNTIFS($A$5:$A$148,$A204,$C$5:$C$148,$B204,$E$5:$E$148,"是",$J$5:$J$148,">=0")=3,AVERAGEIFS($J$5:$J$148,$A$5:$A$148,$A204,$C$5:$C$148,$B204,$E$5:$E$148,"是"),"") | H204: =IF(COUNTIFS($A$5:$A$148,$A204,$C$5:$C$148,$B204,$E$5:$E$148,"是",$K$5:$K$148,">=0")=3,AVERAGEIFS($K$5:$K$148,$A$5:$A$148,$A204,$C$5:$C$148,$B204,$E$5:$E$148,"是"),"") | I204: =IF(COUNTIFS($A$5:$A$148,$A204,$C$5:$C$148,$B204,$E$5:$E$148,"是",$L$5:$L$148,">=0")=3,AVERAGEIFS($L$5:$L$148,$A$5:$A$148,$A204,$C$5:$C$148,$B204,$E$5:$E$148,"是"),"") | J204: =IF(COUNTIFS($A$5:$A$148,$A204,$C$5:$C$148,$B204,$E$5:$E$148,"是",$M$5:$M$148,">=0")=3,AVERAGEIFS($M$5:$M$148,$A$5:$A$148,$A204,$C$5:$C$148,$B204,$E$5:$E$148,"是"),"") | K204: =IF(COUNTIFS($A$5:$A$148,$A204,$C$5:$C$148,$B204,$E$5:$E$148,"是",$N$5:$N$148,">=0")=3,AVERAGEIFS($N$5:$N$148,$A$5:$A$148,$A204,$C$5:$C$148,$B204,$E$5:$E$148,"是"),"") | L204: =IF(COUNTIFS($A$152:$A$199,$A204,$B$152:$B$199,$B204,$D$152:$D$199,"是",$R$152:$R$199,">=0")=1,AVERAGEIFS($R$152:$R$199,$A$152:$A$199,$A204,$B$152:$B$199,$B204,$D$152:$D$199,"是"),"") | M204: =IF(COUNTIFS($A$152:$A$199,$A204,$B$152:$B$199,$B204,$D$152:$D$199,"是",$S$152:$S$199,">=0")=1,AVERAGEIFS($S$152:$S$199,$A$152:$A$199,$A204,$B$152:$B$199,$B204,$D$152:$D$199,"是"),"") | N204: =IF(COUNTIFS($A$152:$A$199,$A204,$B$152:$B$199,$B204,$D$152:$D$199,"是",$T$152:$T$199,">=0")=1,AVERAGEIFS($T$152:$T$199,$A$152:$A$199,$A204,$B$152:$B$199,$B204,$D$152:$D$199,"是"),"") | O204: =IF(COUNTIFS($A$5:$A$148,$A204,$C$5:$C$148,$B204,$E$5:$E$148,"是",$O$5:$O$148,">=0")=3,AVERAGEIFS($O$5:$O$148,$A$5:$A$148,$A204,$C$5:$C$148,$B204,$E$5:$E$148,"是"),"") | P204: =IF(COUNTIFS($A$5:$A$148,$A204,$C$5:$C$148,$B204,$E$5:$E$148,"是",$R$5:$R$148,">=0")=3,AVERAGEIFS($R$5:$R$148,$A$5:$A$148,$A204,$C$5:$C$148,$B204,$E$5:$E$148,"是"),"") | Q204: =IF(COUNTIFS($A$5:$A$148,$A204,$C$5:$C$148,$B204,$E$5:$E$148,"是",$S$5:$S$148,">=0")=3,AVERAGEIFS($S$5:$S$148,$A$5:$A$148,$A204,$C$5:$C$148,$B204,$E$5:$E$148,"是"),"") | R204: =IF(COUNTIFS($A$5:$A$148,$A204,$C$5:$C$148,$B204,$E$5:$E$148,"是",$T$5:$T$148,">=0")=3,AVERAGEIFS($T$5:$T$148,$A$5:$A$148,$A204,$C$5:$C$148,$B204,$E$5:$E$148,"是"),"") | S204: =IF(COUNTIFS($A$5:$A$148,$A204,$C$5:$C$148,$B204,$E$5:$E$148,"是",$U$5:$U$148,">=0")=3,AVERAGEIFS($U$5:$U$148,$A$5:$A$148,$A204,$C$5:$C$148,$B204,$E$5:$E$148,"是"),"") | T204: =IF(COUNTIFS($A$5:$A$148,$A204,$C$5:$C$148,$B204,$E$5:$E$148,"是",$V$5:$V$148,">=0")=3,AVERAGEIFS($V$5:$V$148,$A$5:$A$148,$A204,$C$5:$C$148,$B204,$E$5:$E$148,"是"),"") | U204: =COUNTIFS($A$5:$A$148,$A204,$C$5:$C$148,$B204,$E$5:$E$148,"是")
A205: =Participants!A5 | B205: EgoAnchor | C205: =IF(COUNTIFS($A$5:$A$148,$A205,$C$5:$C$148,$B205,$E$5:$E$148,"是",$F$5:$F$148,">=0")=3,AVERAGEIFS($F$5:$F$148,$A$5:$A$148,$A205,$C$5:$C$148,$B205,$E$5:$E$148,"是"),"") | D205: =IF(COUNTIFS($A$5:$A$148,$A205,$C$5:$C$148,$B205,$E$5:$E$148,"是",$G$5:$G$148,">=0")=3,AVERAGEIFS($G$5:$G$148,$A$5:$A$148,$A205,$C$5:$C$148,$B205,$E$5:$E$148,"是"),"") | E205: =IF(COUNTIFS($A$5:$A$148,$A205,$C$5:$C$148,$B205,$E$5:$E$148,"是",$H$5:$H$148,">=0")=3,AVERAGEIFS($H$5:$H$148,$A$5:$A$148,$A205,$C$5:$C$148,$B205,$E$5:$E$148,"是"),"") | F205: =IF(COUNTIFS($A$5:$A$148,$A205,$C$5:$C$148,$B205,$E$5:$E$148,"是",$I$5:$I$148,">=0")=3,AVERAGEIFS($I$5:$I$148,$A$5:$A$148,$A205,$C$5:$C$148,$B205,$E$5:$E$148,"是"),"") | G205: =IF(COUNTIFS($A$5:$A$148,$A205,$C$5:$C$148,$B205,$E$5:$E$148,"是",$J$5:$J$148,">=0")=3,AVERAGEIFS($J$5:$J$148,$A$5:$A$148,$A205,$C$5:$C$148,$B205,$E$5:$E$148,"是"),"") | H205: =IF(COUNTIFS($A$5:$A$148,$A205,$C$5:$C$148,$B205,$E$5:$E$148,"是",$K$5:$K$148,">=0")=3,AVERAGEIFS($K$5:$K$148,$A$5:$A$148,$A205,$C$5:$C$148,$B205,$E$5:$E$148,"是"),"") | I205: =IF(COUNTIFS($A$5:$A$148,$A205,$C$5:$C$148,$B205,$E$5:$E$148,"是",$L$5:$L$148,">=0")=3,AVERAGEIFS($L$5:$L$148,$A$5:$A$148,$A205,$C$5:$C$148,$B205,$E$5:$E$148,"是"),"") | J205: =IF(COUNTIFS($A$5:$A$148,$A205,$C$5:$C$148,$B205,$E$5:$E$148,"是",$M$5:$M$148,">=0")=3,AVERAGEIFS($M$5:$M$148,$A$5:$A$148,$A205,$C$5:$C$148,$B205,$E$5:$E$148,"是"),"") | K205: =IF(COUNTIFS($A$5:$A$148,$A205,$C$5:$C$148,$B205,$E$5:$E$148,"是",$N$5:$N$148,">=0")=3,AVERAGEIFS($N$5:$N$148,$A$5:$A$148,$A205,$C$5:$C$148,$B205,$E$5:$E$148,"是"),"") | L205: =IF(COUNTIFS($A$152:$A$199,$A205,$B$152:$B$199,$B205,$D$152:$D$199,"是",$R$152:$R$199,">=0")=1,AVERAGEIFS($R$152:$R$199,$A$152:$A$199,$A205,$B$152:$B$199,$B205,$D$152:$D$199,"是"),"") | M205: =IF(COUNTIFS($A$152:$A$199,$A205,$B$152:$B$199,$B205,$D$152:$D$199,"是",$S$152:$S$199,">=0")=1,AVERAGEIFS($S$152:$S$199,$A$152:$A$199,$A205,$B$152:$B$199,$B205,$D$152:$D$199,"是"),"") | N205: =IF(COUNTIFS($A$152:$A$199,$A205,$B$152:$B$199,$B205,$D$152:$D$199,"是",$T$152:$T$199,">=0")=1,AVERAGEIFS($T$152:$T$199,$A$152:$A$199,$A205,$B$152:$B$199,$B205,$D$152:$D$199,"是"),"") | O205: =IF(COUNTIFS($A$5:$A$148,$A205,$C$5:$C$148,$B205,$E$5:$E$148,"是",$O$5:$O$148,">=0")=3,AVERAGEIFS($O$5:$O$148,$A$5:$A$148,$A205,$C$5:$C$148,$B205,$E$5:$E$148,"是"),"") | P205: =IF(COUNTIFS($A$5:$A$148,$A205,$C$5:$C$148,$B205,$E$5:$E$148,"是",$R$5:$R$148,">=0")=3,AVERAGEIFS($R$5:$R$148,$A$5:$A$148,$A205,$C$5:$C$148,$B205,$E$5:$E$148,"是"),"") | Q205: =IF(COUNTIFS($A$5:$A$148,$A205,$C$5:$C$148,$B205,$E$5:$E$148,"是",$S$5:$S$148,">=0")=3,AVERAGEIFS($S$5:$S$148,$A$5:$A$148,$A205,$C$5:$C$148,$B205,$E$5:$E$148,"是"),"") | R205: =IF(COUNTIFS($A$5:$A$148,$A205,$C$5:$C$148,$B205,$E$5:$E$148,"是",$T$5:$T$148,">=0")=3,AVERAGEIFS($T$5:$T$148,$A$5:$A$148,$A205,$C$5:$C$148,$B205,$E$5:$E$148,"是"),"") | S205: =IF(COUNTIFS($A$5:$A$148,$A205,$C$5:$C$148,$B205,$E$5:$E$148,"是",$U$5:$U$148,">=0")=3,AVERAGEIFS($U$5:$U$148,$A$5:$A$148,$A205,$C$5:$C$148,$B205,$E$5:$E$148,"是"),"") | T205: =IF(COUNTIFS($A$5:$A$148,$A205,$C$5:$C$148,$B205,$E$5:$E$148,"是",$V$5:$V$148,">=0")=3,AVERAGEIFS($V$5:$V$148,$A$5:$A$148,$A205,$C$5:$C$148,$B205,$E$5:$E$148,"是"),"") | U205: =COUNTIFS($A$5:$A$148,$A205,$C$5:$C$148,$B205,$E$5:$E$148,"是")
A206: =Participants!A6 | B206: EgoAnchor | C206: =IF(COUNTIFS($A$5:$A$148,$A206,$C$5:$C$148,$B206,$E$5:$E$148,"是",$F$5:$F$148,">=0")=3,AVERAGEIFS($F$5:$F$148,$A$5:$A$148,$A206,$C$5:$C$148,$B206,$E$5:$E$148,"是"),"") | D206: =IF(COUNTIFS($A$5:$A$148,$A206,$C$5:$C$148,$B206,$E$5:$E$148,"是",$G$5:$G$148,">=0")=3,AVERAGEIFS($G$5:$G$148,$A$5:$A$148,$A206,$C$5:$C$148,$B206,$E$5:$E$148,"是"),"") | E206: =IF(COUNTIFS($A$5:$A$148,$A206,$C$5:$C$148,$B206,$E$5:$E$148,"是",$H$5:$H$148,">=0")=3,AVERAGEIFS($H$5:$H$148,$A$5:$A$148,$A206,$C$5:$C$148,$B206,$E$5:$E$148,"是"),"") | F206: =IF(COUNTIFS($A$5:$A$148,$A206,$C$5:$C$148,$B206,$E$5:$E$148,"是",$I$5:$I$148,">=0")=3,AVERAGEIFS($I$5:$I$148,$A$5:$A$148,$A206,$C$5:$C$148,$B206,$E$5:$E$148,"是"),"") | G206: =IF(COUNTIFS($A$5:$A$148,$A206,$C$5:$C$148,$B206,$E$5:$E$148,"是",$J$5:$J$148,">=0")=3,AVERAGEIFS($J$5:$J$148,$A$5:$A$148,$A206,$C$5:$C$148,$B206,$E$5:$E$148,"是"),"") | H206: =IF(COUNTIFS($A$5:$A$148,$A206,$C$5:$C$148,$B206,$E$5:$E$148,"是",$K$5:$K$148,">=0")=3,AVERAGEIFS($K$5:$K$148,$A$5:$A$148,$A206,$C$5:$C$148,$B206,$E$5:$E$148,"是"),"") | I206: =IF(COUNTIFS($A$5:$A$148,$A206,$C$5:$C$148,$B206,$E$5:$E$148,"是",$L$5:$L$148,">=0")=3,AVERAGEIFS($L$5:$L$148,$A$5:$A$148,$A206,$C$5:$C$148,$B206,$E$5:$E$148,"是"),"") | J206: =IF(COUNTIFS($A$5:$A$148,$A206,$C$5:$C$148,$B206,$E$5:$E$148,"是",$M$5:$M$148,">=0")=3,AVERAGEIFS($M$5:$M$148,$A$5:$A$148,$A206,$C$5:$C$148,$B206,$E$5:$E$148,"是"),"") | K206: =IF(COUNTIFS($A$5:$A$148,$A206,$C$5:$C$148,$B206,$E$5:$E$148,"是",$N$5:$N$148,">=0")=3,AVERAGEIFS($N$5:$N$148,$A$5:$A$148,$A206,$C$5:$C$148,$B206,$E$5:$E$148,"是"),"") | L206: =IF(COUNTIFS($A$152:$A$199,$A206,$B$152:$B$199,$B206,$D$152:$D$199,"是",$R$152:$R$199,">=0")=1,AVERAGEIFS($R$152:$R$199,$A$152:$A$199,$A206,$B$152:$B$199,$B206,$D$152:$D$199,"是"),"") | M206: =IF(COUNTIFS($A$152:$A$199,$A206,$B$152:$B$199,$B206,$D$152:$D$199,"是",$S$152:$S$199,">=0")=1,AVERAGEIFS($S$152:$S$199,$A$152:$A$199,$A206,$B$152:$B$199,$B206,$D$152:$D$199,"是"),"") | N206: =IF(COUNTIFS($A$152:$A$199,$A206,$B$152:$B$199,$B206,$D$152:$D$199,"是",$T$152:$T$199,">=0")=1,AVERAGEIFS($T$152:$T$199,$A$152:$A$199,$A206,$B$152:$B$199,$B206,$D$152:$D$199,"是"),"") | O206: =IF(COUNTIFS($A$5:$A$148,$A206,$C$5:$C$148,$B206,$E$5:$E$148,"是",$O$5:$O$148,">=0")=3,AVERAGEIFS($O$5:$O$148,$A$5:$A$148,$A206,$C$5:$C$148,$B206,$E$5:$E$148,"是"),"") | P206: =IF(COUNTIFS($A$5:$A$148,$A206,$C$5:$C$148,$B206,$E$5:$E$148,"是",$R$5:$R$148,">=0")=3,AVERAGEIFS($R$5:$R$148,$A$5:$A$148,$A206,$C$5:$C$148,$B206,$E$5:$E$148,"是"),"") | Q206: =IF(COUNTIFS($A$5:$A$148,$A206,$C$5:$C$148,$B206,$E$5:$E$148,"是",$S$5:$S$148,">=0")=3,AVERAGEIFS($S$5:$S$148,$A$5:$A$148,$A206,$C$5:$C$148,$B206,$E$5:$E$148,"是"),"") | R206: =IF(COUNTIFS($A$5:$A$148,$A206,$C$5:$C$148,$B206,$E$5:$E$148,"是",$T$5:$T$148,">=0")=3,AVERAGEIFS($T$5:$T$148,$A$5:$A$148,$A206,$C$5:$C$148,$B206,$E$5:$E$148,"是"),"") | S206: =IF(COUNTIFS($A$5:$A$148,$A206,$C$5:$C$148,$B206,$E$5:$E$148,"是",$U$5:$U$148,">=0")=3,AVERAGEIFS($U$5:$U$148,$A$5:$A$148,$A206,$C$5:$C$148,$B206,$E$5:$E$148,"是"),"") | T206: =IF(COUNTIFS($A$5:$A$148,$A206,$C$5:$C$148,$B206,$E$5:$E$148,"是",$V$5:$V$148,">=0")=3,AVERAGEIFS($V$5:$V$148,$A$5:$A$148,$A206,$C$5:$C$148,$B206,$E$5:$E$148,"是"),"") | U206: =COUNTIFS($A$5:$A$148,$A206,$C$5:$C$148,$B206,$E$5:$E$148,"是")
A207: =Participants!A7 | B207: EgoAnchor | C207: =IF(COUNTIFS($A$5:$A$148,$A207,$C$5:$C$148,$B207,$E$5:$E$148,"是",$F$5:$F$148,">=0")=3,AVERAGEIFS($F$5:$F$148,$A$5:$A$148,$A207,$C$5:$C$148,$B207,$E$5:$E$148,"是"),"") | D207: =IF(COUNTIFS($A$5:$A$148,$A207,$C$5:$C$148,$B207,$E$5:$E$148,"是",$G$5:$G$148,">=0")=3,AVERAGEIFS($G$5:$G$148,$A$5:$A$148,$A207,$C$5:$C$148,$B207,$E$5:$E$148,"是"),"") | E207: =IF(COUNTIFS($A$5:$A$148,$A207,$C$5:$C$148,$B207,$E$5:$E$148,"是",$H$5:$H$148,">=0")=3,AVERAGEIFS($H$5:$H$148,$A$5:$A$148,$A207,$C$5:$C$148,$B207,$E$5:$E$148,"是"),"") | F207: =IF(COUNTIFS($A$5:$A$148,$A207,$C$5:$C$148,$B207,$E$5:$E$148,"是",$I$5:$I$148,">=0")=3,AVERAGEIFS($I$5:$I$148,$A$5:$A$148,$A207,$C$5:$C$148,$B207,$E$5:$E$148,"是"),"") | G207: =IF(COUNTIFS($A$5:$A$148,$A207,$C$5:$C$148,$B207,$E$5:$E$148,"是",$J$5:$J$148,">=0")=3,AVERAGEIFS($J$5:$J$148,$A$5:$A$148,$A207,$C$5:$C$148,$B207,$E$5:$E$148,"是"),"") | H207: =IF(COUNTIFS($A$5:$A$148,$A207,$C$5:$C$148,$B207,$E$5:$E$148,"是",$K$5:$K$148,">=0")=3,AVERAGEIFS($K$5:$K$148,$A$5:$A$148,$A207,$C$5:$C$148,$B207,$E$5:$E$148,"是"),"") | I207: =IF(COUNTIFS($A$5:$A$148,$A207,$C$5:$C$148,$B207,$E$5:$E$148,"是",$L$5:$L$148,">=0")=3,AVERAGEIFS($L$5:$L$148,$A$5:$A$148,$A207,$C$5:$C$148,$B207,$E$5:$E$148,"是"),"") | J207: =IF(COUNTIFS($A$5:$A$148,$A207,$C$5:$C$148,$B207,$E$5:$E$148,"是",$M$5:$M$148,">=0")=3,AVERAGEIFS($M$5:$M$148,$A$5:$A$148,$A207,$C$5:$C$148,$B207,$E$5:$E$148,"是"),"") | K207: =IF(COUNTIFS($A$5:$A$148,$A207,$C$5:$C$148,$B207,$E$5:$E$148,"是",$N$5:$N$148,">=0")=3,AVERAGEIFS($N$5:$N$148,$A$5:$A$148,$A207,$C$5:$C$148,$B207,$E$5:$E$148,"是"),"") | L207: =IF(COUNTIFS($A$152:$A$199,$A207,$B$152:$B$199,$B207,$D$152:$D$199,"是",$R$152:$R$199,">=0")=1,AVERAGEIFS($R$152:$R$199,$A$152:$A$199,$A207,$B$152:$B$199,$B207,$D$152:$D$199,"是"),"") | M207: =IF(COUNTIFS($A$152:$A$199,$A207,$B$152:$B$199,$B207,$D$152:$D$199,"是",$S$152:$S$199,">=0")=1,AVERAGEIFS($S$152:$S$199,$A$152:$A$199,$A207,$B$152:$B$199,$B207,$D$152:$D$199,"是"),"") | N207: =IF(COUNTIFS($A$152:$A$199,$A207,$B$152:$B$199,$B207,$D$152:$D$199,"是",$T$152:$T$199,">=0")=1,AVERAGEIFS($T$152:$T$199,$A$152:$A$199,$A207,$B$152:$B$199,$B207,$D$152:$D$199,"是"),"") | O207: =IF(COUNTIFS($A$5:$A$148,$A207,$C$5:$C$148,$B207,$E$5:$E$148,"是",$O$5:$O$148,">=0")=3,AVERAGEIFS($O$5:$O$148,$A$5:$A$148,$A207,$C$5:$C$148,$B207,$E$5:$E$148,"是"),"") | P207: =IF(COUNTIFS($A$5:$A$148,$A207,$C$5:$C$148,$B207,$E$5:$E$148,"是",$R$5:$R$148,">=0")=3,AVERAGEIFS($R$5:$R$148,$A$5:$A$148,$A207,$C$5:$C$148,$B207,$E$5:$E$148,"是"),"") | Q207: =IF(COUNTIFS($A$5:$A$148,$A207,$C$5:$C$148,$B207,$E$5:$E$148,"是",$S$5:$S$148,">=0")=3,AVERAGEIFS($S$5:$S$148,$A$5:$A$148,$A207,$C$5:$C$148,$B207,$E$5:$E$148,"是"),"") | R207: =IF(COUNTIFS($A$5:$A$148,$A207,$C$5:$C$148,$B207,$E$5:$E$148,"是",$T$5:$T$148,">=0")=3,AVERAGEIFS($T$5:$T$148,$A$5:$A$148,$A207,$C$5:$C$148,$B207,$E$5:$E$148,"是"),"") | S207: =IF(COUNTIFS($A$5:$A$148,$A207,$C$5:$C$148,$B207,$E$5:$E$148,"是",$U$5:$U$148,">=0")=3,AVERAGEIFS($U$5:$U$148,$A$5:$A$148,$A207,$C$5:$C$148,$B207,$E$5:$E$148,"是"),"") | T207: =IF(COUNTIFS($A$5:$A$148,$A207,$C$5:$C$148,$B207,$E$5:$E$148,"是",$V$5:$V$148,">=0")=3,AVERAGEIFS($V$5:$V$148,$A$5:$A$148,$A207,$C$5:$C$148,$B207,$E$5:$E$148,"是"),"") | U207: =COUNTIFS($A$5:$A$148,$A207,$C$5:$C$148,$B207,$E$5:$E$148,"是")
A208: =Participants!A8 | B208: EgoAnchor | C208: =IF(COUNTIFS($A$5:$A$148,$A208,$C$5:$C$148,$B208,$E$5:$E$148,"是",$F$5:$F$148,">=0")=3,AVERAGEIFS($F$5:$F$148,$A$5:$A$148,$A208,$C$5:$C$148,$B208,$E$5:$E$148,"是"),"") | D208: =IF(COUNTIFS($A$5:$A$148,$A208,$C$5:$C$148,$B208,$E$5:$E$148,"是",$G$5:$G$148,">=0")=3,AVERAGEIFS($G$5:$G$148,$A$5:$A$148,$A208,$C$5:$C$148,$B208,$E$5:$E$148,"是"),"") | E208: =IF(COUNTIFS($A$5:$A$148,$A208,$C$5:$C$148,$B208,$E$5:$E$148,"是",$H$5:$H$148,">=0")=3,AVERAGEIFS($H$5:$H$148,$A$5:$A$148,$A208,$C$5:$C$148,$B208,$E$5:$E$148,"是"),"") | F208: =IF(COUNTIFS($A$5:$A$148,$A208,$C$5:$C$148,$B208,$E$5:$E$148,"是",$I$5:$I$148,">=0")=3,AVERAGEIFS($I$5:$I$148,$A$5:$A$148,$A208,$C$5:$C$148,$B208,$E$5:$E$148,"是"),"") | G208: =IF(COUNTIFS($A$5:$A$148,$A208,$C$5:$C$148,$B208,$E$5:$E$148,"是",$J$5:$J$148,">=0")=3,AVERAGEIFS($J$5:$J$148,$A$5:$A$148,$A208,$C$5:$C$148,$B208,$E$5:$E$148,"是"),"") | H208: =IF(COUNTIFS($A$5:$A$148,$A208,$C$5:$C$148,$B208,$E$5:$E$148,"是",$K$5:$K$148,">=0")=3,AVERAGEIFS($K$5:$K$148,$A$5:$A$148,$A208,$C$5:$C$148,$B208,$E$5:$E$148,"是"),"") | I208: =IF(COUNTIFS($A$5:$A$148,$A208,$C$5:$C$148,$B208,$E$5:$E$148,"是",$L$5:$L$148,">=0")=3,AVERAGEIFS($L$5:$L$148,$A$5:$A$148,$A208,$C$5:$C$148,$B208,$E$5:$E$148,"是"),"") | J208: =IF(COUNTIFS($A$5:$A$148,$A208,$C$5:$C$148,$B208,$E$5:$E$148,"是",$M$5:$M$148,">=0")=3,AVERAGEIFS($M$5:$M$148,$A$5:$A$148,$A208,$C$5:$C$148,$B208,$E$5:$E$148,"是"),"") | K208: =IF(COUNTIFS($A$5:$A$148,$A208,$C$5:$C$148,$B208,$E$5:$E$148,"是",$N$5:$N$148,">=0")=3,AVERAGEIFS($N$5:$N$148,$A$5:$A$148,$A208,$C$5:$C$148,$B208,$E$5:$E$148,"是"),"") | L208: =IF(COUNTIFS($A$152:$A$199,$A208,$B$152:$B$199,$B208,$D$152:$D$199,"是",$R$152:$R$199,">=0")=1,AVERAGEIFS($R$152:$R$199,$A$152:$A$199,$A208,$B$152:$B$199,$B208,$D$152:$D$199,"是"),"") | M208: =IF(COUNTIFS($A$152:$A$199,$A208,$B$152:$B$199,$B208,$D$152:$D$199,"是",$S$152:$S$199,">=0")=1,AVERAGEIFS($S$152:$S$199,$A$152:$A$199,$A208,$B$152:$B$199,$B208,$D$152:$D$199,"是"),"") | N208: =IF(COUNTIFS($A$152:$A$199,$A208,$B$152:$B$199,$B208,$D$152:$D$199,"是",$T$152:$T$199,">=0")=1,AVERAGEIFS($T$152:$T$199,$A$152:$A$199,$A208,$B$152:$B$199,$B208,$D$152:$D$199,"是"),"") | O208: =IF(COUNTIFS($A$5:$A$148,$A208,$C$5:$C$148,$B208,$E$5:$E$148,"是",$O$5:$O$148,">=0")=3,AVERAGEIFS($O$5:$O$148,$A$5:$A$148,$A208,$C$5:$C$148,$B208,$E$5:$E$148,"是"),"") | P208: =IF(COUNTIFS($A$5:$A$148,$A208,$C$5:$C$148,$B208,$E$5:$E$148,"是",$R$5:$R$148,">=0")=3,AVERAGEIFS($R$5:$R$148,$A$5:$A$148,$A208,$C$5:$C$148,$B208,$E$5:$E$148,"是"),"") | Q208: =IF(COUNTIFS($A$5:$A$148,$A208,$C$5:$C$148,$B208,$E$5:$E$148,"是",$S$5:$S$148,">=0")=3,AVERAGEIFS($S$5:$S$148,$A$5:$A$148,$A208,$C$5:$C$148,$B208,$E$5:$E$148,"是"),"") | R208: =IF(COUNTIFS($A$5:$A$148,$A208,$C$5:$C$148,$B208,$E$5:$E$148,"是",$T$5:$T$148,">=0")=3,AVERAGEIFS($T$5:$T$148,$A$5:$A$148,$A208,$C$5:$C$148,$B208,$E$5:$E$148,"是"),"") | S208: =IF(COUNTIFS($A$5:$A$148,$A208,$C$5:$C$148,$B208,$E$5:$E$148,"是",$U$5:$U$148,">=0")=3,AVERAGEIFS($U$5:$U$148,$A$5:$A$148,$A208,$C$5:$C$148,$B208,$E$5:$E$148,"是"),"") | T208: =IF(COUNTIFS($A$5:$A$148,$A208,$C$5:$C$148,$B208,$E$5:$E$148,"是",$V$5:$V$148,">=0")=3,AVERAGEIFS($V$5:$V$148,$A$5:$A$148,$A208,$C$5:$C$148,$B208,$E$5:$E$148,"是"),"") | U208: =COUNTIFS($A$5:$A$148,$A208,$C$5:$C$148,$B208,$E$5:$E$148,"是")
A209: =Participants!A9 | B209: EgoAnchor | C209: =IF(COUNTIFS($A$5:$A$148,$A209,$C$5:$C$148,$B209,$E$5:$E$148,"是",$F$5:$F$148,">=0")=3,AVERAGEIFS($F$5:$F$148,$A$5:$A$148,$A209,$C$5:$C$148,$B209,$E$5:$E$148,"是"),"") | D209: =IF(COUNTIFS($A$5:$A$148,$A209,$C$5:$C$148,$B209,$E$5:$E$148,"是",$G$5:$G$148,">=0")=3,AVERAGEIFS($G$5:$G$148,$A$5:$A$148,$A209,$C$5:$C$148,$B209,$E$5:$E$148,"是"),"") | E209: =IF(COUNTIFS($A$5:$A$148,$A209,$C$5:$C$148,$B209,$E$5:$E$148,"是",$H$5:$H$148,">=0")=3,AVERAGEIFS($H$5:$H$148,$A$5:$A$148,$A209,$C$5:$C$148,$B209,$E$5:$E$148,"是"),"") | F209: =IF(COUNTIFS($A$5:$A$148,$A209,$C$5:$C$148,$B209,$E$5:$E$148,"是",$I$5:$I$148,">=0")=3,AVERAGEIFS($I$5:$I$148,$A$5:$A$148,$A209,$C$5:$C$148,$B209,$E$5:$E$148,"是"),"") | G209: =IF(COUNTIFS($A$5:$A$148,$A209,$C$5:$C$148,$B209,$E$5:$E$148,"是",$J$5:$J$148,">=0")=3,AVERAGEIFS($J$5:$J$148,$A$5:$A$148,$A209,$C$5:$C$148,$B209,$E$5:$E$148,"是"),"") | H209: =IF(COUNTIFS($A$5:$A$148,$A209,$C$5:$C$148,$B209,$E$5:$E$148,"是",$K$5:$K$148,">=0")=3,AVERAGEIFS($K$5:$K$148,$A$5:$A$148,$A209,$C$5:$C$148,$B209,$E$5:$E$148,"是"),"") | I209: =IF(COUNTIFS($A$5:$A$148,$A209,$C$5:$C$148,$B209,$E$5:$E$148,"是",$L$5:$L$148,">=0")=3,AVERAGEIFS($L$5:$L$148,$A$5:$A$148,$A209,$C$5:$C$148,$B209,$E$5:$E$148,"是"),"") | J209: =IF(COUNTIFS($A$5:$A$148,$A209,$C$5:$C$148,$B209,$E$5:$E$148,"是",$M$5:$M$148,">=0")=3,AVERAGEIFS($M$5:$M$148,$A$5:$A$148,$A209,$C$5:$C$148,$B209,$E$5:$E$148,"是"),"") | K209: =IF(COUNTIFS($A$5:$A$148,$A209,$C$5:$C$148,$B209,$E$5:$E$148,"是",$N$5:$N$148,">=0")=3,AVERAGEIFS($N$5:$N$148,$A$5:$A$148,$A209,$C$5:$C$148,$B209,$E$5:$E$148,"是"),"") | L209: =IF(COUNTIFS($A$152:$A$199,$A209,$B$152:$B$199,$B209,$D$152:$D$199,"是",$R$152:$R$199,">=0")=1,AVERAGEIFS($R$152:$R$199,$A$152:$A$199,$A209,$B$152:$B$199,$B209,$D$152:$D$199,"是"),"") | M209: =IF(COUNTIFS($A$152:$A$199,$A209,$B$152:$B$199,$B209,$D$152:$D$199,"是",$S$152:$S$199,">=0")=1,AVERAGEIFS($S$152:$S$199,$A$152:$A$199,$A209,$B$152:$B$199,$B209,$D$152:$D$199,"是"),"") | N209: =IF(COUNTIFS($A$152:$A$199,$A209,$B$152:$B$199,$B209,$D$152:$D$199,"是",$T$152:$T$199,">=0")=1,AVERAGEIFS($T$152:$T$199,$A$152:$A$199,$A209,$B$152:$B$199,$B209,$D$152:$D$199,"是"),"") | O209: =IF(COUNTIFS($A$5:$A$148,$A209,$C$5:$C$148,$B209,$E$5:$E$148,"是",$O$5:$O$148,">=0")=3,AVERAGEIFS($O$5:$O$148,$A$5:$A$148,$A209,$C$5:$C$148,$B209,$E$5:$E$148,"是"),"") | P209: =IF(COUNTIFS($A$5:$A$148,$A209,$C$5:$C$148,$B209,$E$5:$E$148,"是",$R$5:$R$148,">=0")=3,AVERAGEIFS($R$5:$R$148,$A$5:$A$148,$A209,$C$5:$C$148,$B209,$E$5:$E$148,"是"),"") | Q209: =IF(COUNTIFS($A$5:$A$148,$A209,$C$5:$C$148,$B209,$E$5:$E$148,"是",$S$5:$S$148,">=0")=3,AVERAGEIFS($S$5:$S$148,$A$5:$A$148,$A209,$C$5:$C$148,$B209,$E$5:$E$148,"是"),"") | R209: =IF(COUNTIFS($A$5:$A$148,$A209,$C$5:$C$148,$B209,$E$5:$E$148,"是",$T$5:$T$148,">=0")=3,AVERAGEIFS($T$5:$T$148,$A$5:$A$148,$A209,$C$5:$C$148,$B209,$E$5:$E$148,"是"),"") | S209: =IF(COUNTIFS($A$5:$A$148,$A209,$C$5:$C$148,$B209,$E$5:$E$148,"是",$U$5:$U$148,">=0")=3,AVERAGEIFS($U$5:$U$148,$A$5:$A$148,$A209,$C$5:$C$148,$B209,$E$5:$E$148,"是"),"") | T209: =IF(COUNTIFS($A$5:$A$148,$A209,$C$5:$C$148,$B209,$E$5:$E$148,"是",$V$5:$V$148,">=0")=3,AVERAGEIFS($V$5:$V$148,$A$5:$A$148,$A209,$C$5:$C$148,$B209,$E$5:$E$148,"是"),"") | U209: =COUNTIFS($A$5:$A$148,$A209,$C$5:$C$148,$B209,$E$5:$E$148,"是")
A210: =Participants!A10 | B210: EgoAnchor | C210: =IF(COUNTIFS($A$5:$A$148,$A210,$C$5:$C$148,$B210,$E$5:$E$148,"是",$F$5:$F$148,">=0")=3,AVERAGEIFS($F$5:$F$148,$A$5:$A$148,$A210,$C$5:$C$148,$B210,$E$5:$E$148,"是"),"") | D210: =IF(COUNTIFS($A$5:$A$148,$A210,$C$5:$C$148,$B210,$E$5:$E$148,"是",$G$5:$G$148,">=0")=3,AVERAGEIFS($G$5:$G$148,$A$5:$A$148,$A210,$C$5:$C$148,$B210,$E$5:$E$148,"是"),"") | E210: =IF(COUNTIFS($A$5:$A$148,$A210,$C$5:$C$148,$B210,$E$5:$E$148,"是",$H$5:$H$148,">=0")=3,AVERAGEIFS($H$5:$H$148,$A$5:$A$148,$A210,$C$5:$C$148,$B210,$E$5:$E$148,"是"),"") | F210: =IF(COUNTIFS($A$5:$A$148,$A210,$C$5:$C$148,$B210,$E$5:$E$148,"是",$I$5:$I$148,">=0")=3,AVERAGEIFS($I$5:$I$148,$A$5:$A$148,$A210,$C$5:$C$148,$B210,$E$5:$E$148,"是"),"") | G210: =IF(COUNTIFS($A$5:$A$148,$A210,$C$5:$C$148,$B210,$E$5:$E$148,"是",$J$5:$J$148,">=0")=3,AVERAGEIFS($J$5:$J$148,$A$5:$A$148,$A210,$C$5:$C$148,$B210,$E$5:$E$148,"是"),"") | H210: =IF(COUNTIFS($A$5:$A$148,$A210,$C$5:$C$148,$B210,$E$5:$E$148,"是",$K$5:$K$148,">=0")=3,AVERAGEIFS($K$5:$K$148,$A$5:$A$148,$A210,$C$5:$C$148,$B210,$E$5:$E$148,"是"),"") | I210: =IF(COUNTIFS($A$5:$A$148,$A210,$C$5:$C$148,$B210,$E$5:$E$148,"是",$L$5:$L$148,">=0")=3,AVERAGEIFS($L$5:$L$148,$A$5:$A$148,$A210,$C$5:$C$148,$B210,$E$5:$E$148,"是"),"") | J210: =IF(COUNTIFS($A$5:$A$148,$A210,$C$5:$C$148,$B210,$E$5:$E$148,"是",$M$5:$M$148,">=0")=3,AVERAGEIFS($M$5:$M$148,$A$5:$A$148,$A210,$C$5:$C$148,$B210,$E$5:$E$148,"是"),"") | K210: =IF(COUNTIFS($A$5:$A$148,$A210,$C$5:$C$148,$B210,$E$5:$E$148,"是",$N$5:$N$148,">=0")=3,AVERAGEIFS($N$5:$N$148,$A$5:$A$148,$A210,$C$5:$C$148,$B210,$E$5:$E$148,"是"),"") | L210: =IF(COUNTIFS($A$152:$A$199,$A210,$B$152:$B$199,$B210,$D$152:$D$199,"是",$R$152:$R$199,">=0")=1,AVERAGEIFS($R$152:$R$199,$A$152:$A$199,$A210,$B$152:$B$199,$B210,$D$152:$D$199,"是"),"") | M210: =IF(COUNTIFS($A$152:$A$199,$A210,$B$152:$B$199,$B210,$D$152:$D$199,"是",$S$152:$S$199,">=0")=1,AVERAGEIFS($S$152:$S$199,$A$152:$A$199,$A210,$B$152:$B$199,$B210,$D$152:$D$199,"是"),"") | N210: =IF(COUNTIFS($A$152:$A$199,$A210,$B$152:$B$199,$B210,$D$152:$D$199,"是",$T$152:$T$199,">=0")=1,AVERAGEIFS($T$152:$T$199,$A$152:$A$199,$A210,$B$152:$B$199,$B210,$D$152:$D$199,"是"),"") | O210: =IF(COUNTIFS($A$5:$A$148,$A210,$C$5:$C$148,$B210,$E$5:$E$148,"是",$O$5:$O$148,">=0")=3,AVERAGEIFS($O$5:$O$148,$A$5:$A$148,$A210,$C$5:$C$148,$B210,$E$5:$E$148,"是"),"") | P210: =IF(COUNTIFS($A$5:$A$148,$A210,$C$5:$C$148,$B210,$E$5:$E$148,"是",$R$5:$R$148,">=0")=3,AVERAGEIFS($R$5:$R$148,$A$5:$A$148,$A210,$C$5:$C$148,$B210,$E$5:$E$148,"是"),"") | Q210: =IF(COUNTIFS($A$5:$A$148,$A210,$C$5:$C$148,$B210,$E$5:$E$148,"是",$S$5:$S$148,">=0")=3,AVERAGEIFS($S$5:$S$148,$A$5:$A$148,$A210,$C$5:$C$148,$B210,$E$5:$E$148,"是"),"") | R210: =IF(COUNTIFS($A$5:$A$148,$A210,$C$5:$C$148,$B210,$E$5:$E$148,"是",$T$5:$T$148,">=0")=3,AVERAGEIFS($T$5:$T$148,$A$5:$A$148,$A210,$C$5:$C$148,$B210,$E$5:$E$148,"是"),"") | S210: =IF(COUNTIFS($A$5:$A$148,$A210,$C$5:$C$148,$B210,$E$5:$E$148,"是",$U$5:$U$148,">=0")=3,AVERAGEIFS($U$5:$U$148,$A$5:$A$148,$A210,$C$5:$C$148,$B210,$E$5:$E$148,"是"),"") | T210: =IF(COUNTIFS($A$5:$A$148,$A210,$C$5:$C$148,$B210,$E$5:$E$148,"是",$V$5:$V$148,">=0")=3,AVERAGEIFS($V$5:$V$148,$A$5:$A$148,$A210,$C$5:$C$148,$B210,$E$5:$E$148,"是"),"") | U210: =COUNTIFS($A$5:$A$148,$A210,$C$5:$C$148,$B210,$E$5:$E$148,"是")
A211: =Participants!A11 | B211: EgoAnchor | C211: =IF(COUNTIFS($A$5:$A$148,$A211,$C$5:$C$148,$B211,$E$5:$E$148,"是",$F$5:$F$148,">=0")=3,AVERAGEIFS($F$5:$F$148,$A$5:$A$148,$A211,$C$5:$C$148,$B211,$E$5:$E$148,"是"),"") | D211: =IF(COUNTIFS($A$5:$A$148,$A211,$C$5:$C$148,$B211,$E$5:$E$148,"是",$G$5:$G$148,">=0")=3,AVERAGEIFS($G$5:$G$148,$A$5:$A$148,$A211,$C$5:$C$148,$B211,$E$5:$E$148,"是"),"") | E211: =IF(COUNTIFS($A$5:$A$148,$A211,$C$5:$C$148,$B211,$E$5:$E$148,"是",$H$5:$H$148,">=0")=3,AVERAGEIFS($H$5:$H$148,$A$5:$A$148,$A211,$C$5:$C$148,$B211,$E$5:$E$148,"是"),"") | F211: =IF(COUNTIFS($A$5:$A$148,$A211,$C$5:$C$148,$B211,$E$5:$E$148,"是",$I$5:$I$148,">=0")=3,AVERAGEIFS($I$5:$I$148,$A$5:$A$148,$A211,$C$5:$C$148,$B211,$E$5:$E$148,"是"),"") | G211: =IF(COUNTIFS($A$5:$A$148,$A211,$C$5:$C$148,$B211,$E$5:$E$148,"是",$J$5:$J$148,">=0")=3,AVERAGEIFS($J$5:$J$148,$A$5:$A$148,$A211,$C$5:$C$148,$B211,$E$5:$E$148,"是"),"") | H211: =IF(COUNTIFS($A$5:$A$148,$A211,$C$5:$C$148,$B211,$E$5:$E$148,"是",$K$5:$K$148,">=0")=3,AVERAGEIFS($K$5:$K$148,$A$5:$A$148,$A211,$C$5:$C$148,$B211,$E$5:$E$148,"是"),"") | I211: =IF(COUNTIFS($A$5:$A$148,$A211,$C$5:$C$148,$B211,$E$5:$E$148,"是",$L$5:$L$148,">=0")=3,AVERAGEIFS($L$5:$L$148,$A$5:$A$148,$A211,$C$5:$C$148,$B211,$E$5:$E$148,"是"),"") | J211: =IF(COUNTIFS($A$5:$A$148,$A211,$C$5:$C$148,$B211,$E$5:$E$148,"是",$M$5:$M$148,">=0")=3,AVERAGEIFS($M$5:$M$148,$A$5:$A$148,$A211,$C$5:$C$148,$B211,$E$5:$E$148,"是"),"") | K211: =IF(COUNTIFS($A$5:$A$148,$A211,$C$5:$C$148,$B211,$E$5:$E$148,"是",$N$5:$N$148,">=0")=3,AVERAGEIFS($N$5:$N$148,$A$5:$A$148,$A211,$C$5:$C$148,$B211,$E$5:$E$148,"是"),"") | L211: =IF(COUNTIFS($A$152:$A$199,$A211,$B$152:$B$199,$B211,$D$152:$D$199,"是",$R$152:$R$199,">=0")=1,AVERAGEIFS($R$152:$R$199,$A$152:$A$199,$A211,$B$152:$B$199,$B211,$D$152:$D$199,"是"),"") | M211: =IF(COUNTIFS($A$152:$A$199,$A211,$B$152:$B$199,$B211,$D$152:$D$199,"是",$S$152:$S$199,">=0")=1,AVERAGEIFS($S$152:$S$199,$A$152:$A$199,$A211,$B$152:$B$199,$B211,$D$152:$D$199,"是"),"") | N211: =IF(COUNTIFS($A$152:$A$199,$A211,$B$152:$B$199,$B211,$D$152:$D$199,"是",$T$152:$T$199,">=0")=1,AVERAGEIFS($T$152:$T$199,$A$152:$A$199,$A211,$B$152:$B$199,$B211,$D$152:$D$199,"是"),"") | O211: =IF(COUNTIFS($A$5:$A$148,$A211,$C$5:$C$148,$B211,$E$5:$E$148,"是",$O$5:$O$148,">=0")=3,AVERAGEIFS($O$5:$O$148,$A$5:$A$148,$A211,$C$5:$C$148,$B211,$E$5:$E$148,"是"),"") | P211: =IF(COUNTIFS($A$5:$A$148,$A211,$C$5:$C$148,$B211,$E$5:$E$148,"是",$R$5:$R$148,">=0")=3,AVERAGEIFS($R$5:$R$148,$A$5:$A$148,$A211,$C$5:$C$148,$B211,$E$5:$E$148,"是"),"") | Q211: =IF(COUNTIFS($A$5:$A$148,$A211,$C$5:$C$148,$B211,$E$5:$E$148,"是",$S$5:$S$148,">=0")=3,AVERAGEIFS($S$5:$S$148,$A$5:$A$148,$A211,$C$5:$C$148,$B211,$E$5:$E$148,"是"),"") | R211: =IF(COUNTIFS($A$5:$A$148,$A211,$C$5:$C$148,$B211,$E$5:$E$148,"是",$T$5:$T$148,">=0")=3,AVERAGEIFS($T$5:$T$148,$A$5:$A$148,$A211,$C$5:$C$148,$B211,$E$5:$E$148,"是"),"") | S211: =IF(COUNTIFS($A$5:$A$148,$A211,$C$5:$C$148,$B211,$E$5:$E$148,"是",$U$5:$U$148,">=0")=3,AVERAGEIFS($U$5:$U$148,$A$5:$A$148,$A211,$C$5:$C$148,$B211,$E$5:$E$148,"是"),"") | T211: =IF(COUNTIFS($A$5:$A$148,$A211,$C$5:$C$148,$B211,$E$5:$E$148,"是",$V$5:$V$148,">=0")=3,AVERAGEIFS($V$5:$V$148,$A$5:$A$148,$A211,$C$5:$C$148,$B211,$E$5:$E$148,"是"),"") | U211: =COUNTIFS($A$5:$A$148,$A211,$C$5:$C$148,$B211,$E$5:$E$148,"是")
A212: =Participants!A12 | B212: EgoAnchor | C212: =IF(COUNTIFS($A$5:$A$148,$A212,$C$5:$C$148,$B212,$E$5:$E$148,"是",$F$5:$F$148,">=0")=3,AVERAGEIFS($F$5:$F$148,$A$5:$A$148,$A212,$C$5:$C$148,$B212,$E$5:$E$148,"是"),"") | D212: =IF(COUNTIFS($A$5:$A$148,$A212,$C$5:$C$148,$B212,$E$5:$E$148,"是",$G$5:$G$148,">=0")=3,AVERAGEIFS($G$5:$G$148,$A$5:$A$148,$A212,$C$5:$C$148,$B212,$E$5:$E$148,"是"),"") | E212: =IF(COUNTIFS($A$5:$A$148,$A212,$C$5:$C$148,$B212,$E$5:$E$148,"是",$H$5:$H$148,">=0")=3,AVERAGEIFS($H$5:$H$148,$A$5:$A$148,$A212,$C$5:$C$148,$B212,$E$5:$E$148,"是"),"") | F212: =IF(COUNTIFS($A$5:$A$148,$A212,$C$5:$C$148,$B212,$E$5:$E$148,"是",$I$5:$I$148,">=0")=3,AVERAGEIFS($I$5:$I$148,$A$5:$A$148,$A212,$C$5:$C$148,$B212,$E$5:$E$148,"是"),"") | G212: =IF(COUNTIFS($A$5:$A$148,$A212,$C$5:$C$148,$B212,$E$5:$E$148,"是",$J$5:$J$148,">=0")=3,AVERAGEIFS($J$5:$J$148,$A$5:$A$148,$A212,$C$5:$C$148,$B212,$E$5:$E$148,"是"),"") | H212: =IF(COUNTIFS($A$5:$A$148,$A212,$C$5:$C$148,$B212,$E$5:$E$148,"是",$K$5:$K$148,">=0")=3,AVERAGEIFS($K$5:$K$148,$A$5:$A$148,$A212,$C$5:$C$148,$B212,$E$5:$E$148,"是"),"") | I212: =IF(COUNTIFS($A$5:$A$148,$A212,$C$5:$C$148,$B212,$E$5:$E$148,"是",$L$5:$L$148,">=0")=3,AVERAGEIFS($L$5:$L$148,$A$5:$A$148,$A212,$C$5:$C$148,$B212,$E$5:$E$148,"是"),"") | J212: =IF(COUNTIFS($A$5:$A$148,$A212,$C$5:$C$148,$B212,$E$5:$E$148,"是",$M$5:$M$148,">=0")=3,AVERAGEIFS($M$5:$M$148,$A$5:$A$148,$A212,$C$5:$C$148,$B212,$E$5:$E$148,"是"),"") | K212: =IF(COUNTIFS($A$5:$A$148,$A212,$C$5:$C$148,$B212,$E$5:$E$148,"是",$N$5:$N$148,">=0")=3,AVERAGEIFS($N$5:$N$148,$A$5:$A$148,$A212,$C$5:$C$148,$B212,$E$5:$E$148,"是"),"") | L212: =IF(COUNTIFS($A$152:$A$199,$A212,$B$152:$B$199,$B212,$D$152:$D$199,"是",$R$152:$R$199,">=0")=1,AVERAGEIFS($R$152:$R$199,$A$152:$A$199,$A212,$B$152:$B$199,$B212,$D$152:$D$199,"是"),"") | M212: =IF(COUNTIFS($A$152:$A$199,$A212,$B$152:$B$199,$B212,$D$152:$D$199,"是",$S$152:$S$199,">=0")=1,AVERAGEIFS($S$152:$S$199,$A$152:$A$199,$A212,$B$152:$B$199,$B212,$D$152:$D$199,"是"),"") | N212: =IF(COUNTIFS($A$152:$A$199,$A212,$B$152:$B$199,$B212,$D$152:$D$199,"是",$T$152:$T$199,">=0")=1,AVERAGEIFS($T$152:$T$199,$A$152:$A$199,$A212,$B$152:$B$199,$B212,$D$152:$D$199,"是"),"") | O212: =IF(COUNTIFS($A$5:$A$148,$A212,$C$5:$C$148,$B212,$E$5:$E$148,"是",$O$5:$O$148,">=0")=3,AVERAGEIFS($O$5:$O$148,$A$5:$A$148,$A212,$C$5:$C$148,$B212,$E$5:$E$148,"是"),"") | P212: =IF(COUNTIFS($A$5:$A$148,$A212,$C$5:$C$148,$B212,$E$5:$E$148,"是",$R$5:$R$148,">=0")=3,AVERAGEIFS($R$5:$R$148,$A$5:$A$148,$A212,$C$5:$C$148,$B212,$E$5:$E$148,"是"),"") | Q212: =IF(COUNTIFS($A$5:$A$148,$A212,$C$5:$C$148,$B212,$E$5:$E$148,"是",$S$5:$S$148,">=0")=3,AVERAGEIFS($S$5:$S$148,$A$5:$A$148,$A212,$C$5:$C$148,$B212,$E$5:$E$148,"是"),"") | R212: =IF(COUNTIFS($A$5:$A$148,$A212,$C$5:$C$148,$B212,$E$5:$E$148,"是",$T$5:$T$148,">=0")=3,AVERAGEIFS($T$5:$T$148,$A$5:$A$148,$A212,$C$5:$C$148,$B212,$E$5:$E$148,"是"),"") | S212: =IF(COUNTIFS($A$5:$A$148,$A212,$C$5:$C$148,$B212,$E$5:$E$148,"是",$U$5:$U$148,">=0")=3,AVERAGEIFS($U$5:$U$148,$A$5:$A$148,$A212,$C$5:$C$148,$B212,$E$5:$E$148,"是"),"") | T212: =IF(COUNTIFS($A$5:$A$148,$A212,$C$5:$C$148,$B212,$E$5:$E$148,"是",$V$5:$V$148,">=0")=3,AVERAGEIFS($V$5:$V$148,$A$5:$A$148,$A212,$C$5:$C$148,$B212,$E$5:$E$148,"是"),"") | U212: =COUNTIFS($A$5:$A$148,$A212,$C$5:$C$148,$B212,$E$5:$E$148,"是")
A213: =Participants!A13 | B213: EgoAnchor | C213: =IF(COUNTIFS($A$5:$A$148,$A213,$C$5:$C$148,$B213,$E$5:$E$148,"是",$F$5:$F$148,">=0")=3,AVERAGEIFS($F$5:$F$148,$A$5:$A$148,$A213,$C$5:$C$148,$B213,$E$5:$E$148,"是"),"") | D213: =IF(COUNTIFS($A$5:$A$148,$A213,$C$5:$C$148,$B213,$E$5:$E$148,"是",$G$5:$G$148,">=0")=3,AVERAGEIFS($G$5:$G$148,$A$5:$A$148,$A213,$C$5:$C$148,$B213,$E$5:$E$148,"是"),"") | E213: =IF(COUNTIFS($A$5:$A$148,$A213,$C$5:$C$148,$B213,$E$5:$E$148,"是",$H$5:$H$148,">=0")=3,AVERAGEIFS($H$5:$H$148,$A$5:$A$148,$A213,$C$5:$C$148,$B213,$E$5:$E$148,"是"),"") | F213: =IF(COUNTIFS($A$5:$A$148,$A213,$C$5:$C$148,$B213,$E$5:$E$148,"是",$I$5:$I$148,">=0")=3,AVERAGEIFS($I$5:$I$148,$A$5:$A$148,$A213,$C$5:$C$148,$B213,$E$5:$E$148,"是"),"") | G213: =IF(COUNTIFS($A$5:$A$148,$A213,$C$5:$C$148,$B213,$E$5:$E$148,"是",$J$5:$J$148,">=0")=3,AVERAGEIFS($J$5:$J$148,$A$5:$A$148,$A213,$C$5:$C$148,$B213,$E$5:$E$148,"是"),"") | H213: =IF(COUNTIFS($A$5:$A$148,$A213,$C$5:$C$148,$B213,$E$5:$E$148,"是",$K$5:$K$148,">=0")=3,AVERAGEIFS($K$5:$K$148,$A$5:$A$148,$A213,$C$5:$C$148,$B213,$E$5:$E$148,"是"),"") | I213: =IF(COUNTIFS($A$5:$A$148,$A213,$C$5:$C$148,$B213,$E$5:$E$148,"是",$L$5:$L$148,">=0")=3,AVERAGEIFS($L$5:$L$148,$A$5:$A$148,$A213,$C$5:$C$148,$B213,$E$5:$E$148,"是"),"") | J213: =IF(COUNTIFS($A$5:$A$148,$A213,$C$5:$C$148,$B213,$E$5:$E$148,"是",$M$5:$M$148,">=0")=3,AVERAGEIFS($M$5:$M$148,$A$5:$A$148,$A213,$C$5:$C$148,$B213,$E$5:$E$148,"是"),"") | K213: =IF(COUNTIFS($A$5:$A$148,$A213,$C$5:$C$148,$B213,$E$5:$E$148,"是",$N$5:$N$148,">=0")=3,AVERAGEIFS($N$5:$N$148,$A$5:$A$148,$A213,$C$5:$C$148,$B213,$E$5:$E$148,"是"),"") | L213: =IF(COUNTIFS($A$152:$A$199,$A213,$B$152:$B$199,$B213,$D$152:$D$199,"是",$R$152:$R$199,">=0")=1,AVERAGEIFS($R$152:$R$199,$A$152:$A$199,$A213,$B$152:$B$199,$B213,$D$152:$D$199,"是"),"") | M213: =IF(COUNTIFS($A$152:$A$199,$A213,$B$152:$B$199,$B213,$D$152:$D$199,"是",$S$152:$S$199,">=0")=1,AVERAGEIFS($S$152:$S$199,$A$152:$A$199,$A213,$B$152:$B$199,$B213,$D$152:$D$199,"是"),"") | N213: =IF(COUNTIFS($A$152:$A$199,$A213,$B$152:$B$199,$B213,$D$152:$D$199,"是",$T$152:$T$199,">=0")=1,AVERAGEIFS($T$152:$T$199,$A$152:$A$199,$A213,$B$152:$B$199,$B213,$D$152:$D$199,"是"),"") | O213: =IF(COUNTIFS($A$5:$A$148,$A213,$C$5:$C$148,$B213,$E$5:$E$148,"是",$O$5:$O$148,">=0")=3,AVERAGEIFS($O$5:$O$148,$A$5:$A$148,$A213,$C$5:$C$148,$B213,$E$5:$E$148,"是"),"") | P213: =IF(COUNTIFS($A$5:$A$148,$A213,$C$5:$C$148,$B213,$E$5:$E$148,"是",$R$5:$R$148,">=0")=3,AVERAGEIFS($R$5:$R$148,$A$5:$A$148,$A213,$C$5:$C$148,$B213,$E$5:$E$148,"是"),"") | Q213: =IF(COUNTIFS($A$5:$A$148,$A213,$C$5:$C$148,$B213,$E$5:$E$148,"是",$S$5:$S$148,">=0")=3,AVERAGEIFS($S$5:$S$148,$A$5:$A$148,$A213,$C$5:$C$148,$B213,$E$5:$E$148,"是"),"") | R213: =IF(COUNTIFS($A$5:$A$148,$A213,$C$5:$C$148,$B213,$E$5:$E$148,"是",$T$5:$T$148,">=0")=3,AVERAGEIFS($T$5:$T$148,$A$5:$A$148,$A213,$C$5:$C$148,$B213,$E$5:$E$148,"是"),"") | S213: =IF(COUNTIFS($A$5:$A$148,$A213,$C$5:$C$148,$B213,$E$5:$E$148,"是",$U$5:$U$148,">=0")=3,AVERAGEIFS($U$5:$U$148,$A$5:$A$148,$A213,$C$5:$C$148,$B213,$E$5:$E$148,"是"),"") | T213: =IF(COUNTIFS($A$5:$A$148,$A213,$C$5:$C$148,$B213,$E$5:$E$148,"是",$V$5:$V$148,">=0")=3,AVERAGEIFS($V$5:$V$148,$A$5:$A$148,$A213,$C$5:$C$148,$B213,$E$5:$E$148,"是"),"") | U213: =COUNTIFS($A$5:$A$148,$A213,$C$5:$C$148,$B213,$E$5:$E$148,"是")
A214: =Participants!A14 | B214: EgoAnchor | C214: =IF(COUNTIFS($A$5:$A$148,$A214,$C$5:$C$148,$B214,$E$5:$E$148,"是",$F$5:$F$148,">=0")=3,AVERAGEIFS($F$5:$F$148,$A$5:$A$148,$A214,$C$5:$C$148,$B214,$E$5:$E$148,"是"),"") | D214: =IF(COUNTIFS($A$5:$A$148,$A214,$C$5:$C$148,$B214,$E$5:$E$148,"是",$G$5:$G$148,">=0")=3,AVERAGEIFS($G$5:$G$148,$A$5:$A$148,$A214,$C$5:$C$148,$B214,$E$5:$E$148,"是"),"") | E214: =IF(COUNTIFS($A$5:$A$148,$A214,$C$5:$C$148,$B214,$E$5:$E$148,"是",$H$5:$H$148,">=0")=3,AVERAGEIFS($H$5:$H$148,$A$5:$A$148,$A214,$C$5:$C$148,$B214,$E$5:$E$148,"是"),"") | F214: =IF(COUNTIFS($A$5:$A$148,$A214,$C$5:$C$148,$B214,$E$5:$E$148,"是",$I$5:$I$148,">=0")=3,AVERAGEIFS($I$5:$I$148,$A$5:$A$148,$A214,$C$5:$C$148,$B214,$E$5:$E$148,"是"),"") | G214: =IF(COUNTIFS($A$5:$A$148,$A214,$C$5:$C$148,$B214,$E$5:$E$148,"是",$J$5:$J$148,">=0")=3,AVERAGEIFS($J$5:$J$148,$A$5:$A$148,$A214,$C$5:$C$148,$B214,$E$5:$E$148,"是"),"") | H214: =IF(COUNTIFS($A$5:$A$148,$A214,$C$5:$C$148,$B214,$E$5:$E$148,"是",$K$5:$K$148,">=0")=3,AVERAGEIFS($K$5:$K$148,$A$5:$A$148,$A214,$C$5:$C$148,$B214,$E$5:$E$148,"是"),"") | I214: =IF(COUNTIFS($A$5:$A$148,$A214,$C$5:$C$148,$B214,$E$5:$E$148,"是",$L$5:$L$148,">=0")=3,AVERAGEIFS($L$5:$L$148,$A$5:$A$148,$A214,$C$5:$C$148,$B214,$E$5:$E$148,"是"),"") | J214: =IF(COUNTIFS($A$5:$A$148,$A214,$C$5:$C$148,$B214,$E$5:$E$148,"是",$M$5:$M$148,">=0")=3,AVERAGEIFS($M$5:$M$148,$A$5:$A$148,$A214,$C$5:$C$148,$B214,$E$5:$E$148,"是"),"") | K214: =IF(COUNTIFS($A$5:$A$148,$A214,$C$5:$C$148,$B214,$E$5:$E$148,"是",$N$5:$N$148,">=0")=3,AVERAGEIFS($N$5:$N$148,$A$5:$A$148,$A214,$C$5:$C$148,$B214,$E$5:$E$148,"是"),"") | L214: =IF(COUNTIFS($A$152:$A$199,$A214,$B$152:$B$199,$B214,$D$152:$D$199,"是",$R$152:$R$199,">=0")=1,AVERAGEIFS($R$152:$R$199,$A$152:$A$199,$A214,$B$152:$B$199,$B214,$D$152:$D$199,"是"),"") | M214: =IF(COUNTIFS($A$152:$A$199,$A214,$B$152:$B$199,$B214,$D$152:$D$199,"是",$S$152:$S$199,">=0")=1,AVERAGEIFS($S$152:$S$199,$A$152:$A$199,$A214,$B$152:$B$199,$B214,$D$152:$D$199,"是"),"") | N214: =IF(COUNTIFS($A$152:$A$199,$A214,$B$152:$B$199,$B214,$D$152:$D$199,"是",$T$152:$T$199,">=0")=1,AVERAGEIFS($T$152:$T$199,$A$152:$A$199,$A214,$B$152:$B$199,$B214,$D$152:$D$199,"是"),"") | O214: =IF(COUNTIFS($A$5:$A$148,$A214,$C$5:$C$148,$B214,$E$5:$E$148,"是",$O$5:$O$148,">=0")=3,AVERAGEIFS($O$5:$O$148,$A$5:$A$148,$A214,$C$5:$C$148,$B214,$E$5:$E$148,"是"),"") | P214: =IF(COUNTIFS($A$5:$A$148,$A214,$C$5:$C$148,$B214,$E$5:$E$148,"是",$R$5:$R$148,">=0")=3,AVERAGEIFS($R$5:$R$148,$A$5:$A$148,$A214,$C$5:$C$148,$B214,$E$5:$E$148,"是"),"") | Q214: =IF(COUNTIFS($A$5:$A$148,$A214,$C$5:$C$148,$B214,$E$5:$E$148,"是",$S$5:$S$148,">=0")=3,AVERAGEIFS($S$5:$S$148,$A$5:$A$148,$A214,$C$5:$C$148,$B214,$E$5:$E$148,"是"),"") | R214: =IF(COUNTIFS($A$5:$A$148,$A214,$C$5:$C$148,$B214,$E$5:$E$148,"是",$T$5:$T$148,">=0")=3,AVERAGEIFS($T$5:$T$148,$A$5:$A$148,$A214,$C$5:$C$148,$B214,$E$5:$E$148,"是"),"") | S214: =IF(COUNTIFS($A$5:$A$148,$A214,$C$5:$C$148,$B214,$E$5:$E$148,"是",$U$5:$U$148,">=0")=3,AVERAGEIFS($U$5:$U$148,$A$5:$A$148,$A214,$C$5:$C$148,$B214,$E$5:$E$148,"是"),"") | T214: =IF(COUNTIFS($A$5:$A$148,$A214,$C$5:$C$148,$B214,$E$5:$E$148,"是",$V$5:$V$148,">=0")=3,AVERAGEIFS($V$5:$V$148,$A$5:$A$148,$A214,$C$5:$C$148,$B214,$E$5:$E$148,"是"),"") | U214: =COUNTIFS($A$5:$A$148,$A214,$C$5:$C$148,$B214,$E$5:$E$148,"是")
... A226: =Participants!A26 | B226: EgoAnchor | C226: =IF(COUNTIFS($A$5:$A$148,$A226,$C$5:$C$148,$B226,$E$5:$E$148,"是",$F$5:$F$148,">=0")=3,AVERAGEIFS($F$5:$F$148,$A$5:$A$148,$A226,$C$5:$C$148,$B226,$E$5:$E$148,"是"),"") | D226: =IF(COUNTIFS($A$5:$A$148,$A226,$C$5:$C$148,$B226,$E$5:$E$148,"是",$G$5:$G$148,">=0")=3,AVERAGEIFS($G$5:$G$148,$A$5:$A$148,$A226,$C$5:$C$148,$B226,$E$5:$E$148,"是"),"") | E226: =IF(COUNTIFS($A$5:$A$148,$A226,$C$5:$C$148,$B226,$E$5:$E$148,"是",$H$5:$H$148,">=0")=3,AVERAGEIFS($H$5:$H$148,$A$5:$A$148,$A226,$C$5:$C$148,$B226,$E$5:$E$148,"是"),"") | F226: =IF(COUNTIFS($A$5:$A$148,$A226,$C$5:$C$148,$B226,$E$5:$E$148,"是",$I$5:$I$148,">=0")=3,AVERAGEIFS($I$5:$I$148,$A$5:$A$148,$A226,$C$5:$C$148,$B226,$E$5:$E$148,"是"),"") | G226: =IF(COUNTIFS($A$5:$A$148,$A226,$C$5:$C$148,$B226,$E$5:$E$148,"是",$J$5:$J$148,">=0")=3,AVERAGEIFS($J$5:$J$148,$A$5:$A$148,$A226,$C$5:$C$148,$B226,$E$5:$E$148,"是"),"") | H226: =IF(COUNTIFS($A$5:$A$148,$A226,$C$5:$C$148,$B226,$E$5:$E$148,"是",$K$5:$K$148,">=0")=3,AVERAGEIFS($K$5:$K$148,$A$5:$A$148,$A226,$C$5:$C$148,$B226,$E$5:$E$148,"是"),"") | I226: =IF(COUNTIFS($A$5:$A$148,$A226,$C$5:$C$148,$B226,$E$5:$E$148,"是",$L$5:$L$148,">=0")=3,AVERAGEIFS($L$5:$L$148,$A$5:$A$148,$A226,$C$5:$C$148,$B226,$E$5:$E$148,"是"),"") | J226: =IF(COUNTIFS($A$5:$A$148,$A226,$C$5:$C$148,$B226,$E$5:$E$148,"是",$M$5:$M$148,">=0")=3,AVERAGEIFS($M$5:$M$148,$A$5:$A$148,$A226,$C$5:$C$148,$B226,$E$5:$E$148,"是"),"") | K226: =IF(COUNTIFS($A$5:$A$148,$A226,$C$5:$C$148,$B226,$E$5:$E$148,"是",$N$5:$N$148,">=0")=3,AVERAGEIFS($N$5:$N$148,$A$5:$A$148,$A226,$C$5:$C$148,$B226,$E$5:$E$148,"是"),"") | L226: =IF(COUNTIFS($A$152:$A$199,$A226,$B$152:$B$199,$B226,$D$152:$D$199,"是",$R$152:$R$199,">=0")=1,AVERAGEIFS($R$152:$R$199,$A$152:$A$199,$A226,$B$152:$B$199,$B226,$D$152:$D$199,"是"),"") | M226: =IF(COUNTIFS($A$152:$A$199,$A226,$B$152:$B$199,$B226,$D$152:$D$199,"是",$S$152:$S$199,">=0")=1,AVERAGEIFS($S$152:$S$199,$A$152:$A$199,$A226,$B$152:$B$199,$B226,$D$152:$D$199,"是"),"") | N226: =IF(COUNTIFS($A$152:$A$199,$A226,$B$152:$B$199,$B226,$D$152:$D$199,"是",$T$152:$T$199,">=0")=1,AVERAGEIFS($T$152:$T$199,$A$152:$A$199,$A226,$B$152:$B$199,$B226,$D$152:$D$199,"是"),"") | O226: =IF(COUNTIFS($A$5:$A$148,$A226,$C$5:$C$148,$B226,$E$5:$E$148,"是",$O$5:$O$148,">=0")=3,AVERAGEIFS($O$5:$O$148,$A$5:$A$148,$A226,$C$5:$C$148,$B226,$E$5:$E$148,"是"),"") | P226: =IF(COUNTIFS($A$5:$A$148,$A226,$C$5:$C$148,$B226,$E$5:$E$148,"是",$R$5:$R$148,">=0")=3,AVERAGEIFS($R$5:$R$148,$A$5:$A$148,$A226,$C$5:$C$148,$B226,$E$5:$E$148,"是"),"") | Q226: =IF(COUNTIFS($A$5:$A$148,$A226,$C$5:$C$148,$B226,$E$5:$E$148,"是",$S$5:$S$148,">=0")=3,AVERAGEIFS($S$5:$S$148,$A$5:$A$148,$A226,$C$5:$C$148,$B226,$E$5:$E$148,"是"),"") | R226: =IF(COUNTIFS($A$5:$A$148,$A226,$C$5:$C$148,$B226,$E$5:$E$148,"是",$T$5:$T$148,">=0")=3,AVERAGEIFS($T$5:$T$148,$A$5:$A$148,$A226,$C$5:$C$148,$B226,$E$5:$E$148,"是"),"") | S226: =IF(COUNTIFS($A$5:$A$148,$A226,$C$5:$C$148,$B226,$E$5:$E$148,"是",$U$5:$U$148,">=0")=3,AVERAGEIFS($U$5:$U$148,$A$5:$A$148,$A226,$C$5:$C$148,$B226,$E$5:$E$148,"是"),"") | T226: =IF(COUNTIFS($A$5:$A$148,$A226,$C$5:$C$148,$B226,$E$5:$E$148,"是",$V$5:$V$148,">=0")=3,AVERAGEIFS($V$5:$V$148,$A$5:$A$148,$A226,$C$5:$C$148,$B226,$E$5:$E$148,"是"),"") | U226: =COUNTIFS($A$5:$A$148,$A226,$C$5:$C$148,$B226,$E$5:$E$148,"是")
A227: =Participants!A3 | B227: One-Euro | C227: =IF(COUNTIFS($A$5:$A$148,$A227,$C$5:$C$148,$B227,$E$5:$E$148,"是",$F$5:$F$148,">=0")=3,AVERAGEIFS($F$5:$F$148,$A$5:$A$148,$A227,$C$5:$C$148,$B227,$E$5:$E$148,"是"),"") | D227: =IF(COUNTIFS($A$5:$A$148,$A227,$C$5:$C$148,$B227,$E$5:$E$148,"是",$G$5:$G$148,">=0")=3,AVERAGEIFS($G$5:$G$148,$A$5:$A$148,$A227,$C$5:$C$148,$B227,$E$5:$E$148,"是"),"") | E227: =IF(COUNTIFS($A$5:$A$148,$A227,$C$5:$C$148,$B227,$E$5:$E$148,"是",$H$5:$H$148,">=0")=3,AVERAGEIFS($H$5:$H$148,$A$5:$A$148,$A227,$C$5:$C$148,$B227,$E$5:$E$148,"是"),"") | F227: =IF(COUNTIFS($A$5:$A$148,$A227,$C$5:$C$148,$B227,$E$5:$E$148,"是",$I$5:$I$148,">=0")=3,AVERAGEIFS($I$5:$I$148,$A$5:$A$148,$A227,$C$5:$C$148,$B227,$E$5:$E$148,"是"),"") | G227: =IF(COUNTIFS($A$5:$A$148,$A227,$C$5:$C$148,$B227,$E$5:$E$148,"是",$J$5:$J$148,">=0")=3,AVERAGEIFS($J$5:$J$148,$A$5:$A$148,$A227,$C$5:$C$148,$B227,$E$5:$E$148,"是"),"") | H227: =IF(COUNTIFS($A$5:$A$148,$A227,$C$5:$C$148,$B227,$E$5:$E$148,"是",$K$5:$K$148,">=0")=3,AVERAGEIFS($K$5:$K$148,$A$5:$A$148,$A227,$C$5:$C$148,$B227,$E$5:$E$148,"是"),"") | I227: =IF(COUNTIFS($A$5:$A$148,$A227,$C$5:$C$148,$B227,$E$5:$E$148,"是",$L$5:$L$148,">=0")=3,AVERAGEIFS($L$5:$L$148,$A$5:$A$148,$A227,$C$5:$C$148,$B227,$E$5:$E$148,"是"),"") | J227: =IF(COUNTIFS($A$5:$A$148,$A227,$C$5:$C$148,$B227,$E$5:$E$148,"是",$M$5:$M$148,">=0")=3,AVERAGEIFS($M$5:$M$148,$A$5:$A$148,$A227,$C$5:$C$148,$B227,$E$5:$E$148,"是"),"") | K227: =IF(COUNTIFS($A$5:$A$148,$A227,$C$5:$C$148,$B227,$E$5:$E$148,"是",$N$5:$N$148,">=0")=3,AVERAGEIFS($N$5:$N$148,$A$5:$A$148,$A227,$C$5:$C$148,$B227,$E$5:$E$148,"是"),"") | L227: =IF(COUNTIFS($A$152:$A$199,$A227,$B$152:$B$199,$B227,$D$152:$D$199,"是",$R$152:$R$199,">=0")=1,AVERAGEIFS($R$152:$R$199,$A$152:$A$199,$A227,$B$152:$B$199,$B227,$D$152:$D$199,"是"),"") | M227: =IF(COUNTIFS($A$152:$A$199,$A227,$B$152:$B$199,$B227,$D$152:$D$199,"是",$S$152:$S$199,">=0")=1,AVERAGEIFS($S$152:$S$199,$A$152:$A$199,$A227,$B$152:$B$199,$B227,$D$152:$D$199,"是"),"") | N227: =IF(COUNTIFS($A$152:$A$199,$A227,$B$152:$B$199,$B227,$D$152:$D$199,"是",$T$152:$T$199,">=0")=1,AVERAGEIFS($T$152:$T$199,$A$152:$A$199,$A227,$B$152:$B$199,$B227,$D$152:$D$199,"是"),"") | O227: =IF(COUNTIFS($A$5:$A$148,$A227,$C$5:$C$148,$B227,$E$5:$E$148,"是",$O$5:$O$148,">=0")=3,AVERAGEIFS($O$5:$O$148,$A$5:$A$148,$A227,$C$5:$C$148,$B227,$E$5:$E$148,"是"),"") | P227: =IF(COUNTIFS($A$5:$A$148,$A227,$C$5:$C$148,$B227,$E$5:$E$148,"是",$R$5:$R$148,">=0")=3,AVERAGEIFS($R$5:$R$148,$A$5:$A$148,$A227,$C$5:$C$148,$B227,$E$5:$E$148,"是"),"") | Q227: =IF(COUNTIFS($A$5:$A$148,$A227,$C$5:$C$148,$B227,$E$5:$E$148,"是",$S$5:$S$148,">=0")=3,AVERAGEIFS($S$5:$S$148,$A$5:$A$148,$A227,$C$5:$C$148,$B227,$E$5:$E$148,"是"),"") | R227: =IF(COUNTIFS($A$5:$A$148,$A227,$C$5:$C$148,$B227,$E$5:$E$148,"是",$T$5:$T$148,">=0")=3,AVERAGEIFS($T$5:$T$148,$A$5:$A$148,$A227,$C$5:$C$148,$B227,$E$5:$E$148,"是"),"") | S227: =IF(COUNTIFS($A$5:$A$148,$A227,$C$5:$C$148,$B227,$E$5:$E$148,"是",$U$5:$U$148,">=0")=3,AVERAGEIFS($U$5:$U$148,$A$5:$A$148,$A227,$C$5:$C$148,$B227,$E$5:$E$148,"是"),"") | T227: =IF(COUNTIFS($A$5:$A$148,$A227,$C$5:$C$148,$B227,$E$5:$E$148,"是",$V$5:$V$148,">=0")=3,AVERAGEIFS($V$5:$V$148,$A$5:$A$148,$A227,$C$5:$C$148,$B227,$E$5:$E$148,"是"),"") | U227: =COUNTIFS($A$5:$A$148,$A227,$C$5:$C$148,$B227,$E$5:$E$148,"是")
A228: =Participants!A4 | B228: One-Euro | C228: =IF(COUNTIFS($A$5:$A$148,$A228,$C$5:$C$148,$B228,$E$5:$E$148,"是",$F$5:$F$148,">=0")=3,AVERAGEIFS($F$5:$F$148,$A$5:$A$148,$A228,$C$5:$C$148,$B228,$E$5:$E$148,"是"),"") | D228: =IF(COUNTIFS($A$5:$A$148,$A228,$C$5:$C$148,$B228,$E$5:$E$148,"是",$G$5:$G$148,">=0")=3,AVERAGEIFS($G$5:$G$148,$A$5:$A$148,$A228,$C$5:$C$148,$B228,$E$5:$E$148,"是"),"") | E228: =IF(COUNTIFS($A$5:$A$148,$A228,$C$5:$C$148,$B228,$E$5:$E$148,"是",$H$5:$H$148,">=0")=3,AVERAGEIFS($H$5:$H$148,$A$5:$A$148,$A228,$C$5:$C$148,$B228,$E$5:$E$148,"是"),"") | F228: =IF(COUNTIFS($A$5:$A$148,$A228,$C$5:$C$148,$B228,$E$5:$E$148,"是",$I$5:$I$148,">=0")=3,AVERAGEIFS($I$5:$I$148,$A$5:$A$148,$A228,$C$5:$C$148,$B228,$E$5:$E$148,"是"),"") | G228: =IF(COUNTIFS($A$5:$A$148,$A228,$C$5:$C$148,$B228,$E$5:$E$148,"是",$J$5:$J$148,">=0")=3,AVERAGEIFS($J$5:$J$148,$A$5:$A$148,$A228,$C$5:$C$148,$B228,$E$5:$E$148,"是"),"") | H228: =IF(COUNTIFS($A$5:$A$148,$A228,$C$5:$C$148,$B228,$E$5:$E$148,"是",$K$5:$K$148,">=0")=3,AVERAGEIFS($K$5:$K$148,$A$5:$A$148,$A228,$C$5:$C$148,$B228,$E$5:$E$148,"是"),"") | I228: =IF(COUNTIFS($A$5:$A$148,$A228,$C$5:$C$148,$B228,$E$5:$E$148,"是",$L$5:$L$148,">=0")=3,AVERAGEIFS($L$5:$L$148,$A$5:$A$148,$A228,$C$5:$C$148,$B228,$E$5:$E$148,"是"),"") | J228: =IF(COUNTIFS($A$5:$A$148,$A228,$C$5:$C$148,$B228,$E$5:$E$148,"是",$M$5:$M$148,">=0")=3,AVERAGEIFS($M$5:$M$148,$A$5:$A$148,$A228,$C$5:$C$148,$B228,$E$5:$E$148,"是"),"") | K228: =IF(COUNTIFS($A$5:$A$148,$A228,$C$5:$C$148,$B228,$E$5:$E$148,"是",$N$5:$N$148,">=0")=3,AVERAGEIFS($N$5:$N$148,$A$5:$A$148,$A228,$C$5:$C$148,$B228,$E$5:$E$148,"是"),"") | L228: =IF(COUNTIFS($A$152:$A$199,$A228,$B$152:$B$199,$B228,$D$152:$D$199,"是",$R$152:$R$199,">=0")=1,AVERAGEIFS($R$152:$R$199,$A$152:$A$199,$A228,$B$152:$B$199,$B228,$D$152:$D$199,"是"),"") | M228: =IF(COUNTIFS($A$152:$A$199,$A228,$B$152:$B$199,$B228,$D$152:$D$199,"是",$S$152:$S$199,">=0")=1,AVERAGEIFS($S$152:$S$199,$A$152:$A$199,$A228,$B$152:$B$199,$B228,$D$152:$D$199,"是"),"") | N228: =IF(COUNTIFS($A$152:$A$199,$A228,$B$152:$B$199,$B228,$D$152:$D$199,"是",$T$152:$T$199,">=0")=1,AVERAGEIFS($T$152:$T$199,$A$152:$A$199,$A228,$B$152:$B$199,$B228,$D$152:$D$199,"是"),"") | O228: =IF(COUNTIFS($A$5:$A$148,$A228,$C$5:$C$148,$B228,$E$5:$E$148,"是",$O$5:$O$148,">=0")=3,AVERAGEIFS($O$5:$O$148,$A$5:$A$148,$A228,$C$5:$C$148,$B228,$E$5:$E$148,"是"),"") | P228: =IF(COUNTIFS($A$5:$A$148,$A228,$C$5:$C$148,$B228,$E$5:$E$148,"是",$R$5:$R$148,">=0")=3,AVERAGEIFS($R$5:$R$148,$A$5:$A$148,$A228,$C$5:$C$148,$B228,$E$5:$E$148,"是"),"") | Q228: =IF(COUNTIFS($A$5:$A$148,$A228,$C$5:$C$148,$B228,$E$5:$E$148,"是",$S$5:$S$148,">=0")=3,AVERAGEIFS($S$5:$S$148,$A$5:$A$148,$A228,$C$5:$C$148,$B228,$E$5:$E$148,"是"),"") | R228: =IF(COUNTIFS($A$5:$A$148,$A228,$C$5:$C$148,$B228,$E$5:$E$148,"是",$T$5:$T$148,">=0")=3,AVERAGEIFS($T$5:$T$148,$A$5:$A$148,$A228,$C$5:$C$148,$B228,$E$5:$E$148,"是"),"") | S228: =IF(COUNTIFS($A$5:$A$148,$A228,$C$5:$C$148,$B228,$E$5:$E$148,"是",$U$5:$U$148,">=0")=3,AVERAGEIFS($U$5:$U$148,$A$5:$A$148,$A228,$C$5:$C$148,$B228,$E$5:$E$148,"是"),"") | T228: =IF(COUNTIFS($A$5:$A$148,$A228,$C$5:$C$148,$B228,$E$5:$E$148,"是",$V$5:$V$148,">=0")=3,AVERAGEIFS($V$5:$V$148,$A$5:$A$148,$A228,$C$5:$C$148,$B228,$E$5:$E$148,"是"),"") | U228: =COUNTIFS($A$5:$A$148,$A228,$C$5:$C$148,$B228,$E$5:$E$148,"是")
A229: =Participants!A5 | B229: One-Euro | C229: =IF(COUNTIFS($A$5:$A$148,$A229,$C$5:$C$148,$B229,$E$5:$E$148,"是",$F$5:$F$148,">=0")=3,AVERAGEIFS($F$5:$F$148,$A$5:$A$148,$A229,$C$5:$C$148,$B229,$E$5:$E$148,"是"),"") | D229: =IF(COUNTIFS($A$5:$A$148,$A229,$C$5:$C$148,$B229,$E$5:$E$148,"是",$G$5:$G$148,">=0")=3,AVERAGEIFS($G$5:$G$148,$A$5:$A$148,$A229,$C$5:$C$148,$B229,$E$5:$E$148,"是"),"") | E229: =IF(COUNTIFS($A$5:$A$148,$A229,$C$5:$C$148,$B229,$E$5:$E$148,"是",$H$5:$H$148,">=0")=3,AVERAGEIFS($H$5:$H$148,$A$5:$A$148,$A229,$C$5:$C$148,$B229,$E$5:$E$148,"是"),"") | F229: =IF(COUNTIFS($A$5:$A$148,$A229,$C$5:$C$148,$B229,$E$5:$E$148,"是",$I$5:$I$148,">=0")=3,AVERAGEIFS($I$5:$I$148,$A$5:$A$148,$A229,$C$5:$C$148,$B229,$E$5:$E$148,"是"),"") | G229: =IF(COUNTIFS($A$5:$A$148,$A229,$C$5:$C$148,$B229,$E$5:$E$148,"是",$J$5:$J$148,">=0")=3,AVERAGEIFS($J$5:$J$148,$A$5:$A$148,$A229,$C$5:$C$148,$B229,$E$5:$E$148,"是"),"") | H229: =IF(COUNTIFS($A$5:$A$148,$A229,$C$5:$C$148,$B229,$E$5:$E$148,"是",$K$5:$K$148,">=0")=3,AVERAGEIFS($K$5:$K$148,$A$5:$A$148,$A229,$C$5:$C$148,$B229,$E$5:$E$148,"是"),"") | I229: =IF(COUNTIFS($A$5:$A$148,$A229,$C$5:$C$148,$B229,$E$5:$E$148,"是",$L$5:$L$148,">=0")=3,AVERAGEIFS($L$5:$L$148,$A$5:$A$148,$A229,$C$5:$C$148,$B229,$E$5:$E$148,"是"),"") | J229: =IF(COUNTIFS($A$5:$A$148,$A229,$C$5:$C$148,$B229,$E$5:$E$148,"是",$M$5:$M$148,">=0")=3,AVERAGEIFS($M$5:$M$148,$A$5:$A$148,$A229,$C$5:$C$148,$B229,$E$5:$E$148,"是"),"") | K229: =IF(COUNTIFS($A$5:$A$148,$A229,$C$5:$C$148,$B229,$E$5:$E$148,"是",$N$5:$N$148,">=0")=3,AVERAGEIFS($N$5:$N$148,$A$5:$A$148,$A229,$C$5:$C$148,$B229,$E$5:$E$148,"是"),"") | L229: =IF(COUNTIFS($A$152:$A$199,$A229,$B$152:$B$199,$B229,$D$152:$D$199,"是",$R$152:$R$199,">=0")=1,AVERAGEIFS($R$152:$R$199,$A$152:$A$199,$A229,$B$152:$B$199,$B229,$D$152:$D$199,"是"),"") | M229: =IF(COUNTIFS($A$152:$A$199,$A229,$B$152:$B$199,$B229,$D$152:$D$199,"是",$S$152:$S$199,">=0")=1,AVERAGEIFS($S$152:$S$199,$A$152:$A$199,$A229,$B$152:$B$199,$B229,$D$152:$D$199,"是"),"") | N229: =IF(COUNTIFS($A$152:$A$199,$A229,$B$152:$B$199,$B229,$D$152:$D$199,"是",$T$152:$T$199,">=0")=1,AVERAGEIFS($T$152:$T$199,$A$152:$A$199,$A229,$B$152:$B$199,$B229,$D$152:$D$199,"是"),"") | O229: =IF(COUNTIFS($A$5:$A$148,$A229,$C$5:$C$148,$B229,$E$5:$E$148,"是",$O$5:$O$148,">=0")=3,AVERAGEIFS($O$5:$O$148,$A$5:$A$148,$A229,$C$5:$C$148,$B229,$E$5:$E$148,"是"),"") | P229: =IF(COUNTIFS($A$5:$A$148,$A229,$C$5:$C$148,$B229,$E$5:$E$148,"是",$R$5:$R$148,">=0")=3,AVERAGEIFS($R$5:$R$148,$A$5:$A$148,$A229,$C$5:$C$148,$B229,$E$5:$E$148,"是"),"") | Q229: =IF(COUNTIFS($A$5:$A$148,$A229,$C$5:$C$148,$B229,$E$5:$E$148,"是",$S$5:$S$148,">=0")=3,AVERAGEIFS($S$5:$S$148,$A$5:$A$148,$A229,$C$5:$C$148,$B229,$E$5:$E$148,"是"),"") | R229: =IF(COUNTIFS($A$5:$A$148,$A229,$C$5:$C$148,$B229,$E$5:$E$148,"是",$T$5:$T$148,">=0")=3,AVERAGEIFS($T$5:$T$148,$A$5:$A$148,$A229,$C$5:$C$148,$B229,$E$5:$E$148,"是"),"") | S229: =IF(COUNTIFS($A$5:$A$148,$A229,$C$5:$C$148,$B229,$E$5:$E$148,"是",$U$5:$U$148,">=0")=3,AVERAGEIFS($U$5:$U$148,$A$5:$A$148,$A229,$C$5:$C$148,$B229,$E$5:$E$148,"是"),"") | T229: =IF(COUNTIFS($A$5:$A$148,$A229,$C$5:$C$148,$B229,$E$5:$E$148,"是",$V$5:$V$148,">=0")=3,AVERAGEIFS($V$5:$V$148,$A$5:$A$148,$A229,$C$5:$C$148,$B229,$E$5:$E$148,"是"),"") | U229: =COUNTIFS($A$5:$A$148,$A229,$C$5:$C$148,$B229,$E$5:$E$148,"是")
A230: =Participants!A6 | B230: One-Euro | C230: =IF(COUNTIFS($A$5:$A$148,$A230,$C$5:$C$148,$B230,$E$5:$E$148,"是",$F$5:$F$148,">=0")=3,AVERAGEIFS($F$5:$F$148,$A$5:$A$148,$A230,$C$5:$C$148,$B230,$E$5:$E$148,"是"),"") | D230: =IF(COUNTIFS($A$5:$A$148,$A230,$C$5:$C$148,$B230,$E$5:$E$148,"是",$G$5:$G$148,">=0")=3,AVERAGEIFS($G$5:$G$148,$A$5:$A$148,$A230,$C$5:$C$148,$B230,$E$5:$E$148,"是"),"") | E230: =IF(COUNTIFS($A$5:$A$148,$A230,$C$5:$C$148,$B230,$E$5:$E$148,"是",$H$5:$H$148,">=0")=3,AVERAGEIFS($H$5:$H$148,$A$5:$A$148,$A230,$C$5:$C$148,$B230,$E$5:$E$148,"是"),"") | F230: =IF(COUNTIFS($A$5:$A$148,$A230,$C$5:$C$148,$B230,$E$5:$E$148,"是",$I$5:$I$148,">=0")=3,AVERAGEIFS($I$5:$I$148,$A$5:$A$148,$A230,$C$5:$C$148,$B230,$E$5:$E$148,"是"),"") | G230: =IF(COUNTIFS($A$5:$A$148,$A230,$C$5:$C$148,$B230,$E$5:$E$148,"是",$J$5:$J$148,">=0")=3,AVERAGEIFS($J$5:$J$148,$A$5:$A$148,$A230,$C$5:$C$148,$B230,$E$5:$E$148,"是"),"") | H230: =IF(COUNTIFS($A$5:$A$148,$A230,$C$5:$C$148,$B230,$E$5:$E$148,"是",$K$5:$K$148,">=0")=3,AVERAGEIFS($K$5:$K$148,$A$5:$A$148,$A230,$C$5:$C$148,$B230,$E$5:$E$148,"是"),"") | I230: =IF(COUNTIFS($A$5:$A$148,$A230,$C$5:$C$148,$B230,$E$5:$E$148,"是",$L$5:$L$148,">=0")=3,AVERAGEIFS($L$5:$L$148,$A$5:$A$148,$A230,$C$5:$C$148,$B230,$E$5:$E$148,"是"),"") | J230: =IF(COUNTIFS($A$5:$A$148,$A230,$C$5:$C$148,$B230,$E$5:$E$148,"是",$M$5:$M$148,">=0")=3,AVERAGEIFS($M$5:$M$148,$A$5:$A$148,$A230,$C$5:$C$148,$B230,$E$5:$E$148,"是"),"") | K230: =IF(COUNTIFS($A$5:$A$148,$A230,$C$5:$C$148,$B230,$E$5:$E$148,"是",$N$5:$N$148,">=0")=3,AVERAGEIFS($N$5:$N$148,$A$5:$A$148,$A230,$C$5:$C$148,$B230,$E$5:$E$148,"是"),"") | L230: =IF(COUNTIFS($A$152:$A$199,$A230,$B$152:$B$199,$B230,$D$152:$D$199,"是",$R$152:$R$199,">=0")=1,AVERAGEIFS($R$152:$R$199,$A$152:$A$199,$A230,$B$152:$B$199,$B230,$D$152:$D$199,"是"),"") | M230: =IF(COUNTIFS($A$152:$A$199,$A230,$B$152:$B$199,$B230,$D$152:$D$199,"是",$S$152:$S$199,">=0")=1,AVERAGEIFS($S$152:$S$199,$A$152:$A$199,$A230,$B$152:$B$199,$B230,$D$152:$D$199,"是"),"") | N230: =IF(COUNTIFS($A$152:$A$199,$A230,$B$152:$B$199,$B230,$D$152:$D$199,"是",$T$152:$T$199,">=0")=1,AVERAGEIFS($T$152:$T$199,$A$152:$A$199,$A230,$B$152:$B$199,$B230,$D$152:$D$199,"是"),"") | O230: =IF(COUNTIFS($A$5:$A$148,$A230,$C$5:$C$148,$B230,$E$5:$E$148,"是",$O$5:$O$148,">=0")=3,AVERAGEIFS($O$5:$O$148,$A$5:$A$148,$A230,$C$5:$C$148,$B230,$E$5:$E$148,"是"),"") | P230: =IF(COUNTIFS($A$5:$A$148,$A230,$C$5:$C$148,$B230,$E$5:$E$148,"是",$R$5:$R$148,">=0")=3,AVERAGEIFS($R$5:$R$148,$A$5:$A$148,$A230,$C$5:$C$148,$B230,$E$5:$E$148,"是"),"") | Q230: =IF(COUNTIFS($A$5:$A$148,$A230,$C$5:$C$148,$B230,$E$5:$E$148,"是",$S$5:$S$148,">=0")=3,AVERAGEIFS($S$5:$S$148,$A$5:$A$148,$A230,$C$5:$C$148,$B230,$E$5:$E$148,"是"),"") | R230: =IF(COUNTIFS($A$5:$A$148,$A230,$C$5:$C$148,$B230,$E$5:$E$148,"是",$T$5:$T$148,">=0")=3,AVERAGEIFS($T$5:$T$148,$A$5:$A$148,$A230,$C$5:$C$148,$B230,$E$5:$E$148,"是"),"") | S230: =IF(COUNTIFS($A$5:$A$148,$A230,$C$5:$C$148,$B230,$E$5:$E$148,"是",$U$5:$U$148,">=0")=3,AVERAGEIFS($U$5:$U$148,$A$5:$A$148,$A230,$C$5:$C$148,$B230,$E$5:$E$148,"是"),"") | T230: =IF(COUNTIFS($A$5:$A$148,$A230,$C$5:$C$148,$B230,$E$5:$E$148,"是",$V$5:$V$148,">=0")=3,AVERAGEIFS($V$5:$V$148,$A$5:$A$148,$A230,$C$5:$C$148,$B230,$E$5:$E$148,"是"),"") | U230: =COUNTIFS($A$5:$A$148,$A230,$C$5:$C$148,$B230,$E$5:$E$148,"是")
A231: =Participants!A7 | B231: One-Euro | C231: =IF(COUNTIFS($A$5:$A$148,$A231,$C$5:$C$148,$B231,$E$5:$E$148,"是",$F$5:$F$148,">=0")=3,AVERAGEIFS($F$5:$F$148,$A$5:$A$148,$A231,$C$5:$C$148,$B231,$E$5:$E$148,"是"),"") | D231: =IF(COUNTIFS($A$5:$A$148,$A231,$C$5:$C$148,$B231,$E$5:$E$148,"是",$G$5:$G$148,">=0")=3,AVERAGEIFS($G$5:$G$148,$A$5:$A$148,$A231,$C$5:$C$148,$B231,$E$5:$E$148,"是"),"") | E231: =IF(COUNTIFS($A$5:$A$148,$A231,$C$5:$C$148,$B231,$E$5:$E$148,"是",$H$5:$H$148,">=0")=3,AVERAGEIFS($H$5:$H$148,$A$5:$A$148,$A231,$C$5:$C$148,$B231,$E$5:$E$148,"是"),"") | F231: =IF(COUNTIFS($A$5:$A$148,$A231,$C$5:$C$148,$B231,$E$5:$E$148,"是",$I$5:$I$148,">=0")=3,AVERAGEIFS($I$5:$I$148,$A$5:$A$148,$A231,$C$5:$C$148,$B231,$E$5:$E$148,"是"),"") | G231: =IF(COUNTIFS($A$5:$A$148,$A231,$C$5:$C$148,$B231,$E$5:$E$148,"是",$J$5:$J$148,">=0")=3,AVERAGEIFS($J$5:$J$148,$A$5:$A$148,$A231,$C$5:$C$148,$B231,$E$5:$E$148,"是"),"") | H231: =IF(COUNTIFS($A$5:$A$148,$A231,$C$5:$C$148,$B231,$E$5:$E$148,"是",$K$5:$K$148,">=0")=3,AVERAGEIFS($K$5:$K$148,$A$5:$A$148,$A231,$C$5:$C$148,$B231,$E$5:$E$148,"是"),"") | I231: =IF(COUNTIFS($A$5:$A$148,$A231,$C$5:$C$148,$B231,$E$5:$E$148,"是",$L$5:$L$148,">=0")=3,AVERAGEIFS($L$5:$L$148,$A$5:$A$148,$A231,$C$5:$C$148,$B231,$E$5:$E$148,"是"),"") | J231: =IF(COUNTIFS($A$5:$A$148,$A231,$C$5:$C$148,$B231,$E$5:$E$148,"是",$M$5:$M$148,">=0")=3,AVERAGEIFS($M$5:$M$148,$A$5:$A$148,$A231,$C$5:$C$148,$B231,$E$5:$E$148,"是"),"") | K231: =IF(COUNTIFS($A$5:$A$148,$A231,$C$5:$C$148,$B231,$E$5:$E$148,"是",$N$5:$N$148,">=0")=3,AVERAGEIFS($N$5:$N$148,$A$5:$A$148,$A231,$C$5:$C$148,$B231,$E$5:$E$148,"是"),"") | L231: =IF(COUNTIFS($A$152:$A$199,$A231,$B$152:$B$199,$B231,$D$152:$D$199,"是",$R$152:$R$199,">=0")=1,AVERAGEIFS($R$152:$R$199,$A$152:$A$199,$A231,$B$152:$B$199,$B231,$D$152:$D$199,"是"),"") | M231: =IF(COUNTIFS($A$152:$A$199,$A231,$B$152:$B$199,$B231,$D$152:$D$199,"是",$S$152:$S$199,">=0")=1,AVERAGEIFS($S$152:$S$199,$A$152:$A$199,$A231,$B$152:$B$199,$B231,$D$152:$D$199,"是"),"") | N231: =IF(COUNTIFS($A$152:$A$199,$A231,$B$152:$B$199,$B231,$D$152:$D$199,"是",$T$152:$T$199,">=0")=1,AVERAGEIFS($T$152:$T$199,$A$152:$A$199,$A231,$B$152:$B$199,$B231,$D$152:$D$199,"是"),"") | O231: =IF(COUNTIFS($A$5:$A$148,$A231,$C$5:$C$148,$B231,$E$5:$E$148,"是",$O$5:$O$148,">=0")=3,AVERAGEIFS($O$5:$O$148,$A$5:$A$148,$A231,$C$5:$C$148,$B231,$E$5:$E$148,"是"),"") | P231: =IF(COUNTIFS($A$5:$A$148,$A231,$C$5:$C$148,$B231,$E$5:$E$148,"是",$R$5:$R$148,">=0")=3,AVERAGEIFS($R$5:$R$148,$A$5:$A$148,$A231,$C$5:$C$148,$B231,$E$5:$E$148,"是"),"") | Q231: =IF(COUNTIFS($A$5:$A$148,$A231,$C$5:$C$148,$B231,$E$5:$E$148,"是",$S$5:$S$148,">=0")=3,AVERAGEIFS($S$5:$S$148,$A$5:$A$148,$A231,$C$5:$C$148,$B231,$E$5:$E$148,"是"),"") | R231: =IF(COUNTIFS($A$5:$A$148,$A231,$C$5:$C$148,$B231,$E$5:$E$148,"是",$T$5:$T$148,">=0")=3,AVERAGEIFS($T$5:$T$148,$A$5:$A$148,$A231,$C$5:$C$148,$B231,$E$5:$E$148,"是"),"") | S231: =IF(COUNTIFS($A$5:$A$148,$A231,$C$5:$C$148,$B231,$E$5:$E$148,"是",$U$5:$U$148,">=0")=3,AVERAGEIFS($U$5:$U$148,$A$5:$A$148,$A231,$C$5:$C$148,$B231,$E$5:$E$148,"是"),"") | T231: =IF(COUNTIFS($A$5:$A$148,$A231,$C$5:$C$148,$B231,$E$5:$E$148,"是",$V$5:$V$148,">=0")=3,AVERAGEIFS($V$5:$V$148,$A$5:$A$148,$A231,$C$5:$C$148,$B231,$E$5:$E$148,"是"),"") | U231: =COUNTIFS($A$5:$A$148,$A231,$C$5:$C$148,$B231,$E$5:$E$148,"是")
A232: =Participants!A8 | B232: One-Euro | C232: =IF(COUNTIFS($A$5:$A$148,$A232,$C$5:$C$148,$B232,$E$5:$E$148,"是",$F$5:$F$148,">=0")=3,AVERAGEIFS($F$5:$F$148,$A$5:$A$148,$A232,$C$5:$C$148,$B232,$E$5:$E$148,"是"),"") | D232: =IF(COUNTIFS($A$5:$A$148,$A232,$C$5:$C$148,$B232,$E$5:$E$148,"是",$G$5:$G$148,">=0")=3,AVERAGEIFS($G$5:$G$148,$A$5:$A$148,$A232,$C$5:$C$148,$B232,$E$5:$E$148,"是"),"") | E232: =IF(COUNTIFS($A$5:$A$148,$A232,$C$5:$C$148,$B232,$E$5:$E$148,"是",$H$5:$H$148,">=0")=3,AVERAGEIFS($H$5:$H$148,$A$5:$A$148,$A232,$C$5:$C$148,$B232,$E$5:$E$148,"是"),"") | F232: =IF(COUNTIFS($A$5:$A$148,$A232,$C$5:$C$148,$B232,$E$5:$E$148,"是",$I$5:$I$148,">=0")=3,AVERAGEIFS($I$5:$I$148,$A$5:$A$148,$A232,$C$5:$C$148,$B232,$E$5:$E$148,"是"),"") | G232: =IF(COUNTIFS($A$5:$A$148,$A232,$C$5:$C$148,$B232,$E$5:$E$148,"是",$J$5:$J$148,">=0")=3,AVERAGEIFS($J$5:$J$148,$A$5:$A$148,$A232,$C$5:$C$148,$B232,$E$5:$E$148,"是"),"") | H232: =IF(COUNTIFS($A$5:$A$148,$A232,$C$5:$C$148,$B232,$E$5:$E$148,"是",$K$5:$K$148,">=0")=3,AVERAGEIFS($K$5:$K$148,$A$5:$A$148,$A232,$C$5:$C$148,$B232,$E$5:$E$148,"是"),"") | I232: =IF(COUNTIFS($A$5:$A$148,$A232,$C$5:$C$148,$B232,$E$5:$E$148,"是",$L$5:$L$148,">=0")=3,AVERAGEIFS($L$5:$L$148,$A$5:$A$148,$A232,$C$5:$C$148,$B232,$E$5:$E$148,"是"),"") | J232: =IF(COUNTIFS($A$5:$A$148,$A232,$C$5:$C$148,$B232,$E$5:$E$148,"是",$M$5:$M$148,">=0")=3,AVERAGEIFS($M$5:$M$148,$A$5:$A$148,$A232,$C$5:$C$148,$B232,$E$5:$E$148,"是"),"") | K232: =IF(COUNTIFS($A$5:$A$148,$A232,$C$5:$C$148,$B232,$E$5:$E$148,"是",$N$5:$N$148,">=0")=3,AVERAGEIFS($N$5:$N$148,$A$5:$A$148,$A232,$C$5:$C$148,$B232,$E$5:$E$148,"是"),"") | L232: =IF(COUNTIFS($A$152:$A$199,$A232,$B$152:$B$199,$B232,$D$152:$D$199,"是",$R$152:$R$199,">=0")=1,AVERAGEIFS($R$152:$R$199,$A$152:$A$199,$A232,$B$152:$B$199,$B232,$D$152:$D$199,"是"),"") | M232: =IF(COUNTIFS($A$152:$A$199,$A232,$B$152:$B$199,$B232,$D$152:$D$199,"是",$S$152:$S$199,">=0")=1,AVERAGEIFS($S$152:$S$199,$A$152:$A$199,$A232,$B$152:$B$199,$B232,$D$152:$D$199,"是"),"") | N232: =IF(COUNTIFS($A$152:$A$199,$A232,$B$152:$B$199,$B232,$D$152:$D$199,"是",$T$152:$T$199,">=0")=1,AVERAGEIFS($T$152:$T$199,$A$152:$A$199,$A232,$B$152:$B$199,$B232,$D$152:$D$199,"是"),"") | O232: =IF(COUNTIFS($A$5:$A$148,$A232,$C$5:$C$148,$B232,$E$5:$E$148,"是",$O$5:$O$148,">=0")=3,AVERAGEIFS($O$5:$O$148,$A$5:$A$148,$A232,$C$5:$C$148,$B232,$E$5:$E$148,"是"),"") | P232: =IF(COUNTIFS($A$5:$A$148,$A232,$C$5:$C$148,$B232,$E$5:$E$148,"是",$R$5:$R$148,">=0")=3,AVERAGEIFS($R$5:$R$148,$A$5:$A$148,$A232,$C$5:$C$148,$B232,$E$5:$E$148,"是"),"") | Q232: =IF(COUNTIFS($A$5:$A$148,$A232,$C$5:$C$148,$B232,$E$5:$E$148,"是",$S$5:$S$148,">=0")=3,AVERAGEIFS($S$5:$S$148,$A$5:$A$148,$A232,$C$5:$C$148,$B232,$E$5:$E$148,"是"),"") | R232: =IF(COUNTIFS($A$5:$A$148,$A232,$C$5:$C$148,$B232,$E$5:$E$148,"是",$T$5:$T$148,">=0")=3,AVERAGEIFS($T$5:$T$148,$A$5:$A$148,$A232,$C$5:$C$148,$B232,$E$5:$E$148,"是"),"") | S232: =IF(COUNTIFS($A$5:$A$148,$A232,$C$5:$C$148,$B232,$E$5:$E$148,"是",$U$5:$U$148,">=0")=3,AVERAGEIFS($U$5:$U$148,$A$5:$A$148,$A232,$C$5:$C$148,$B232,$E$5:$E$148,"是"),"") | T232: =IF(COUNTIFS($A$5:$A$148,$A232,$C$5:$C$148,$B232,$E$5:$E$148,"是",$V$5:$V$148,">=0")=3,AVERAGEIFS($V$5:$V$148,$A$5:$A$148,$A232,$C$5:$C$148,$B232,$E$5:$E$148,"是"),"") | U232: =COUNTIFS($A$5:$A$148,$A232,$C$5:$C$148,$B232,$E$5:$E$148,"是")
A233: =Participants!A9 | B233: One-Euro | C233: =IF(COUNTIFS($A$5:$A$148,$A233,$C$5:$C$148,$B233,$E$5:$E$148,"是",$F$5:$F$148,">=0")=3,AVERAGEIFS($F$5:$F$148,$A$5:$A$148,$A233,$C$5:$C$148,$B233,$E$5:$E$148,"是"),"") | D233: =IF(COUNTIFS($A$5:$A$148,$A233,$C$5:$C$148,$B233,$E$5:$E$148,"是",$G$5:$G$148,">=0")=3,AVERAGEIFS($G$5:$G$148,$A$5:$A$148,$A233,$C$5:$C$148,$B233,$E$5:$E$148,"是"),"") | E233: =IF(COUNTIFS($A$5:$A$148,$A233,$C$5:$C$148,$B233,$E$5:$E$148,"是",$H$5:$H$148,">=0")=3,AVERAGEIFS($H$5:$H$148,$A$5:$A$148,$A233,$C$5:$C$148,$B233,$E$5:$E$148,"是"),"") | F233: =IF(COUNTIFS($A$5:$A$148,$A233,$C$5:$C$148,$B233,$E$5:$E$148,"是",$I$5:$I$148,">=0")=3,AVERAGEIFS($I$5:$I$148,$A$5:$A$148,$A233,$C$5:$C$148,$B233,$E$5:$E$148,"是"),"") | G233: =IF(COUNTIFS($A$5:$A$148,$A233,$C$5:$C$148,$B233,$E$5:$E$148,"是",$J$5:$J$148,">=0")=3,AVERAGEIFS($J$5:$J$148,$A$5:$A$148,$A233,$C$5:$C$148,$B233,$E$5:$E$148,"是"),"") | H233: =IF(COUNTIFS($A$5:$A$148,$A233,$C$5:$C$148,$B233,$E$5:$E$148,"是",$K$5:$K$148,">=0")=3,AVERAGEIFS($K$5:$K$148,$A$5:$A$148,$A233,$C$5:$C$148,$B233,$E$5:$E$148,"是"),"") | I233: =IF(COUNTIFS($A$5:$A$148,$A233,$C$5:$C$148,$B233,$E$5:$E$148,"是",$L$5:$L$148,">=0")=3,AVERAGEIFS($L$5:$L$148,$A$5:$A$148,$A233,$C$5:$C$148,$B233,$E$5:$E$148,"是"),"") | J233: =IF(COUNTIFS($A$5:$A$148,$A233,$C$5:$C$148,$B233,$E$5:$E$148,"是",$M$5:$M$148,">=0")=3,AVERAGEIFS($M$5:$M$148,$A$5:$A$148,$A233,$C$5:$C$148,$B233,$E$5:$E$148,"是"),"") | K233: =IF(COUNTIFS($A$5:$A$148,$A233,$C$5:$C$148,$B233,$E$5:$E$148,"是",$N$5:$N$148,">=0")=3,AVERAGEIFS($N$5:$N$148,$A$5:$A$148,$A233,$C$5:$C$148,$B233,$E$5:$E$148,"是"),"") | L233: =IF(COUNTIFS($A$152:$A$199,$A233,$B$152:$B$199,$B233,$D$152:$D$199,"是",$R$152:$R$199,">=0")=1,AVERAGEIFS($R$152:$R$199,$A$152:$A$199,$A233,$B$152:$B$199,$B233,$D$152:$D$199,"是"),"") | M233: =IF(COUNTIFS($A$152:$A$199,$A233,$B$152:$B$199,$B233,$D$152:$D$199,"是",$S$152:$S$199,">=0")=1,AVERAGEIFS($S$152:$S$199,$A$152:$A$199,$A233,$B$152:$B$199,$B233,$D$152:$D$199,"是"),"") | N233: =IF(COUNTIFS($A$152:$A$199,$A233,$B$152:$B$199,$B233,$D$152:$D$199,"是",$T$152:$T$199,">=0")=1,AVERAGEIFS($T$152:$T$199,$A$152:$A$199,$A233,$B$152:$B$199,$B233,$D$152:$D$199,"是"),"") | O233: =IF(COUNTIFS($A$5:$A$148,$A233,$C$5:$C$148,$B233,$E$5:$E$148,"是",$O$5:$O$148,">=0")=3,AVERAGEIFS($O$5:$O$148,$A$5:$A$148,$A233,$C$5:$C$148,$B233,$E$5:$E$148,"是"),"") | P233: =IF(COUNTIFS($A$5:$A$148,$A233,$C$5:$C$148,$B233,$E$5:$E$148,"是",$R$5:$R$148,">=0")=3,AVERAGEIFS($R$5:$R$148,$A$5:$A$148,$A233,$C$5:$C$148,$B233,$E$5:$E$148,"是"),"") | Q233: =IF(COUNTIFS($A$5:$A$148,$A233,$C$5:$C$148,$B233,$E$5:$E$148,"是",$S$5:$S$148,">=0")=3,AVERAGEIFS($S$5:$S$148,$A$5:$A$148,$A233,$C$5:$C$148,$B233,$E$5:$E$148,"是"),"") | R233: =IF(COUNTIFS($A$5:$A$148,$A233,$C$5:$C$148,$B233,$E$5:$E$148,"是",$T$5:$T$148,">=0")=3,AVERAGEIFS($T$5:$T$148,$A$5:$A$148,$A233,$C$5:$C$148,$B233,$E$5:$E$148,"是"),"") | S233: =IF(COUNTIFS($A$5:$A$148,$A233,$C$5:$C$148,$B233,$E$5:$E$148,"是",$U$5:$U$148,">=0")=3,AVERAGEIFS($U$5:$U$148,$A$5:$A$148,$A233,$C$5:$C$148,$B233,$E$5:$E$148,"是"),"") | T233: =IF(COUNTIFS($A$5:$A$148,$A233,$C$5:$C$148,$B233,$E$5:$E$148,"是",$V$5:$V$148,">=0")=3,AVERAGEIFS($V$5:$V$148,$A$5:$A$148,$A233,$C$5:$C$148,$B233,$E$5:$E$148,"是"),"") | U233: =COUNTIFS($A$5:$A$148,$A233,$C$5:$C$148,$B233,$E$5:$E$148,"是")
A234: =Participants!A10 | B234: One-Euro | C234: =IF(COUNTIFS($A$5:$A$148,$A234,$C$5:$C$148,$B234,$E$5:$E$148,"是",$F$5:$F$148,">=0")=3,AVERAGEIFS($F$5:$F$148,$A$5:$A$148,$A234,$C$5:$C$148,$B234,$E$5:$E$148,"是"),"") | D234: =IF(COUNTIFS($A$5:$A$148,$A234,$C$5:$C$148,$B234,$E$5:$E$148,"是",$G$5:$G$148,">=0")=3,AVERAGEIFS($G$5:$G$148,$A$5:$A$148,$A234,$C$5:$C$148,$B234,$E$5:$E$148,"是"),"") | E234: =IF(COUNTIFS($A$5:$A$148,$A234,$C$5:$C$148,$B234,$E$5:$E$148,"是",$H$5:$H$148,">=0")=3,AVERAGEIFS($H$5:$H$148,$A$5:$A$148,$A234,$C$5:$C$148,$B234,$E$5:$E$148,"是"),"") | F234: =IF(COUNTIFS($A$5:$A$148,$A234,$C$5:$C$148,$B234,$E$5:$E$148,"是",$I$5:$I$148,">=0")=3,AVERAGEIFS($I$5:$I$148,$A$5:$A$148,$A234,$C$5:$C$148,$B234,$E$5:$E$148,"是"),"") | G234: =IF(COUNTIFS($A$5:$A$148,$A234,$C$5:$C$148,$B234,$E$5:$E$148,"是",$J$5:$J$148,">=0")=3,AVERAGEIFS($J$5:$J$148,$A$5:$A$148,$A234,$C$5:$C$148,$B234,$E$5:$E$148,"是"),"") | H234: =IF(COUNTIFS($A$5:$A$148,$A234,$C$5:$C$148,$B234,$E$5:$E$148,"是",$K$5:$K$148,">=0")=3,AVERAGEIFS($K$5:$K$148,$A$5:$A$148,$A234,$C$5:$C$148,$B234,$E$5:$E$148,"是"),"") | I234: =IF(COUNTIFS($A$5:$A$148,$A234,$C$5:$C$148,$B234,$E$5:$E$148,"是",$L$5:$L$148,">=0")=3,AVERAGEIFS($L$5:$L$148,$A$5:$A$148,$A234,$C$5:$C$148,$B234,$E$5:$E$148,"是"),"") | J234: =IF(COUNTIFS($A$5:$A$148,$A234,$C$5:$C$148,$B234,$E$5:$E$148,"是",$M$5:$M$148,">=0")=3,AVERAGEIFS($M$5:$M$148,$A$5:$A$148,$A234,$C$5:$C$148,$B234,$E$5:$E$148,"是"),"") | K234: =IF(COUNTIFS($A$5:$A$148,$A234,$C$5:$C$148,$B234,$E$5:$E$148,"是",$N$5:$N$148,">=0")=3,AVERAGEIFS($N$5:$N$148,$A$5:$A$148,$A234,$C$5:$C$148,$B234,$E$5:$E$148,"是"),"") | L234: =IF(COUNTIFS($A$152:$A$199,$A234,$B$152:$B$199,$B234,$D$152:$D$199,"是",$R$152:$R$199,">=0")=1,AVERAGEIFS($R$152:$R$199,$A$152:$A$199,$A234,$B$152:$B$199,$B234,$D$152:$D$199,"是"),"") | M234: =IF(COUNTIFS($A$152:$A$199,$A234,$B$152:$B$199,$B234,$D$152:$D$199,"是",$S$152:$S$199,">=0")=1,AVERAGEIFS($S$152:$S$199,$A$152:$A$199,$A234,$B$152:$B$199,$B234,$D$152:$D$199,"是"),"") | N234: =IF(COUNTIFS($A$152:$A$199,$A234,$B$152:$B$199,$B234,$D$152:$D$199,"是",$T$152:$T$199,">=0")=1,AVERAGEIFS($T$152:$T$199,$A$152:$A$199,$A234,$B$152:$B$199,$B234,$D$152:$D$199,"是"),"") | O234: =IF(COUNTIFS($A$5:$A$148,$A234,$C$5:$C$148,$B234,$E$5:$E$148,"是",$O$5:$O$148,">=0")=3,AVERAGEIFS($O$5:$O$148,$A$5:$A$148,$A234,$C$5:$C$148,$B234,$E$5:$E$148,"是"),"") | P234: =IF(COUNTIFS($A$5:$A$148,$A234,$C$5:$C$148,$B234,$E$5:$E$148,"是",$R$5:$R$148,">=0")=3,AVERAGEIFS($R$5:$R$148,$A$5:$A$148,$A234,$C$5:$C$148,$B234,$E$5:$E$148,"是"),"") | Q234: =IF(COUNTIFS($A$5:$A$148,$A234,$C$5:$C$148,$B234,$E$5:$E$148,"是",$S$5:$S$148,">=0")=3,AVERAGEIFS($S$5:$S$148,$A$5:$A$148,$A234,$C$5:$C$148,$B234,$E$5:$E$148,"是"),"") | R234: =IF(COUNTIFS($A$5:$A$148,$A234,$C$5:$C$148,$B234,$E$5:$E$148,"是",$T$5:$T$148,">=0")=3,AVERAGEIFS($T$5:$T$148,$A$5:$A$148,$A234,$C$5:$C$148,$B234,$E$5:$E$148,"是"),"") | S234: =IF(COUNTIFS($A$5:$A$148,$A234,$C$5:$C$148,$B234,$E$5:$E$148,"是",$U$5:$U$148,">=0")=3,AVERAGEIFS($U$5:$U$148,$A$5:$A$148,$A234,$C$5:$C$148,$B234,$E$5:$E$148,"是"),"") | T234: =IF(COUNTIFS($A$5:$A$148,$A234,$C$5:$C$148,$B234,$E$5:$E$148,"是",$V$5:$V$148,">=0")=3,AVERAGEIFS($V$5:$V$148,$A$5:$A$148,$A234,$C$5:$C$148,$B234,$E$5:$E$148,"是"),"") | U234: =COUNTIFS($A$5:$A$148,$A234,$C$5:$C$148,$B234,$E$5:$E$148,"是")
A235: =Participants!A11 | B235: One-Euro | C235: =IF(COUNTIFS($A$5:$A$148,$A235,$C$5:$C$148,$B235,$E$5:$E$148,"是",$F$5:$F$148,">=0")=3,AVERAGEIFS($F$5:$F$148,$A$5:$A$148,$A235,$C$5:$C$148,$B235,$E$5:$E$148,"是"),"") | D235: =IF(COUNTIFS($A$5:$A$148,$A235,$C$5:$C$148,$B235,$E$5:$E$148,"是",$G$5:$G$148,">=0")=3,AVERAGEIFS($G$5:$G$148,$A$5:$A$148,$A235,$C$5:$C$148,$B235,$E$5:$E$148,"是"),"") | E235: =IF(COUNTIFS($A$5:$A$148,$A235,$C$5:$C$148,$B235,$E$5:$E$148,"是",$H$5:$H$148,">=0")=3,AVERAGEIFS($H$5:$H$148,$A$5:$A$148,$A235,$C$5:$C$148,$B235,$E$5:$E$148,"是"),"") | F235: =IF(COUNTIFS($A$5:$A$148,$A235,$C$5:$C$148,$B235,$E$5:$E$148,"是",$I$5:$I$148,">=0")=3,AVERAGEIFS($I$5:$I$148,$A$5:$A$148,$A235,$C$5:$C$148,$B235,$E$5:$E$148,"是"),"") | G235: =IF(COUNTIFS($A$5:$A$148,$A235,$C$5:$C$148,$B235,$E$5:$E$148,"是",$J$5:$J$148,">=0")=3,AVERAGEIFS($J$5:$J$148,$A$5:$A$148,$A235,$C$5:$C$148,$B235,$E$5:$E$148,"是"),"") | H235: =IF(COUNTIFS($A$5:$A$148,$A235,$C$5:$C$148,$B235,$E$5:$E$148,"是",$K$5:$K$148,">=0")=3,AVERAGEIFS($K$5:$K$148,$A$5:$A$148,$A235,$C$5:$C$148,$B235,$E$5:$E$148,"是"),"") | I235: =IF(COUNTIFS($A$5:$A$148,$A235,$C$5:$C$148,$B235,$E$5:$E$148,"是",$L$5:$L$148,">=0")=3,AVERAGEIFS($L$5:$L$148,$A$5:$A$148,$A235,$C$5:$C$148,$B235,$E$5:$E$148,"是"),"") | J235: =IF(COUNTIFS($A$5:$A$148,$A235,$C$5:$C$148,$B235,$E$5:$E$148,"是",$M$5:$M$148,">=0")=3,AVERAGEIFS($M$5:$M$148,$A$5:$A$148,$A235,$C$5:$C$148,$B235,$E$5:$E$148,"是"),"") | K235: =IF(COUNTIFS($A$5:$A$148,$A235,$C$5:$C$148,$B235,$E$5:$E$148,"是",$N$5:$N$148,">=0")=3,AVERAGEIFS($N$5:$N$148,$A$5:$A$148,$A235,$C$5:$C$148,$B235,$E$5:$E$148,"是"),"") | L235: =IF(COUNTIFS($A$152:$A$199,$A235,$B$152:$B$199,$B235,$D$152:$D$199,"是",$R$152:$R$199,">=0")=1,AVERAGEIFS($R$152:$R$199,$A$152:$A$199,$A235,$B$152:$B$199,$B235,$D$152:$D$199,"是"),"") | M235: =IF(COUNTIFS($A$152:$A$199,$A235,$B$152:$B$199,$B235,$D$152:$D$199,"是",$S$152:$S$199,">=0")=1,AVERAGEIFS($S$152:$S$199,$A$152:$A$199,$A235,$B$152:$B$199,$B235,$D$152:$D$199,"是"),"") | N235: =IF(COUNTIFS($A$152:$A$199,$A235,$B$152:$B$199,$B235,$D$152:$D$199,"是",$T$152:$T$199,">=0")=1,AVERAGEIFS($T$152:$T$199,$A$152:$A$199,$A235,$B$152:$B$199,$B235,$D$152:$D$199,"是"),"") | O235: =IF(COUNTIFS($A$5:$A$148,$A235,$C$5:$C$148,$B235,$E$5:$E$148,"是",$O$5:$O$148,">=0")=3,AVERAGEIFS($O$5:$O$148,$A$5:$A$148,$A235,$C$5:$C$148,$B235,$E$5:$E$148,"是"),"") | P235: =IF(COUNTIFS($A$5:$A$148,$A235,$C$5:$C$148,$B235,$E$5:$E$148,"是",$R$5:$R$148,">=0")=3,AVERAGEIFS($R$5:$R$148,$A$5:$A$148,$A235,$C$5:$C$148,$B235,$E$5:$E$148,"是"),"") | Q235: =IF(COUNTIFS($A$5:$A$148,$A235,$C$5:$C$148,$B235,$E$5:$E$148,"是",$S$5:$S$148,">=0")=3,AVERAGEIFS($S$5:$S$148,$A$5:$A$148,$A235,$C$5:$C$148,$B235,$E$5:$E$148,"是"),"") | R235: =IF(COUNTIFS($A$5:$A$148,$A235,$C$5:$C$148,$B235,$E$5:$E$148,"是",$T$5:$T$148,">=0")=3,AVERAGEIFS($T$5:$T$148,$A$5:$A$148,$A235,$C$5:$C$148,$B235,$E$5:$E$148,"是"),"") | S235: =IF(COUNTIFS($A$5:$A$148,$A235,$C$5:$C$148,$B235,$E$5:$E$148,"是",$U$5:$U$148,">=0")=3,AVERAGEIFS($U$5:$U$148,$A$5:$A$148,$A235,$C$5:$C$148,$B235,$E$5:$E$148,"是"),"") | T235: =IF(COUNTIFS($A$5:$A$148,$A235,$C$5:$C$148,$B235,$E$5:$E$148,"是",$V$5:$V$148,">=0")=3,AVERAGEIFS($V$5:$V$148,$A$5:$A$148,$A235,$C$5:$C$148,$B235,$E$5:$E$148,"是"),"") | U235: =COUNTIFS($A$5:$A$148,$A235,$C$5:$C$148,$B235,$E$5:$E$148,"是")
A236: =Participants!A12 | B236: One-Euro | C236: =IF(COUNTIFS($A$5:$A$148,$A236,$C$5:$C$148,$B236,$E$5:$E$148,"是",$F$5:$F$148,">=0")=3,AVERAGEIFS($F$5:$F$148,$A$5:$A$148,$A236,$C$5:$C$148,$B236,$E$5:$E$148,"是"),"") | D236: =IF(COUNTIFS($A$5:$A$148,$A236,$C$5:$C$148,$B236,$E$5:$E$148,"是",$G$5:$G$148,">=0")=3,AVERAGEIFS($G$5:$G$148,$A$5:$A$148,$A236,$C$5:$C$148,$B236,$E$5:$E$148,"是"),"") | E236: =IF(COUNTIFS($A$5:$A$148,$A236,$C$5:$C$148,$B236,$E$5:$E$148,"是",$H$5:$H$148,">=0")=3,AVERAGEIFS($H$5:$H$148,$A$5:$A$148,$A236,$C$5:$C$148,$B236,$E$5:$E$148,"是"),"") | F236: =IF(COUNTIFS($A$5:$A$148,$A236,$C$5:$C$148,$B236,$E$5:$E$148,"是",$I$5:$I$148,">=0")=3,AVERAGEIFS($I$5:$I$148,$A$5:$A$148,$A236,$C$5:$C$148,$B236,$E$5:$E$148,"是"),"") | G236: =IF(COUNTIFS($A$5:$A$148,$A236,$C$5:$C$148,$B236,$E$5:$E$148,"是",$J$5:$J$148,">=0")=3,AVERAGEIFS($J$5:$J$148,$A$5:$A$148,$A236,$C$5:$C$148,$B236,$E$5:$E$148,"是"),"") | H236: =IF(COUNTIFS($A$5:$A$148,$A236,$C$5:$C$148,$B236,$E$5:$E$148,"是",$K$5:$K$148,">=0")=3,AVERAGEIFS($K$5:$K$148,$A$5:$A$148,$A236,$C$5:$C$148,$B236,$E$5:$E$148,"是"),"") | I236: =IF(COUNTIFS($A$5:$A$148,$A236,$C$5:$C$148,$B236,$E$5:$E$148,"是",$L$5:$L$148,">=0")=3,AVERAGEIFS($L$5:$L$148,$A$5:$A$148,$A236,$C$5:$C$148,$B236,$E$5:$E$148,"是"),"") | J236: =IF(COUNTIFS($A$5:$A$148,$A236,$C$5:$C$148,$B236,$E$5:$E$148,"是",$M$5:$M$148,">=0")=3,AVERAGEIFS($M$5:$M$148,$A$5:$A$148,$A236,$C$5:$C$148,$B236,$E$5:$E$148,"是"),"") | K236: =IF(COUNTIFS($A$5:$A$148,$A236,$C$5:$C$148,$B236,$E$5:$E$148,"是",$N$5:$N$148,">=0")=3,AVERAGEIFS($N$5:$N$148,$A$5:$A$148,$A236,$C$5:$C$148,$B236,$E$5:$E$148,"是"),"") | L236: =IF(COUNTIFS($A$152:$A$199,$A236,$B$152:$B$199,$B236,$D$152:$D$199,"是",$R$152:$R$199,">=0")=1,AVERAGEIFS($R$152:$R$199,$A$152:$A$199,$A236,$B$152:$B$199,$B236,$D$152:$D$199,"是"),"") | M236: =IF(COUNTIFS($A$152:$A$199,$A236,$B$152:$B$199,$B236,$D$152:$D$199,"是",$S$152:$S$199,">=0")=1,AVERAGEIFS($S$152:$S$199,$A$152:$A$199,$A236,$B$152:$B$199,$B236,$D$152:$D$199,"是"),"") | N236: =IF(COUNTIFS($A$152:$A$199,$A236,$B$152:$B$199,$B236,$D$152:$D$199,"是",$T$152:$T$199,">=0")=1,AVERAGEIFS($T$152:$T$199,$A$152:$A$199,$A236,$B$152:$B$199,$B236,$D$152:$D$199,"是"),"") | O236: =IF(COUNTIFS($A$5:$A$148,$A236,$C$5:$C$148,$B236,$E$5:$E$148,"是",$O$5:$O$148,">=0")=3,AVERAGEIFS($O$5:$O$148,$A$5:$A$148,$A236,$C$5:$C$148,$B236,$E$5:$E$148,"是"),"") | P236: =IF(COUNTIFS($A$5:$A$148,$A236,$C$5:$C$148,$B236,$E$5:$E$148,"是",$R$5:$R$148,">=0")=3,AVERAGEIFS($R$5:$R$148,$A$5:$A$148,$A236,$C$5:$C$148,$B236,$E$5:$E$148,"是"),"") | Q236: =IF(COUNTIFS($A$5:$A$148,$A236,$C$5:$C$148,$B236,$E$5:$E$148,"是",$S$5:$S$148,">=0")=3,AVERAGEIFS($S$5:$S$148,$A$5:$A$148,$A236,$C$5:$C$148,$B236,$E$5:$E$148,"是"),"") | R236: =IF(COUNTIFS($A$5:$A$148,$A236,$C$5:$C$148,$B236,$E$5:$E$148,"是",$T$5:$T$148,">=0")=3,AVERAGEIFS($T$5:$T$148,$A$5:$A$148,$A236,$C$5:$C$148,$B236,$E$5:$E$148,"是"),"") | S236: =IF(COUNTIFS($A$5:$A$148,$A236,$C$5:$C$148,$B236,$E$5:$E$148,"是",$U$5:$U$148,">=0")=3,AVERAGEIFS($U$5:$U$148,$A$5:$A$148,$A236,$C$5:$C$148,$B236,$E$5:$E$148,"是"),"") | T236: =IF(COUNTIFS($A$5:$A$148,$A236,$C$5:$C$148,$B236,$E$5:$E$148,"是",$V$5:$V$148,">=0")=3,AVERAGEIFS($V$5:$V$148,$A$5:$A$148,$A236,$C$5:$C$148,$B236,$E$5:$E$148,"是"),"") | U236: =COUNTIFS($A$5:$A$148,$A236,$C$5:$C$148,$B236,$E$5:$E$148,"是")
A237: =Participants!A13 | B237: One-Euro | C237: =IF(COUNTIFS($A$5:$A$148,$A237,$C$5:$C$148,$B237,$E$5:$E$148,"是",$F$5:$F$148,">=0")=3,AVERAGEIFS($F$5:$F$148,$A$5:$A$148,$A237,$C$5:$C$148,$B237,$E$5:$E$148,"是"),"") | D237: =IF(COUNTIFS($A$5:$A$148,$A237,$C$5:$C$148,$B237,$E$5:$E$148,"是",$G$5:$G$148,">=0")=3,AVERAGEIFS($G$5:$G$148,$A$5:$A$148,$A237,$C$5:$C$148,$B237,$E$5:$E$148,"是"),"") | E237: =IF(COUNTIFS($A$5:$A$148,$A237,$C$5:$C$148,$B237,$E$5:$E$148,"是",$H$5:$H$148,">=0")=3,AVERAGEIFS($H$5:$H$148,$A$5:$A$148,$A237,$C$5:$C$148,$B237,$E$5:$E$148,"是"),"") | F237: =IF(COUNTIFS($A$5:$A$148,$A237,$C$5:$C$148,$B237,$E$5:$E$148,"是",$I$5:$I$148,">=0")=3,AVERAGEIFS($I$5:$I$148,$A$5:$A$148,$A237,$C$5:$C$148,$B237,$E$5:$E$148,"是"),"") | G237: =IF(COUNTIFS($A$5:$A$148,$A237,$C$5:$C$148,$B237,$E$5:$E$148,"是",$J$5:$J$148,">=0")=3,AVERAGEIFS($J$5:$J$148,$A$5:$A$148,$A237,$C$5:$C$148,$B237,$E$5:$E$148,"是"),"") | H237: =IF(COUNTIFS($A$5:$A$148,$A237,$C$5:$C$148,$B237,$E$5:$E$148,"是",$K$5:$K$148,">=0")=3,AVERAGEIFS($K$5:$K$148,$A$5:$A$148,$A237,$C$5:$C$148,$B237,$E$5:$E$148,"是"),"") | I237: =IF(COUNTIFS($A$5:$A$148,$A237,$C$5:$C$148,$B237,$E$5:$E$148,"是",$L$5:$L$148,">=0")=3,AVERAGEIFS($L$5:$L$148,$A$5:$A$148,$A237,$C$5:$C$148,$B237,$E$5:$E$148,"是"),"") | J237: =IF(COUNTIFS($A$5:$A$148,$A237,$C$5:$C$148,$B237,$E$5:$E$148,"是",$M$5:$M$148,">=0")=3,AVERAGEIFS($M$5:$M$148,$A$5:$A$148,$A237,$C$5:$C$148,$B237,$E$5:$E$148,"是"),"") | K237: =IF(COUNTIFS($A$5:$A$148,$A237,$C$5:$C$148,$B237,$E$5:$E$148,"是",$N$5:$N$148,">=0")=3,AVERAGEIFS($N$5:$N$148,$A$5:$A$148,$A237,$C$5:$C$148,$B237,$E$5:$E$148,"是"),"") | L237: =IF(COUNTIFS($A$152:$A$199,$A237,$B$152:$B$199,$B237,$D$152:$D$199,"是",$R$152:$R$199,">=0")=1,AVERAGEIFS($R$152:$R$199,$A$152:$A$199,$A237,$B$152:$B$199,$B237,$D$152:$D$199,"是"),"") | M237: =IF(COUNTIFS($A$152:$A$199,$A237,$B$152:$B$199,$B237,$D$152:$D$199,"是",$S$152:$S$199,">=0")=1,AVERAGEIFS($S$152:$S$199,$A$152:$A$199,$A237,$B$152:$B$199,$B237,$D$152:$D$199,"是"),"") | N237: =IF(COUNTIFS($A$152:$A$199,$A237,$B$152:$B$199,$B237,$D$152:$D$199,"是",$T$152:$T$199,">=0")=1,AVERAGEIFS($T$152:$T$199,$A$152:$A$199,$A237,$B$152:$B$199,$B237,$D$152:$D$199,"是"),"") | O237: =IF(COUNTIFS($A$5:$A$148,$A237,$C$5:$C$148,$B237,$E$5:$E$148,"是",$O$5:$O$148,">=0")=3,AVERAGEIFS($O$5:$O$148,$A$5:$A$148,$A237,$C$5:$C$148,$B237,$E$5:$E$148,"是"),"") | P237: =IF(COUNTIFS($A$5:$A$148,$A237,$C$5:$C$148,$B237,$E$5:$E$148,"是",$R$5:$R$148,">=0")=3,AVERAGEIFS($R$5:$R$148,$A$5:$A$148,$A237,$C$5:$C$148,$B237,$E$5:$E$148,"是"),"") | Q237: =IF(COUNTIFS($A$5:$A$148,$A237,$C$5:$C$148,$B237,$E$5:$E$148,"是",$S$5:$S$148,">=0")=3,AVERAGEIFS($S$5:$S$148,$A$5:$A$148,$A237,$C$5:$C$148,$B237,$E$5:$E$148,"是"),"") | R237: =IF(COUNTIFS($A$5:$A$148,$A237,$C$5:$C$148,$B237,$E$5:$E$148,"是",$T$5:$T$148,">=0")=3,AVERAGEIFS($T$5:$T$148,$A$5:$A$148,$A237,$C$5:$C$148,$B237,$E$5:$E$148,"是"),"") | S237: =IF(COUNTIFS($A$5:$A$148,$A237,$C$5:$C$148,$B237,$E$5:$E$148,"是",$U$5:$U$148,">=0")=3,AVERAGEIFS($U$5:$U$148,$A$5:$A$148,$A237,$C$5:$C$148,$B237,$E$5:$E$148,"是"),"") | T237: =IF(COUNTIFS($A$5:$A$148,$A237,$C$5:$C$148,$B237,$E$5:$E$148,"是",$V$5:$V$148,">=0")=3,AVERAGEIFS($V$5:$V$148,$A$5:$A$148,$A237,$C$5:$C$148,$B237,$E$5:$E$148,"是"),"") | U237: =COUNTIFS($A$5:$A$148,$A237,$C$5:$C$148,$B237,$E$5:$E$148,"是")
A238: =Participants!A14 | B238: One-Euro | C238: =IF(COUNTIFS($A$5:$A$148,$A238,$C$5:$C$148,$B238,$E$5:$E$148,"是",$F$5:$F$148,">=0")=3,AVERAGEIFS($F$5:$F$148,$A$5:$A$148,$A238,$C$5:$C$148,$B238,$E$5:$E$148,"是"),"") | D238: =IF(COUNTIFS($A$5:$A$148,$A238,$C$5:$C$148,$B238,$E$5:$E$148,"是",$G$5:$G$148,">=0")=3,AVERAGEIFS($G$5:$G$148,$A$5:$A$148,$A238,$C$5:$C$148,$B238,$E$5:$E$148,"是"),"") | E238: =IF(COUNTIFS($A$5:$A$148,$A238,$C$5:$C$148,$B238,$E$5:$E$148,"是",$H$5:$H$148,">=0")=3,AVERAGEIFS($H$5:$H$148,$A$5:$A$148,$A238,$C$5:$C$148,$B238,$E$5:$E$148,"是"),"") | F238: =IF(COUNTIFS($A$5:$A$148,$A238,$C$5:$C$148,$B238,$E$5:$E$148,"是",$I$5:$I$148,">=0")=3,AVERAGEIFS($I$5:$I$148,$A$5:$A$148,$A238,$C$5:$C$148,$B238,$E$5:$E$148,"是"),"") | G238: =IF(COUNTIFS($A$5:$A$148,$A238,$C$5:$C$148,$B238,$E$5:$E$148,"是",$J$5:$J$148,">=0")=3,AVERAGEIFS($J$5:$J$148,$A$5:$A$148,$A238,$C$5:$C$148,$B238,$E$5:$E$148,"是"),"") | H238: =IF(COUNTIFS($A$5:$A$148,$A238,$C$5:$C$148,$B238,$E$5:$E$148,"是",$K$5:$K$148,">=0")=3,AVERAGEIFS($K$5:$K$148,$A$5:$A$148,$A238,$C$5:$C$148,$B238,$E$5:$E$148,"是"),"") | I238: =IF(COUNTIFS($A$5:$A$148,$A238,$C$5:$C$148,$B238,$E$5:$E$148,"是",$L$5:$L$148,">=0")=3,AVERAGEIFS($L$5:$L$148,$A$5:$A$148,$A238,$C$5:$C$148,$B238,$E$5:$E$148,"是"),"") | J238: =IF(COUNTIFS($A$5:$A$148,$A238,$C$5:$C$148,$B238,$E$5:$E$148,"是",$M$5:$M$148,">=0")=3,AVERAGEIFS($M$5:$M$148,$A$5:$A$148,$A238,$C$5:$C$148,$B238,$E$5:$E$148,"是"),"") | K238: =IF(COUNTIFS($A$5:$A$148,$A238,$C$5:$C$148,$B238,$E$5:$E$148,"是",$N$5:$N$148,">=0")=3,AVERAGEIFS($N$5:$N$148,$A$5:$A$148,$A238,$C$5:$C$148,$B238,$E$5:$E$148,"是"),"") | L238: =IF(COUNTIFS($A$152:$A$199,$A238,$B$152:$B$199,$B238,$D$152:$D$199,"是",$R$152:$R$199,">=0")=1,AVERAGEIFS($R$152:$R$199,$A$152:$A$199,$A238,$B$152:$B$199,$B238,$D$152:$D$199,"是"),"") | M238: =IF(COUNTIFS($A$152:$A$199,$A238,$B$152:$B$199,$B238,$D$152:$D$199,"是",$S$152:$S$199,">=0")=1,AVERAGEIFS($S$152:$S$199,$A$152:$A$199,$A238,$B$152:$B$199,$B238,$D$152:$D$199,"是"),"") | N238: =IF(COUNTIFS($A$152:$A$199,$A238,$B$152:$B$199,$B238,$D$152:$D$199,"是",$T$152:$T$199,">=0")=1,AVERAGEIFS($T$152:$T$199,$A$152:$A$199,$A238,$B$152:$B$199,$B238,$D$152:$D$199,"是"),"") | O238: =IF(COUNTIFS($A$5:$A$148,$A238,$C$5:$C$148,$B238,$E$5:$E$148,"是",$O$5:$O$148,">=0")=3,AVERAGEIFS($O$5:$O$148,$A$5:$A$148,$A238,$C$5:$C$148,$B238,$E$5:$E$148,"是"),"") | P238: =IF(COUNTIFS($A$5:$A$148,$A238,$C$5:$C$148,$B238,$E$5:$E$148,"是",$R$5:$R$148,">=0")=3,AVERAGEIFS($R$5:$R$148,$A$5:$A$148,$A238,$C$5:$C$148,$B238,$E$5:$E$148,"是"),"") | Q238: =IF(COUNTIFS($A$5:$A$148,$A238,$C$5:$C$148,$B238,$E$5:$E$148,"是",$S$5:$S$148,">=0")=3,AVERAGEIFS($S$5:$S$148,$A$5:$A$148,$A238,$C$5:$C$148,$B238,$E$5:$E$148,"是"),"") | R238: =IF(COUNTIFS($A$5:$A$148,$A238,$C$5:$C$148,$B238,$E$5:$E$148,"是",$T$5:$T$148,">=0")=3,AVERAGEIFS($T$5:$T$148,$A$5:$A$148,$A238,$C$5:$C$148,$B238,$E$5:$E$148,"是"),"") | S238: =IF(COUNTIFS($A$5:$A$148,$A238,$C$5:$C$148,$B238,$E$5:$E$148,"是",$U$5:$U$148,">=0")=3,AVERAGEIFS($U$5:$U$148,$A$5:$A$148,$A238,$C$5:$C$148,$B238,$E$5:$E$148,"是"),"") | T238: =IF(COUNTIFS($A$5:$A$148,$A238,$C$5:$C$148,$B238,$E$5:$E$148,"是",$V$5:$V$148,">=0")=3,AVERAGEIFS($V$5:$V$148,$A$5:$A$148,$A238,$C$5:$C$148,$B238,$E$5:$E$148,"是"),"") | U238: =COUNTIFS($A$5:$A$148,$A238,$C$5:$C$148,$B238,$E$5:$E$148,"是")
... A250: =Participants!A26 | B250: One-Euro | C250: =IF(COUNTIFS($A$5:$A$148,$A250,$C$5:$C$148,$B250,$E$5:$E$148,"是",$F$5:$F$148,">=0")=3,AVERAGEIFS($F$5:$F$148,$A$5:$A$148,$A250,$C$5:$C$148,$B250,$E$5:$E$148,"是"),"") | D250: =IF(COUNTIFS($A$5:$A$148,$A250,$C$5:$C$148,$B250,$E$5:$E$148,"是",$G$5:$G$148,">=0")=3,AVERAGEIFS($G$5:$G$148,$A$5:$A$148,$A250,$C$5:$C$148,$B250,$E$5:$E$148,"是"),"") | E250: =IF(COUNTIFS($A$5:$A$148,$A250,$C$5:$C$148,$B250,$E$5:$E$148,"是",$H$5:$H$148,">=0")=3,AVERAGEIFS($H$5:$H$148,$A$5:$A$148,$A250,$C$5:$C$148,$B250,$E$5:$E$148,"是"),"") | F250: =IF(COUNTIFS($A$5:$A$148,$A250,$C$5:$C$148,$B250,$E$5:$E$148,"是",$I$5:$I$148,">=0")=3,AVERAGEIFS($I$5:$I$148,$A$5:$A$148,$A250,$C$5:$C$148,$B250,$E$5:$E$148,"是"),"") | G250: =IF(COUNTIFS($A$5:$A$148,$A250,$C$5:$C$148,$B250,$E$5:$E$148,"是",$J$5:$J$148,">=0")=3,AVERAGEIFS($J$5:$J$148,$A$5:$A$148,$A250,$C$5:$C$148,$B250,$E$5:$E$148,"是"),"") | H250: =IF(COUNTIFS($A$5:$A$148,$A250,$C$5:$C$148,$B250,$E$5:$E$148,"是",$K$5:$K$148,">=0")=3,AVERAGEIFS($K$5:$K$148,$A$5:$A$148,$A250,$C$5:$C$148,$B250,$E$5:$E$148,"是"),"") | I250: =IF(COUNTIFS($A$5:$A$148,$A250,$C$5:$C$148,$B250,$E$5:$E$148,"是",$L$5:$L$148,">=0")=3,AVERAGEIFS($L$5:$L$148,$A$5:$A$148,$A250,$C$5:$C$148,$B250,$E$5:$E$148,"是"),"") | J250: =IF(COUNTIFS($A$5:$A$148,$A250,$C$5:$C$148,$B250,$E$5:$E$148,"是",$M$5:$M$148,">=0")=3,AVERAGEIFS($M$5:$M$148,$A$5:$A$148,$A250,$C$5:$C$148,$B250,$E$5:$E$148,"是"),"") | K250: =IF(COUNTIFS($A$5:$A$148,$A250,$C$5:$C$148,$B250,$E$5:$E$148,"是",$N$5:$N$148,">=0")=3,AVERAGEIFS($N$5:$N$148,$A$5:$A$148,$A250,$C$5:$C$148,$B250,$E$5:$E$148,"是"),"") | L250: =IF(COUNTIFS($A$152:$A$199,$A250,$B$152:$B$199,$B250,$D$152:$D$199,"是",$R$152:$R$199,">=0")=1,AVERAGEIFS($R$152:$R$199,$A$152:$A$199,$A250,$B$152:$B$199,$B250,$D$152:$D$199,"是"),"") | M250: =IF(COUNTIFS($A$152:$A$199,$A250,$B$152:$B$199,$B250,$D$152:$D$199,"是",$S$152:$S$199,">=0")=1,AVERAGEIFS($S$152:$S$199,$A$152:$A$199,$A250,$B$152:$B$199,$B250,$D$152:$D$199,"是"),"") | N250: =IF(COUNTIFS($A$152:$A$199,$A250,$B$152:$B$199,$B250,$D$152:$D$199,"是",$T$152:$T$199,">=0")=1,AVERAGEIFS($T$152:$T$199,$A$152:$A$199,$A250,$B$152:$B$199,$B250,$D$152:$D$199,"是"),"") | O250: =IF(COUNTIFS($A$5:$A$148,$A250,$C$5:$C$148,$B250,$E$5:$E$148,"是",$O$5:$O$148,">=0")=3,AVERAGEIFS($O$5:$O$148,$A$5:$A$148,$A250,$C$5:$C$148,$B250,$E$5:$E$148,"是"),"") | P250: =IF(COUNTIFS($A$5:$A$148,$A250,$C$5:$C$148,$B250,$E$5:$E$148,"是",$R$5:$R$148,">=0")=3,AVERAGEIFS($R$5:$R$148,$A$5:$A$148,$A250,$C$5:$C$148,$B250,$E$5:$E$148,"是"),"") | Q250: =IF(COUNTIFS($A$5:$A$148,$A250,$C$5:$C$148,$B250,$E$5:$E$148,"是",$S$5:$S$148,">=0")=3,AVERAGEIFS($S$5:$S$148,$A$5:$A$148,$A250,$C$5:$C$148,$B250,$E$5:$E$148,"是"),"") | R250: =IF(COUNTIFS($A$5:$A$148,$A250,$C$5:$C$148,$B250,$E$5:$E$148,"是",$T$5:$T$148,">=0")=3,AVERAGEIFS($T$5:$T$148,$A$5:$A$148,$A250,$C$5:$C$148,$B250,$E$5:$E$148,"是"),"") | S250: =IF(COUNTIFS($A$5:$A$148,$A250,$C$5:$C$148,$B250,$E$5:$E$148,"是",$U$5:$U$148,">=0")=3,AVERAGEIFS($U$5:$U$148,$A$5:$A$148,$A250,$C$5:$C$148,$B250,$E$5:$E$148,"是"),"") | T250: =IF(COUNTIFS($A$5:$A$148,$A250,$C$5:$C$148,$B250,$E$5:$E$148,"是",$V$5:$V$148,">=0")=3,AVERAGEIFS($V$5:$V$148,$A$5:$A$148,$A250,$C$5:$C$148,$B250,$E$5:$E$148,"是"),"") | U250: =COUNTIFS($A$5:$A$148,$A250,$C$5:$C$148,$B250,$E$5:$E$148,"是")
A252: D4. 每人配对差：EgoAnchor − One-Euro；Participant_ID 校验应全部为 OK
A253: Participant_ID | B253: Q1 | C253: Q8 | D253: Q2 | E253: Q9 | F253: Q3 | G253: Q6 | H253: Q7 | I253: AQ_EQ | J253: AQ_IQ | K253: TIA_RC | L253: TIA_UP | M253: STIAS | N253: Pair_Check
A254: =A203 | B254: =IF(OR(C203="",C227=""),"",C203-C227) | C254: =IF(OR(D203="",D227=""),"",D203-D227) | D254: =IF(OR(E203="",E227=""),"",E203-E227) | E254: =IF(OR(F203="",F227=""),"",F203-F227) | F254: =IF(OR(G203="",G227=""),"",G203-G227) | G254: =IF(OR(H203="",H227=""),"",H203-H227) | H254: =IF(OR(I203="",I227=""),"",I203-I227) | I254: =IF(OR(J203="",J227=""),"",J203-J227) | ... M254: =IF(OR(N203="",N227=""),"",N203-N227) | N254: =IF(A203=A227,"OK","ERROR")
A255: =A204 | B255: =IF(OR(C204="",C228=""),"",C204-C228) | C255: =IF(OR(D204="",D228=""),"",D204-D228) | D255: =IF(OR(E204="",E228=""),"",E204-E228) | E255: =IF(OR(F204="",F228=""),"",F204-F228) | F255: =IF(OR(G204="",G228=""),"",G204-G228) | G255: =IF(OR(H204="",H228=""),"",H204-H228) | H255: =IF(OR(I204="",I228=""),"",I204-I228) | I255: =IF(OR(J204="",J228=""),"",J204-J228) | ... M255: =IF(OR(N204="",N228=""),"",N204-N228) | N255: =IF(A204=A228,"OK","ERROR")
A256: =A205 | B256: =IF(OR(C205="",C229=""),"",C205-C229) | C256: =IF(OR(D205="",D229=""),"",D205-D229) | D256: =IF(OR(E205="",E229=""),"",E205-E229) | E256: =IF(OR(F205="",F229=""),"",F205-F229) | F256: =IF(OR(G205="",G229=""),"",G205-G229) | G256: =IF(OR(H205="",H229=""),"",H205-H229) | H256: =IF(OR(I205="",I229=""),"",I205-I229) | I256: =IF(OR(J205="",J229=""),"",J205-J229) | ... M256: =IF(OR(N205="",N229=""),"",N205-N229) | N256: =IF(A205=A229,"OK","ERROR")
A257: =A206 | B257: =IF(OR(C206="",C230=""),"",C206-C230) | C257: =IF(OR(D206="",D230=""),"",D206-D230) | D257: =IF(OR(E206="",E230=""),"",E206-E230) | E257: =IF(OR(F206="",F230=""),"",F206-F230) | F257: =IF(OR(G206="",G230=""),"",G206-G230) | G257: =IF(OR(H206="",H230=""),"",H206-H230) | H257: =IF(OR(I206="",I230=""),"",I206-I230) | I257: =IF(OR(J206="",J230=""),"",J206-J230) | ... M257: =IF(OR(N206="",N230=""),"",N206-N230) | N257: =IF(A206=A230,"OK","ERROR")
A258: =A207 | B258: =IF(OR(C207="",C231=""),"",C207-C231) | C258: =IF(OR(D207="",D231=""),"",D207-D231) | D258: =IF(OR(E207="",E231=""),"",E207-E231) | E258: =IF(OR(F207="",F231=""),"",F207-F231) | F258: =IF(OR(G207="",G231=""),"",G207-G231) | G258: =IF(OR(H207="",H231=""),"",H207-H231) | H258: =IF(OR(I207="",I231=""),"",I207-I231) | I258: =IF(OR(J207="",J231=""),"",J207-J231) | ... M258: =IF(OR(N207="",N231=""),"",N207-N231) | N258: =IF(A207=A231,"OK","ERROR")
A259: =A208 | B259: =IF(OR(C208="",C232=""),"",C208-C232) | C259: =IF(OR(D208="",D232=""),"",D208-D232) | D259: =IF(OR(E208="",E232=""),"",E208-E232) | E259: =IF(OR(F208="",F232=""),"",F208-F232) | F259: =IF(OR(G208="",G232=""),"",G208-G232) | G259: =IF(OR(H208="",H232=""),"",H208-H232) | H259: =IF(OR(I208="",I232=""),"",I208-I232) | I259: =IF(OR(J208="",J232=""),"",J208-J232) | ... M259: =IF(OR(N208="",N232=""),"",N208-N232) | N259: =IF(A208=A232,"OK","ERROR")
A260: =A209 | B260: =IF(OR(C209="",C233=""),"",C209-C233) | C260: =IF(OR(D209="",D233=""),"",D209-D233) | D260: =IF(OR(E209="",E233=""),"",E209-E233) | E260: =IF(OR(F209="",F233=""),"",F209-F233) | F260: =IF(OR(G209="",G233=""),"",G209-G233) | G260: =IF(OR(H209="",H233=""),"",H209-H233) | H260: =IF(OR(I209="",I233=""),"",I209-I233) | I260: =IF(OR(J209="",J233=""),"",J209-J233) | ... M260: =IF(OR(N209="",N233=""),"",N209-N233) | N260: =IF(A209=A233,"OK","ERROR")
A261: =A210 | B261: =IF(OR(C210="",C234=""),"",C210-C234) | C261: =IF(OR(D210="",D234=""),"",D210-D234) | D261: =IF(OR(E210="",E234=""),"",E210-E234) | E261: =IF(OR(F210="",F234=""),"",F210-F234) | F261: =IF(OR(G210="",G234=""),"",G210-G234) | G261: =IF(OR(H210="",H234=""),"",H210-H234) | H261: =IF(OR(I210="",I234=""),"",I210-I234) | I261: =IF(OR(J210="",J234=""),"",J210-J234) | ... M261: =IF(OR(N210="",N234=""),"",N210-N234) | N261: =IF(A210=A234,"OK","ERROR")
A262: =A211 | B262: =IF(OR(C211="",C235=""),"",C211-C235) | C262: =IF(OR(D211="",D235=""),"",D211-D235) | D262: =IF(OR(E211="",E235=""),"",E211-E235) | E262: =IF(OR(F211="",F235=""),"",F211-F235) | F262: =IF(OR(G211="",G235=""),"",G211-G235) | G262: =IF(OR(H211="",H235=""),"",H211-H235) | H262: =IF(OR(I211="",I235=""),"",I211-I235) | I262: =IF(OR(J211="",J235=""),"",J211-J235) | ... M262: =IF(OR(N211="",N235=""),"",N211-N235) | N262: =IF(A211=A235,"OK","ERROR")
A263: =A212 | B263: =IF(OR(C212="",C236=""),"",C212-C236) | C263: =IF(OR(D212="",D236=""),"",D212-D236) | D263: =IF(OR(E212="",E236=""),"",E212-E236) | E263: =IF(OR(F212="",F236=""),"",F212-F236) | F263: =IF(OR(G212="",G236=""),"",G212-G236) | G263: =IF(OR(H212="",H236=""),"",H212-H236) | H263: =IF(OR(I212="",I236=""),"",I212-I236) | I263: =IF(OR(J212="",J236=""),"",J212-J236) | ... M263: =IF(OR(N212="",N236=""),"",N212-N236) | N263: =IF(A212=A236,"OK","ERROR")
A264: =A213 | B264: =IF(OR(C213="",C237=""),"",C213-C237) | C264: =IF(OR(D213="",D237=""),"",D213-D237) | D264: =IF(OR(E213="",E237=""),"",E213-E237) | E264: =IF(OR(F213="",F237=""),"",F213-F237) | F264: =IF(OR(G213="",G237=""),"",G213-G237) | G264: =IF(OR(H213="",H237=""),"",H213-H237) | H264: =IF(OR(I213="",I237=""),"",I213-I237) | I264: =IF(OR(J213="",J237=""),"",J213-J237) | ... M264: =IF(OR(N213="",N237=""),"",N213-N237) | N264: =IF(A213=A237,"OK","ERROR")
A265: =A214 | B265: =IF(OR(C214="",C238=""),"",C214-C238) | C265: =IF(OR(D214="",D238=""),"",D214-D238) | D265: =IF(OR(E214="",E238=""),"",E214-E238) | E265: =IF(OR(F214="",F238=""),"",F214-F238) | F265: =IF(OR(G214="",G238=""),"",G214-G238) | G265: =IF(OR(H214="",H238=""),"",H214-H238) | H265: =IF(OR(I214="",I238=""),"",I214-I238) | I265: =IF(OR(J214="",J238=""),"",J214-J238) | ... M265: =IF(OR(N214="",N238=""),"",N214-N238) | N265: =IF(A214=A238,"OK","ERROR")
... A277: =A226 | B277: =IF(OR(C226="",C250=""),"",C226-C250) | C277: =IF(OR(D226="",D250=""),"",D226-D250) | D277: =IF(OR(E226="",E250=""),"",E226-E250) | E277: =IF(OR(F226="",F250=""),"",F226-F250) | F277: =IF(OR(G226="",G250=""),"",G226-G250) | G277: =IF(OR(H226="",H250=""),"",H226-H250) | H277: =IF(OR(I226="",I250=""),"",I226-I250) | I277: =IF(OR(J226="",J250=""),"",J226-J250) | ... M277: =IF(OR(N226="",N250=""),"",N226-N250) | N277: =IF(A226=A250,"OK","ERROR")
A279: D5. 最终问卷派生：按 Participants 的纳入状态过滤
A280: Participant_ID | B280: Included | C280: Preference_Strength | D280: Discrimination_Confidence | E280: Final_Complete
A281: =Participants!A3 | B281: =IF(Participants!V3="","",Participants!V3) | C281: =IF(AND(B281="是",ISNUMBER(Records!C203)),Records!C203,"") | D281: =IF(AND(B281="是",ISNUMBER(Records!E203)),Records!E203,"") | E281: =IF(B281<>"是","",IF(AND(Records!B203<>"",Records!D203<>"",ISNUMBER(Records!E203),Records!F203<>"",Records!G203<>"",Records!H203<>"",OR(AND(Records!B203="无明显偏好",OR(Records!C203="",Records!C203="N/A")),AND(Records!B203<>"无明显偏好",ISNUMBER(Records!C203),Records!C203>=1,Records!C203<=7))),"是","否"))
A282: =Participants!A4 | B282: =IF(Participants!V4="","",Participants!V4) | C282: =IF(AND(B282="是",ISNUMBER(Records!C204)),Records!C204,"") | D282: =IF(AND(B282="是",ISNUMBER(Records!E204)),Records!E204,"") | E282: =IF(B282<>"是","",IF(AND(Records!B204<>"",Records!D204<>"",ISNUMBER(Records!E204),Records!F204<>"",Records!G204<>"",Records!H204<>"",OR(AND(Records!B204="无明显偏好",OR(Records!C204="",Records!C204="N/A")),AND(Records!B204<>"无明显偏好",ISNUMBER(Records!C204),Records!C204>=1,Records!C204<=7))),"是","否"))
A283: =Participants!A5 | B283: =IF(Participants!V5="","",Participants!V5) | C283: =IF(AND(B283="是",ISNUMBER(Records!C205)),Records!C205,"") | D283: =IF(AND(B283="是",ISNUMBER(Records!E205)),Records!E205,"") | E283: =IF(B283<>"是","",IF(AND(Records!B205<>"",Records!D205<>"",ISNUMBER(Records!E205),Records!F205<>"",Records!G205<>"",Records!H205<>"",OR(AND(Records!B205="无明显偏好",OR(Records!C205="",Records!C205="N/A")),AND(Records!B205<>"无明显偏好",ISNUMBER(Records!C205),Records!C205>=1,Records!C205<=7))),"是","否"))
A284: =Participants!A6 | B284: =IF(Participants!V6="","",Participants!V6) | C284: =IF(AND(B284="是",ISNUMBER(Records!C206)),Records!C206,"") | D284: =IF(AND(B284="是",ISNUMBER(Records!E206)),Records!E206,"") | E284: =IF(B284<>"是","",IF(AND(Records!B206<>"",Records!D206<>"",ISNUMBER(Records!E206),Records!F206<>"",Records!G206<>"",Records!H206<>"",OR(AND(Records!B206="无明显偏好",OR(Records!C206="",Records!C206="N/A")),AND(Records!B206<>"无明显偏好",ISNUMBER(Records!C206),Records!C206>=1,Records!C206<=7))),"是","否"))
A285: =Participants!A7 | B285: =IF(Participants!V7="","",Participants!V7) | C285: =IF(AND(B285="是",ISNUMBER(Records!C207)),Records!C207,"") | D285: =IF(AND(B285="是",ISNUMBER(Records!E207)),Records!E207,"") | E285: =IF(B285<>"是","",IF(AND(Records!B207<>"",Records!D207<>"",ISNUMBER(Records!E207),Records!F207<>"",Records!G207<>"",Records!H207<>"",OR(AND(Records!B207="无明显偏好",OR(Records!C207="",Records!C207="N/A")),AND(Records!B207<>"无明显偏好",ISNUMBER(Records!C207),Records!C207>=1,Records!C207<=7))),"是","否"))
A286: =Participants!A8 | B286: =IF(Participants!V8="","",Participants!V8) | C286: =IF(AND(B286="是",ISNUMBER(Records!C208)),Records!C208,"") | D286: =IF(AND(B286="是",ISNUMBER(Records!E208)),Records!E208,"") | E286: =IF(B286<>"是","",IF(AND(Records!B208<>"",Records!D208<>"",ISNUMBER(Records!E208),Records!F208<>"",Records!G208<>"",Records!H208<>"",OR(AND(Records!B208="无明显偏好",OR(Records!C208="",Records!C208="N/A")),AND(Records!B208<>"无明显偏好",ISNUMBER(Records!C208),Records!C208>=1,Records!C208<=7))),"是","否"))
A287: =Participants!A9 | B287: =IF(Participants!V9="","",Participants!V9) | C287: =IF(AND(B287="是",ISNUMBER(Records!C209)),Records!C209,"") | D287: =IF(AND(B287="是",ISNUMBER(Records!E209)),Records!E209,"") | E287: =IF(B287<>"是","",IF(AND(Records!B209<>"",Records!D209<>"",ISNUMBER(Records!E209),Records!F209<>"",Records!G209<>"",Records!H209<>"",OR(AND(Records!B209="无明显偏好",OR(Records!C209="",Records!C209="N/A")),AND(Records!B209<>"无明显偏好",ISNUMBER(Records!C209),Records!C209>=1,Records!C209<=7))),"是","否"))
A288: =Participants!A10 | B288: =IF(Participants!V10="","",Participants!V10) | C288: =IF(AND(B288="是",ISNUMBER(Records!C210)),Records!C210,"") | D288: =IF(AND(B288="是",ISNUMBER(Records!E210)),Records!E210,"") | E288: =IF(B288<>"是","",IF(AND(Records!B210<>"",Records!D210<>"",ISNUMBER(Records!E210),Records!F210<>"",Records!G210<>"",Records!H210<>"",OR(AND(Records!B210="无明显偏好",OR(Records!C210="",Records!C210="N/A")),AND(Records!B210<>"无明显偏好",ISNUMBER(Records!C210),Records!C210>=1,Records!C210<=7))),"是","否"))
A289: =Participants!A11 | B289: =IF(Participants!V11="","",Participants!V11) | C289: =IF(AND(B289="是",ISNUMBER(Records!C211)),Records!C211,"") | D289: =IF(AND(B289="是",ISNUMBER(Records!E211)),Records!E211,"") | E289: =IF(B289<>"是","",IF(AND(Records!B211<>"",Records!D211<>"",ISNUMBER(Records!E211),Records!F211<>"",Records!G211<>"",Records!H211<>"",OR(AND(Records!B211="无明显偏好",OR(Records!C211="",Records!C211="N/A")),AND(Records!B211<>"无明显偏好",ISNUMBER(Records!C211),Records!C211>=1,Records!C211<=7))),"是","否"))
A290: =Participants!A12 | B290: =IF(Participants!V12="","",Participants!V12) | C290: =IF(AND(B290="是",ISNUMBER(Records!C212)),Records!C212,"") | D290: =IF(AND(B290="是",ISNUMBER(Records!E212)),Records!E212,"") | E290: =IF(B290<>"是","",IF(AND(Records!B212<>"",Records!D212<>"",ISNUMBER(Records!E212),Records!F212<>"",Records!G212<>"",Records!H212<>"",OR(AND(Records!B212="无明显偏好",OR(Records!C212="",Records!C212="N/A")),AND(Records!B212<>"无明显偏好",ISNUMBER(Records!C212),Records!C212>=1,Records!C212<=7))),"是","否"))
A291: =Participants!A13 | B291: =IF(Participants!V13="","",Participants!V13) | C291: =IF(AND(B291="是",ISNUMBER(Records!C213)),Records!C213,"") | D291: =IF(AND(B291="是",ISNUMBER(Records!E213)),Records!E213,"") | E291: =IF(B291<>"是","",IF(AND(Records!B213<>"",Records!D213<>"",ISNUMBER(Records!E213),Records!F213<>"",Records!G213<>"",Records!H213<>"",OR(AND(Records!B213="无明显偏好",OR(Records!C213="",Records!C213="N/A")),AND(Records!B213<>"无明显偏好",ISNUMBER(Records!C213),Records!C213>=1,Records!C213<=7))),"是","否"))
A292: =Participants!A14 | B292: =IF(Participants!V14="","",Participants!V14) | C292: =IF(AND(B292="是",ISNUMBER(Records!C214)),Records!C214,"") | D292: =IF(AND(B292="是",ISNUMBER(Records!E214)),Records!E214,"") | E292: =IF(B292<>"是","",IF(AND(Records!B214<>"",Records!D214<>"",ISNUMBER(Records!E214),Records!F214<>"",Records!G214<>"",Records!H214<>"",OR(AND(Records!B214="无明显偏好",OR(Records!C214="",Records!C214="N/A")),AND(Records!B214<>"无明显偏好",ISNUMBER(Records!C214),Records!C214>=1,Records!C214<=7))),"是","否"))
... A304: =Participants!A26 | B304: =IF(Participants!V26="","",Participants!V26) | C304: =IF(AND(B304="是",ISNUMBER(Records!C226)),Records!C226,"") | D304: =IF(AND(B304="是",ISNUMBER(Records!E226)),Records!E226,"") | E304: =IF(B304<>"是","",IF(AND(Records!B226<>"",Records!D226<>"",ISNUMBER(Records!E226),Records!F226<>"",Records!G226<>"",Records!H226<>"",OR(AND(Records!B226="无明显偏好",OR(Records!C226="",Records!C226="N/A")),AND(Records!B226<>"无明显偏好",ISNUMBER(Records!C226),Records!C226>=1,Records!C226<=7))),"是","否"))
A307: D6. 参与者审计派生：分开记录施测完成与分析完整；不复制自由备注
A308: Participant_ID | B308: Consented | C308: Started | D308: Completed_Session | E308: Analysis_Complete | F308: Included | G308: Age | H308: Gender | I308: Handedness | J308: Vision | K308: VRMR_Experience | L308: PhysicalMR_Experience | M308: Session_Duration_Min | N308: Valid_Blocks | O308: Completed_Method_Assessments | P308: Valid_Method_Records | Q308: Final_Complete | R308: Exclusion_Reason | S308: Baseline_Discomfort | T308: End_Discomfort | U308: Object_Order | V308: Method_Sequence | W308: A_Mapping | X308: First_Method | Y308: Discomfort_Change | Z308: Audit_Status
A309: =Participants!A3 | B309: =IF(Participants!R3="","",Participants!R3) | C309: =IF(Participants!T3<>"","是","否") | D309: =IF(AND(Participants!T3<>"",Participants!U3<>""),"是","否") | E309: =IF(AND(F309="是",N309=6,O309=2,P309=2,Q309="是"),"是","否") | F309: =IF(Participants!V3="","",Participants!V3) | G309: =IF($F309="是",IF(Participants!L3="","",Participants!L3),"") | H309: =IF($F309="是",IF(Participants!M3="","",Participants!M3),"") | I309: =IF($F309="是",IF(Participants!N3="","",Participants!N3),"") | J309: =IF($F309="是",IF(Participants!O3="","",Participants!O3),"") | K309: =IF($F309="是",IF(Participants!P3="","",Participants!P3),"") | L309: =IF($F309="是",IF(Participants!Q3="","",Participants!Q3),"") | M309: =IF(AND($F309="是",Participants!T3<>"",Participants!U3<>""),IFERROR(MOD(Participants!U3-Participants!T3,1)*1440,IFERROR(MOD(TIMEVALUE(Participants!U3)-TIMEVALUE(Participants!T3),1)*1440,"")),"") | N309: =COUNTIFS($A$5:$A$148,$A309,$E$5:$E$148,"是") | O309: =COUNTIFS($A$152:$A$199,$A309,$C$152:$C$199,"是") | P309: =COUNTIFS($A$152:$A$199,$A309,$D$152:$D$199,"是") | Q309: =IF(AND(Records!B203<>"",Records!D203<>"",ISNUMBER(Records!E203),Records!F203<>"",Records!G203<>"",Records!H203<>"",OR(AND(Records!B203="无明显偏好",OR(Records!C203="",Records!C203="N/A")),AND(Records!B203<>"无明显偏好",ISNUMBER(Records!C203),Records!C203>=1,Records!C203<=7))),"是","否") | R309: =IF(Participants!W3="","",Participants!W3) | S309: =IF(AND($B309="是",$C309="是"),IF(Participants!S3="","",Participants!S3),"") | T309: =IF(AND($B309="是",$C309="是"),IF(Records!H203="","",Records!H203),"") | U309: =IF($F309="是",Participants!C3,"") | V309: =IF($F309="是",Participants!D3,"") | W309: =IF($F309="是",Participants!I3,"") | X309: =IF($F309="是",Participants!K3,"") | Y309: =IF(OR(S309="",T309=""),"",IF(MATCH(T309,{"无","轻微","中等","明显","因不适中止"},0)>MATCH(S309,{"无","轻微","中等","明显","因不适中止"},0),"Worsened",IF(MATCH(T309,{"无","轻微","中等","明显","因不适中止"},0)<MATCH(S309,{"无","轻微","中等","明显","因不适中止"},0),"Improved","Unchanged"))) | Z309: =IF(AND(B309="",COUNTA(Participants!L3:X3)=0),"unused_slot",IF(B309<>"是","not_consented",IF(F309="是",IF(E309="是","included_complete","included_but_incomplete"),IF(F309="否",IF(R309="","excluded_reason_missing","excluded"),"pending_review"))))
A310: =Participants!A4 | B310: =IF(Participants!R4="","",Participants!R4) | C310: =IF(Participants!T4<>"","是","否") | D310: =IF(AND(Participants!T4<>"",Participants!U4<>""),"是","否") | E310: =IF(AND(F310="是",N310=6,O310=2,P310=2,Q310="是"),"是","否") | F310: =IF(Participants!V4="","",Participants!V4) | G310: =IF($F310="是",IF(Participants!L4="","",Participants!L4),"") | H310: =IF($F310="是",IF(Participants!M4="","",Participants!M4),"") | I310: =IF($F310="是",IF(Participants!N4="","",Participants!N4),"") | J310: =IF($F310="是",IF(Participants!O4="","",Participants!O4),"") | K310: =IF($F310="是",IF(Participants!P4="","",Participants!P4),"") | L310: =IF($F310="是",IF(Participants!Q4="","",Participants!Q4),"") | M310: =IF(AND($F310="是",Participants!T4<>"",Participants!U4<>""),IFERROR(MOD(Participants!U4-Participants!T4,1)*1440,IFERROR(MOD(TIMEVALUE(Participants!U4)-TIMEVALUE(Participants!T4),1)*1440,"")),"") | N310: =COUNTIFS($A$5:$A$148,$A310,$E$5:$E$148,"是") | O310: =COUNTIFS($A$152:$A$199,$A310,$C$152:$C$199,"是") | P310: =COUNTIFS($A$152:$A$199,$A310,$D$152:$D$199,"是") | Q310: =IF(AND(Records!B204<>"",Records!D204<>"",ISNUMBER(Records!E204),Records!F204<>"",Records!G204<>"",Records!H204<>"",OR(AND(Records!B204="无明显偏好",OR(Records!C204="",Records!C204="N/A")),AND(Records!B204<>"无明显偏好",ISNUMBER(Records!C204),Records!C204>=1,Records!C204<=7))),"是","否") | R310: =IF(Participants!W4="","",Participants!W4) | S310: =IF(AND($B310="是",$C310="是"),IF(Participants!S4="","",Participants!S4),"") | T310: =IF(AND($B310="是",$C310="是"),IF(Records!H204="","",Records!H204),"") | U310: =IF($F310="是",Participants!C4,"") | V310: =IF($F310="是",Participants!D4,"") | W310: =IF($F310="是",Participants!I4,"") | X310: =IF($F310="是",Participants!K4,"") | Y310: =IF(OR(S310="",T310=""),"",IF(MATCH(T310,{"无","轻微","中等","明显","因不适中止"},0)>MATCH(S310,{"无","轻微","中等","明显","因不适中止"},0),"Worsened",IF(MATCH(T310,{"无","轻微","中等","明显","因不适中止"},0)<MATCH(S310,{"无","轻微","中等","明显","因不适中止"},0),"Improved","Unchanged"))) | Z310: =IF(AND(B310="",COUNTA(Participants!L4:X4)=0),"unused_slot",IF(B310<>"是","not_consented",IF(F310="是",IF(E310="是","included_complete","included_but_incomplete"),IF(F310="否",IF(R310="","excluded_reason_missing","excluded"),"pending_review"))))
A311: =Participants!A5 | B311: =IF(Participants!R5="","",Participants!R5) | C311: =IF(Participants!T5<>"","是","否") | D311: =IF(AND(Participants!T5<>"",Participants!U5<>""),"是","否") | E311: =IF(AND(F311="是",N311=6,O311=2,P311=2,Q311="是"),"是","否") | F311: =IF(Participants!V5="","",Participants!V5) | G311: =IF($F311="是",IF(Participants!L5="","",Participants!L5),"") | H311: =IF($F311="是",IF(Participants!M5="","",Participants!M5),"") | I311: =IF($F311="是",IF(Participants!N5="","",Participants!N5),"") | J311: =IF($F311="是",IF(Participants!O5="","",Participants!O5),"") | K311: =IF($F311="是",IF(Participants!P5="","",Participants!P5),"") | L311: =IF($F311="是",IF(Participants!Q5="","",Participants!Q5),"") | M311: =IF(AND($F311="是",Participants!T5<>"",Participants!U5<>""),IFERROR(MOD(Participants!U5-Participants!T5,1)*1440,IFERROR(MOD(TIMEVALUE(Participants!U5)-TIMEVALUE(Participants!T5),1)*1440,"")),"") | N311: =COUNTIFS($A$5:$A$148,$A311,$E$5:$E$148,"是") | O311: =COUNTIFS($A$152:$A$199,$A311,$C$152:$C$199,"是") | P311: =COUNTIFS($A$152:$A$199,$A311,$D$152:$D$199,"是") | Q311: =IF(AND(Records!B205<>"",Records!D205<>"",ISNUMBER(Records!E205),Records!F205<>"",Records!G205<>"",Records!H205<>"",OR(AND(Records!B205="无明显偏好",OR(Records!C205="",Records!C205="N/A")),AND(Records!B205<>"无明显偏好",ISNUMBER(Records!C205),Records!C205>=1,Records!C205<=7))),"是","否") | R311: =IF(Participants!W5="","",Participants!W5) | S311: =IF(AND($B311="是",$C311="是"),IF(Participants!S5="","",Participants!S5),"") | T311: =IF(AND($B311="是",$C311="是"),IF(Records!H205="","",Records!H205),"") | U311: =IF($F311="是",Participants!C5,"") | V311: =IF($F311="是",Participants!D5,"") | W311: =IF($F311="是",Participants!I5,"") | X311: =IF($F311="是",Participants!K5,"") | Y311: =IF(OR(S311="",T311=""),"",IF(MATCH(T311,{"无","轻微","中等","明显","因不适中止"},0)>MATCH(S311,{"无","轻微","中等","明显","因不适中止"},0),"Worsened",IF(MATCH(T311,{"无","轻微","中等","明显","因不适中止"},0)<MATCH(S311,{"无","轻微","中等","明显","因不适中止"},0),"Improved","Unchanged"))) | Z311: =IF(AND(B311="",COUNTA(Participants!L5:X5)=0),"unused_slot",IF(B311<>"是","not_consented",IF(F311="是",IF(E311="是","included_complete","included_but_incomplete"),IF(F311="否",IF(R311="","excluded_reason_missing","excluded"),"pending_review"))))
A312: =Participants!A6 | B312: =IF(Participants!R6="","",Participants!R6) | C312: =IF(Participants!T6<>"","是","否") | D312: =IF(AND(Participants!T6<>"",Participants!U6<>""),"是","否") | E312: =IF(AND(F312="是",N312=6,O312=2,P312=2,Q312="是"),"是","否") | F312: =IF(Participants!V6="","",Participants!V6) | G312: =IF($F312="是",IF(Participants!L6="","",Participants!L6),"") | H312: =IF($F312="是",IF(Participants!M6="","",Participants!M6),"") | I312: =IF($F312="是",IF(Participants!N6="","",Participants!N6),"") | J312: =IF($F312="是",IF(Participants!O6="","",Participants!O6),"") | K312: =IF($F312="是",IF(Participants!P6="","",Participants!P6),"") | L312: =IF($F312="是",IF(Participants!Q6="","",Participants!Q6),"") | M312: =IF(AND($F312="是",Participants!T6<>"",Participants!U6<>""),IFERROR(MOD(Participants!U6-Participants!T6,1)*1440,IFERROR(MOD(TIMEVALUE(Participants!U6)-TIMEVALUE(Participants!T6),1)*1440,"")),"") | N312: =COUNTIFS($A$5:$A$148,$A312,$E$5:$E$148,"是") | O312: =COUNTIFS($A$152:$A$199,$A312,$C$152:$C$199,"是") | P312: =COUNTIFS($A$152:$A$199,$A312,$D$152:$D$199,"是") | Q312: =IF(AND(Records!B206<>"",Records!D206<>"",ISNUMBER(Records!E206),Records!F206<>"",Records!G206<>"",Records!H206<>"",OR(AND(Records!B206="无明显偏好",OR(Records!C206="",Records!C206="N/A")),AND(Records!B206<>"无明显偏好",ISNUMBER(Records!C206),Records!C206>=1,Records!C206<=7))),"是","否") | R312: =IF(Participants!W6="","",Participants!W6) | S312: =IF(AND($B312="是",$C312="是"),IF(Participants!S6="","",Participants!S6),"") | T312: =IF(AND($B312="是",$C312="是"),IF(Records!H206="","",Records!H206),"") | U312: =IF($F312="是",Participants!C6,"") | V312: =IF($F312="是",Participants!D6,"") | W312: =IF($F312="是",Participants!I6,"") | X312: =IF($F312="是",Participants!K6,"") | Y312: =IF(OR(S312="",T312=""),"",IF(MATCH(T312,{"无","轻微","中等","明显","因不适中止"},0)>MATCH(S312,{"无","轻微","中等","明显","因不适中止"},0),"Worsened",IF(MATCH(T312,{"无","轻微","中等","明显","因不适中止"},0)<MATCH(S312,{"无","轻微","中等","明显","因不适中止"},0),"Improved","Unchanged"))) | Z312: =IF(AND(B312="",COUNTA(Participants!L6:X6)=0),"unused_slot",IF(B312<>"是","not_consented",IF(F312="是",IF(E312="是","included_complete","included_but_incomplete"),IF(F312="否",IF(R312="","excluded_reason_missing","excluded"),"pending_review"))))
A313: =Participants!A7 | B313: =IF(Participants!R7="","",Participants!R7) | C313: =IF(Participants!T7<>"","是","否") | D313: =IF(AND(Participants!T7<>"",Participants!U7<>""),"是","否") | E313: =IF(AND(F313="是",N313=6,O313=2,P313=2,Q313="是"),"是","否") | F313: =IF(Participants!V7="","",Participants!V7) | G313: =IF($F313="是",IF(Participants!L7="","",Participants!L7),"") | H313: =IF($F313="是",IF(Participants!M7="","",Participants!M7),"") | I313: =IF($F313="是",IF(Participants!N7="","",Participants!N7),"") | J313: =IF($F313="是",IF(Participants!O7="","",Participants!O7),"") | K313: =IF($F313="是",IF(Participants!P7="","",Participants!P7),"") | L313: =IF($F313="是",IF(Participants!Q7="","",Participants!Q7),"") | M313: =IF(AND($F313="是",Participants!T7<>"",Participants!U7<>""),IFERROR(MOD(Participants!U7-Participants!T7,1)*1440,IFERROR(MOD(TIMEVALUE(Participants!U7)-TIMEVALUE(Participants!T7),1)*1440,"")),"") | N313: =COUNTIFS($A$5:$A$148,$A313,$E$5:$E$148,"是") | O313: =COUNTIFS($A$152:$A$199,$A313,$C$152:$C$199,"是") | P313: =COUNTIFS($A$152:$A$199,$A313,$D$152:$D$199,"是") | Q313: =IF(AND(Records!B207<>"",Records!D207<>"",ISNUMBER(Records!E207),Records!F207<>"",Records!G207<>"",Records!H207<>"",OR(AND(Records!B207="无明显偏好",OR(Records!C207="",Records!C207="N/A")),AND(Records!B207<>"无明显偏好",ISNUMBER(Records!C207),Records!C207>=1,Records!C207<=7))),"是","否") | R313: =IF(Participants!W7="","",Participants!W7) | S313: =IF(AND($B313="是",$C313="是"),IF(Participants!S7="","",Participants!S7),"") | T313: =IF(AND($B313="是",$C313="是"),IF(Records!H207="","",Records!H207),"") | U313: =IF($F313="是",Participants!C7,"") | V313: =IF($F313="是",Participants!D7,"") | W313: =IF($F313="是",Participants!I7,"") | X313: =IF($F313="是",Participants!K7,"") | Y313: =IF(OR(S313="",T313=""),"",IF(MATCH(T313,{"无","轻微","中等","明显","因不适中止"},0)>MATCH(S313,{"无","轻微","中等","明显","因不适中止"},0),"Worsened",IF(MATCH(T313,{"无","轻微","中等","明显","因不适中止"},0)<MATCH(S313,{"无","轻微","中等","明显","因不适中止"},0),"Improved","Unchanged"))) | Z313: =IF(AND(B313="",COUNTA(Participants!L7:X7)=0),"unused_slot",IF(B313<>"是","not_consented",IF(F313="是",IF(E313="是","included_complete","included_but_incomplete"),IF(F313="否",IF(R313="","excluded_reason_missing","excluded"),"pending_review"))))
A314: =Participants!A8 | B314: =IF(Participants!R8="","",Participants!R8) | C314: =IF(Participants!T8<>"","是","否") | D314: =IF(AND(Participants!T8<>"",Participants!U8<>""),"是","否") | E314: =IF(AND(F314="是",N314=6,O314=2,P314=2,Q314="是"),"是","否") | F314: =IF(Participants!V8="","",Participants!V8) | G314: =IF($F314="是",IF(Participants!L8="","",Participants!L8),"") | H314: =IF($F314="是",IF(Participants!M8="","",Participants!M8),"") | I314: =IF($F314="是",IF(Participants!N8="","",Participants!N8),"") | J314: =IF($F314="是",IF(Participants!O8="","",Participants!O8),"") | K314: =IF($F314="是",IF(Participants!P8="","",Participants!P8),"") | L314: =IF($F314="是",IF(Participants!Q8="","",Participants!Q8),"") | M314: =IF(AND($F314="是",Participants!T8<>"",Participants!U8<>""),IFERROR(MOD(Participants!U8-Participants!T8,1)*1440,IFERROR(MOD(TIMEVALUE(Participants!U8)-TIMEVALUE(Participants!T8),1)*1440,"")),"") | N314: =COUNTIFS($A$5:$A$148,$A314,$E$5:$E$148,"是") | O314: =COUNTIFS($A$152:$A$199,$A314,$C$152:$C$199,"是") | P314: =COUNTIFS($A$152:$A$199,$A314,$D$152:$D$199,"是") | Q314: =IF(AND(Records!B208<>"",Records!D208<>"",ISNUMBER(Records!E208),Records!F208<>"",Records!G208<>"",Records!H208<>"",OR(AND(Records!B208="无明显偏好",OR(Records!C208="",Records!C208="N/A")),AND(Records!B208<>"无明显偏好",ISNUMBER(Records!C208),Records!C208>=1,Records!C208<=7))),"是","否") | R314: =IF(Participants!W8="","",Participants!W8) | S314: =IF(AND($B314="是",$C314="是"),IF(Participants!S8="","",Participants!S8),"") | T314: =IF(AND($B314="是",$C314="是"),IF(Records!H208="","",Records!H208),"") | U314: =IF($F314="是",Participants!C8,"") | V314: =IF($F314="是",Participants!D8,"") | W314: =IF($F314="是",Participants!I8,"") | X314: =IF($F314="是",Participants!K8,"") | Y314: =IF(OR(S314="",T314=""),"",IF(MATCH(T314,{"无","轻微","中等","明显","因不适中止"},0)>MATCH(S314,{"无","轻微","中等","明显","因不适中止"},0),"Worsened",IF(MATCH(T314,{"无","轻微","中等","明显","因不适中止"},0)<MATCH(S314,{"无","轻微","中等","明显","因不适中止"},0),"Improved","Unchanged"))) | Z314: =IF(AND(B314="",COUNTA(Participants!L8:X8)=0),"unused_slot",IF(B314<>"是","not_consented",IF(F314="是",IF(E314="是","included_complete","included_but_incomplete"),IF(F314="否",IF(R314="","excluded_reason_missing","excluded"),"pending_review"))))
A315: =Participants!A9 | B315: =IF(Participants!R9="","",Participants!R9) | C315: =IF(Participants!T9<>"","是","否") | D315: =IF(AND(Participants!T9<>"",Participants!U9<>""),"是","否") | E315: =IF(AND(F315="是",N315=6,O315=2,P315=2,Q315="是"),"是","否") | F315: =IF(Participants!V9="","",Participants!V9) | G315: =IF($F315="是",IF(Participants!L9="","",Participants!L9),"") | H315: =IF($F315="是",IF(Participants!M9="","",Participants!M9),"") | I315: =IF($F315="是",IF(Participants!N9="","",Participants!N9),"") | J315: =IF($F315="是",IF(Participants!O9="","",Participants!O9),"") | K315: =IF($F315="是",IF(Participants!P9="","",Participants!P9),"") | L315: =IF($F315="是",IF(Participants!Q9="","",Participants!Q9),"") | M315: =IF(AND($F315="是",Participants!T9<>"",Participants!U9<>""),IFERROR(MOD(Participants!U9-Participants!T9,1)*1440,IFERROR(MOD(TIMEVALUE(Participants!U9)-TIMEVALUE(Participants!T9),1)*1440,"")),"") | N315: =COUNTIFS($A$5:$A$148,$A315,$E$5:$E$148,"是") | O315: =COUNTIFS($A$152:$A$199,$A315,$C$152:$C$199,"是") | P315: =COUNTIFS($A$152:$A$199,$A315,$D$152:$D$199,"是") | Q315: =IF(AND(Records!B209<>"",Records!D209<>"",ISNUMBER(Records!E209),Records!F209<>"",Records!G209<>"",Records!H209<>"",OR(AND(Records!B209="无明显偏好",OR(Records!C209="",Records!C209="N/A")),AND(Records!B209<>"无明显偏好",ISNUMBER(Records!C209),Records!C209>=1,Records!C209<=7))),"是","否") | R315: =IF(Participants!W9="","",Participants!W9) | S315: =IF(AND($B315="是",$C315="是"),IF(Participants!S9="","",Participants!S9),"") | T315: =IF(AND($B315="是",$C315="是"),IF(Records!H209="","",Records!H209),"") | U315: =IF($F315="是",Participants!C9,"") | V315: =IF($F315="是",Participants!D9,"") | W315: =IF($F315="是",Participants!I9,"") | X315: =IF($F315="是",Participants!K9,"") | Y315: =IF(OR(S315="",T315=""),"",IF(MATCH(T315,{"无","轻微","中等","明显","因不适中止"},0)>MATCH(S315,{"无","轻微","中等","明显","因不适中止"},0),"Worsened",IF(MATCH(T315,{"无","轻微","中等","明显","因不适中止"},0)<MATCH(S315,{"无","轻微","中等","明显","因不适中止"},0),"Improved","Unchanged"))) | Z315: =IF(AND(B315="",COUNTA(Participants!L9:X9)=0),"unused_slot",IF(B315<>"是","not_consented",IF(F315="是",IF(E315="是","included_complete","included_but_incomplete"),IF(F315="否",IF(R315="","excluded_reason_missing","excluded"),"pending_review"))))
A316: =Participants!A10 | B316: =IF(Participants!R10="","",Participants!R10) | C316: =IF(Participants!T10<>"","是","否") | D316: =IF(AND(Participants!T10<>"",Participants!U10<>""),"是","否") | E316: =IF(AND(F316="是",N316=6,O316=2,P316=2,Q316="是"),"是","否") | F316: =IF(Participants!V10="","",Participants!V10) | G316: =IF($F316="是",IF(Participants!L10="","",Participants!L10),"") | H316: =IF($F316="是",IF(Participants!M10="","",Participants!M10),"") | I316: =IF($F316="是",IF(Participants!N10="","",Participants!N10),"") | J316: =IF($F316="是",IF(Participants!O10="","",Participants!O10),"") | K316: =IF($F316="是",IF(Participants!P10="","",Participants!P10),"") | L316: =IF($F316="是",IF(Participants!Q10="","",Participants!Q10),"") | M316: =IF(AND($F316="是",Participants!T10<>"",Participants!U10<>""),IFERROR(MOD(Participants!U10-Participants!T10,1)*1440,IFERROR(MOD(TIMEVALUE(Participants!U10)-TIMEVALUE(Participants!T10),1)*1440,"")),"") | N316: =COUNTIFS($A$5:$A$148,$A316,$E$5:$E$148,"是") | O316: =COUNTIFS($A$152:$A$199,$A316,$C$152:$C$199,"是") | P316: =COUNTIFS($A$152:$A$199,$A316,$D$152:$D$199,"是") | Q316: =IF(AND(Records!B210<>"",Records!D210<>"",ISNUMBER(Records!E210),Records!F210<>"",Records!G210<>"",Records!H210<>"",OR(AND(Records!B210="无明显偏好",OR(Records!C210="",Records!C210="N/A")),AND(Records!B210<>"无明显偏好",ISNUMBER(Records!C210),Records!C210>=1,Records!C210<=7))),"是","否") | R316: =IF(Participants!W10="","",Participants!W10) | S316: =IF(AND($B316="是",$C316="是"),IF(Participants!S10="","",Participants!S10),"") | T316: =IF(AND($B316="是",$C316="是"),IF(Records!H210="","",Records!H210),"") | U316: =IF($F316="是",Participants!C10,"") | V316: =IF($F316="是",Participants!D10,"") | W316: =IF($F316="是",Participants!I10,"") | X316: =IF($F316="是",Participants!K10,"") | Y316: =IF(OR(S316="",T316=""),"",IF(MATCH(T316,{"无","轻微","中等","明显","因不适中止"},0)>MATCH(S316,{"无","轻微","中等","明显","因不适中止"},0),"Worsened",IF(MATCH(T316,{"无","轻微","中等","明显","因不适中止"},0)<MATCH(S316,{"无","轻微","中等","明显","因不适中止"},0),"Improved","Unchanged"))) | Z316: =IF(AND(B316="",COUNTA(Participants!L10:X10)=0),"unused_slot",IF(B316<>"是","not_consented",IF(F316="是",IF(E316="是","included_complete","included_but_incomplete"),IF(F316="否",IF(R316="","excluded_reason_missing","excluded"),"pending_review"))))
...

Sheet Analysis
A1: 实验三实时数据检查与论文汇报概览
A2: 数据流：人工只填 Participants + Records → Derived 只读公式派生 → Analysis 绿色区现场描述 → pixi run eval analyze exp3 另写正式结果 XLSX。黄色区仅标识离线统计，本原始文件不会被 Python 回填。
A4: A. 样本流程、采集完整性与问卷负担
A5: 检查项 | B5: 实时值 | C5: 目标/规则 | D5: 状态
A6: 已签署同意 | B6: =COUNTIF(Derived!B309:B332,"是") | C6: 样本流分母 | D6: =IF(B6=0,"待招募","已记录")
A7: 已开始会话 | B7: =COUNTIFS(Derived!B309:B332,"是",Derived!C309:C332,"是") | C7: 已同意者中的开始人数 | D7: =IF(B7<=B6,"通过","检查")
A8: 已完成会话 | B8: =COUNTIFS(Derived!B309:B332,"是",Derived!D309:D332,"是") | C8: 有开始和结束时间；不等同分析纳入 | D8: =IF(B8<=B7,"通过","检查")
A9: 确认纳入参与者 | B9: =COUNTIFS(Derived!B309:B332,"是",Derived!F309:F332,"是") | C9: 目标 24；硬下限 18 | D9: =IF(B9>=24,"完成",IF(B9>=18,"可分析但未达目标","未达下限"))
A10: 已排除/退出 | B10: =COUNTIFS(Derived!B309:B332,"是",Derived!F309:F332,"否") | C10: 必须记录冻结主原因 | D10: =IF(COUNTIFS(Derived!F309:F332,"否",Derived!R309:R332,"")=0,"通过","原因缺失")
A11: 待审核 | B11: =COUNTIFS(Derived!B309:B332,"是",Derived!F309:F332,"") | C11: 分析前必须清零 | D11: =IF(B11=0,"通过","待处理")
A12: 纳入者分析记录完整 | B12: =COUNTIFS(Derived!F309:F332,"是",Derived!E309:E332,"是") | C12: 每位纳入者均完整 | D12: =IF(B12=B9,"通过","检查缺失或审核")
A13: 有效区块 | B13: =COUNTIF(Derived!E5:E148,"是") | C13: 每位纳入者 6 个 | D13: =IF(B13=B9*6,"通过","检查缺失或审核")
A14: 有效方法级记录 | B14: =COUNTIF(Derived!D152:D199,"是") | C14: 每位纳入者 2 个；量表按各自阈值计分 | D14: =IF(B14=B9*2,"通过","检查缺失或审核")
A15: 最终问卷完整 | B15: =COUNTIF(Derived!E281:E304,"是") | C15: 含选择、跳题、开放题与安全检查 | D15: =IF(B15=B9,"通过","检查缺失")
A16: 有效区块中问卷 >150 s | B16: =IFERROR(COUNTIFS(Derived!E5:E148,"是",Derived!P5:P148,"是")/COUNTIF(Derived!E5:E148,"是"),"") | C16: 预实验负担诊断 | D16: =IF(B16="","待填",IF(B16>=0.2,"触发复核","未触发"))
A17: 有效区块中 >=5 连续同分 | B17: =IFERROR(COUNTIFS(Derived!E5:E148,"是",Derived!Q5:Q148,"是")/COUNTIF(Derived!E5:E148,"是"),"") | C17: 预实验负担诊断 | D17: =IF(B17="","待填",IF(B17>=0.05,"触发复核","未触发"))
A19: B1. 参与者连续变量：仅纳入样本；论文数字以 Python 结果为准
A20: Metric | B20: N | C20: Missing | D20: Mean | E20: SD | F20: Median | G20: Q1 | H20: Q3 | I20: Min | J20: Max | K20: 论文用途
A21: Age | B21: =COUNT(Derived!G309:G332) | C21: =$B$9-B21 | D21: =IF(B21=0,"",AVERAGE(Derived!G309:G332)) | E21: =IF(B21<2,"",STDEV.S(Derived!G309:G332)) | F21: =IF(B21=0,"",MEDIAN(Derived!G309:G332)) | G21: =IF(B21=0,"",QUARTILE.INC(Derived!G309:G332,1)) | H21: =IF(B21=0,"",QUARTILE.INC(Derived!G309:G332,3)) | I21: =IF(B21=0,"",MIN(Derived!G309:G332)) | J21: =IF(B21=0,"",MAX(Derived!G309:G332)) | K21: 主文样本描述
A22: Session_Duration_Min | B22: =COUNT(Derived!M309:M332) | C22: =$B$9-B22 | D22: =IF(B22=0,"",AVERAGE(Derived!M309:M332)) | E22: =IF(B22<2,"",STDEV.S(Derived!M309:M332)) | F22: =IF(B22=0,"",MEDIAN(Derived!M309:M332)) | G22: =IF(B22=0,"",QUARTILE.INC(Derived!M309:M332,1)) | H22: =IF(B22=0,"",QUARTILE.INC(Derived!M309:M332,3)) | I22: =IF(B22=0,"",MIN(Derived!M309:M332)) | J22: =IF(B22=0,"",MAX(Derived!M309:M332)) | K22: 流程审计/补充材料
A25: B2. 参与者与安全分类分布：人口学分母为纳入 N，安全分母为已同意且已开始 N
A26: Variable | B26: Category | C26: Count | D26: Percent | E26: Missing_N | F26: Denominator
A27: Gender | B27: 女 | C27: =COUNTIF(Derived!$H$309:$H$332,B27) | D27: =IF($B$9=0,"",C27/$B$9) | E27: =$B$9-SUM($C$27:$C$30) | F27: =$B$9
A28: Gender | B28: 男 | C28: =COUNTIF(Derived!$H$309:$H$332,B28) | D28: =IF($B$9=0,"",C28/$B$9) | E28: =$B$9-SUM($C$27:$C$30) | F28: =$B$9
A29: Gender | B29: 非二元或其他 | C29: =COUNTIF(Derived!$H$309:$H$332,B29) | D29: =IF($B$9=0,"",C29/$B$9) | E29: =$B$9-SUM($C$27:$C$30) | F29: =$B$9
A30: Gender | B30: 不愿透露 | C30: =COUNTIF(Derived!$H$309:$H$332,B30) | D30: =IF($B$9=0,"",C30/$B$9) | E30: =$B$9-SUM($C$27:$C$30) | F30: =$B$9
A31: Handedness | B31: 右手 | C31: =COUNTIF(Derived!$I$309:$I$332,B31) | D31: =IF($B$9=0,"",C31/$B$9) | E31: =$B$9-SUM($C$31:$C$33) | F31: =$B$9
A32: Handedness | B32: 左手 | C32: =COUNTIF(Derived!$I$309:$I$332,B32) | D32: =IF($B$9=0,"",C32/$B$9) | E32: =$B$9-SUM($C$31:$C$33) | F32: =$B$9
A33: Handedness | B33: 双手均可 | C33: =COUNTIF(Derived!$I$309:$I$332,B33) | D33: =IF($B$9=0,"",C33/$B$9) | E33: =$B$9-SUM($C$31:$C$33) | F33: =$B$9
A34: Vision | B34: 正常 | C34: =COUNTIF(Derived!$J$309:$J$332,B34) | D34: =IF($B$9=0,"",C34/$B$9) | E34: =$B$9-SUM($C$34:$C$36) | F34: =$B$9
A35: Vision | B35: 矫正后正常 | C35: =COUNTIF(Derived!$J$309:$J$332,B35) | D35: =IF($B$9=0,"",C35/$B$9) | E35: =$B$9-SUM($C$34:$C$36) | F35: =$B$9
A36: Vision | B36: 其他 | C36: =COUNTIF(Derived!$J$309:$J$332,B36) | D36: =IF($B$9=0,"",C36/$B$9) | E36: =$B$9-SUM($C$34:$C$36) | F36: =$B$9
A37: VRMR_Experience | B37: 从未 | C37: =COUNTIF(Derived!$K$309:$K$332,B37) | D37: =IF($B$9=0,"",C37/$B$9) | E37: =$B$9-SUM($C$37:$C$41) | F37: =$B$9
A38: VRMR_Experience | B38: 1–5 次 | C38: =COUNTIF(Derived!$K$309:$K$332,B38) | D38: =IF($B$9=0,"",C38/$B$9) | E38: =$B$9-SUM($C$37:$C$41) | F38: =$B$9
A39: VRMR_Experience | B39: 6–20 次 | C39: =COUNTIF(Derived!$K$309:$K$332,B39) | D39: =IF($B$9=0,"",C39/$B$9) | E39: =$B$9-SUM($C$37:$C$41) | F39: =$B$9
A40: VRMR_Experience | B40: 超过 20 次 | C40: =COUNTIF(Derived!$K$309:$K$332,B40) | D40: =IF($B$9=0,"",C40/$B$9) | E40: =$B$9-SUM($C$37:$C$41) | F40: =$B$9
A41: VRMR_Experience | B41: 经常使用 | C41: =COUNTIF(Derived!$K$309:$K$332,B41) | D41: =IF($B$9=0,"",C41/$B$9) | E41: =$B$9-SUM($C$37:$C$41) | F41: =$B$9
A42: PhysicalMR_Experience | B42: 从未 | C42: =COUNTIF(Derived!$L$309:$L$332,B42) | D42: =IF($B$9=0,"",C42/$B$9) | E42: =$B$9-SUM($C$42:$C$45) | F42: =$B$9
A43: PhysicalMR_Experience | B43: 1–2 次 | C43: =COUNTIF(Derived!$L$309:$L$332,B43) | D43: =IF($B$9=0,"",C43/$B$9) | E43: =$B$9-SUM($C$42:$C$45) | F43: =$B$9
A44: PhysicalMR_Experience | B44: 数次 | C44: =COUNTIF(Derived!$L$309:$L$332,B44) | D44: =IF($B$9=0,"",C44/$B$9) | E44: =$B$9-SUM($C$42:$C$45) | F44: =$B$9
A45: PhysicalMR_Experience | B45: 经常 | C45: =COUNTIF(Derived!$L$309:$L$332,B45) | D45: =IF($B$9=0,"",C45/$B$9) | E45: =$B$9-SUM($C$42:$C$45) | F45: =$B$9
A46: Baseline_Discomfort | B46: 无 | C46: =COUNTIF(Derived!$S$309:$S$332,B46) | D46: =IF($B$7=0,"",C46/$B$7) | E46: =$B$7-SUM($C$46:$C$50) | F46: =$B$7
A47: Baseline_Discomfort | B47: 轻微 | C47: =COUNTIF(Derived!$S$309:$S$332,B47) | D47: =IF($B$7=0,"",C47/$B$7) | E47: =$B$7-SUM($C$46:$C$50) | F47: =$B$7
A48: Baseline_Discomfort | B48: 中等 | C48: =COUNTIF(Derived!$S$309:$S$332,B48) | D48: =IF($B$7=0,"",C48/$B$7) | E48: =$B$7-SUM($C$46:$C$50) | F48: =$B$7
A49: Baseline_Discomfort | B49: 明显 | C49: =COUNTIF(Derived!$S$309:$S$332,B49) | D49: =IF($B$7=0,"",C49/$B$7) | E49: =$B$7-SUM($C$46:$C$50) | F49: =$B$7
A50: Baseline_Discomfort | B50: 因不适中止 | C50: =COUNTIF(Derived!$S$309:$S$332,B50) | D50: =IF($B$7=0,"",C50/$B$7) | E50: =$B$7-SUM($C$46:$C$50) | F50: =$B$7
A51: End_Discomfort | B51: 无 | C51: =COUNTIF(Derived!$T$309:$T$332,B51) | D51: =IF($B$7=0,"",C51/$B$7) | E51: =$B$7-SUM($C$51:$C$55) | F51: =$B$7
A52: End_Discomfort | B52: 轻微 | C52: =COUNTIF(Derived!$T$309:$T$332,B52) | D52: =IF($B$7=0,"",C52/$B$7) | E52: =$B$7-SUM($C$51:$C$55) | F52: =$B$7
A53: End_Discomfort | B53: 中等 | C53: =COUNTIF(Derived!$T$309:$T$332,B53) | D53: =IF($B$7=0,"",C53/$B$7) | E53: =$B$7-SUM($C$51:$C$55) | F53: =$B$7
A54: End_Discomfort | B54: 明显 | C54: =COUNTIF(Derived!$T$309:$T$332,B54) | D54: =IF($B$7=0,"",C54/$B$7) | E54: =$B$7-SUM($C$51:$C$55) | F54: =$B$7
A55: End_Discomfort | B55: 因不适中止 | C55: =COUNTIF(Derived!$T$309:$T$332,B55) | D55: =IF($B$7=0,"",C55/$B$7) | E55: =$B$7-SUM($C$51:$C$55) | F55: =$B$7
A56: Discomfort_Change | B56: Worsened | C56: =COUNTIF(Derived!$Y$309:$Y$332,"Worsened") | D56: =IF(F56=0,"",C56/F56) | E56: =$B$7-F56 | F56: =COUNTIF(Derived!$Y$309:$Y$332,"Worsened")+COUNTIF(Derived!$Y$309:$Y$332,"Improved")+COUNTIF(Derived!$Y$309:$Y$332,"Unchanged")
A58: B3. 顺序与标签平衡：只计算纳入样本
A59: Factor | B59: Level | C59: N | D59: Expected_at_N24 | E59: Expected_at_Actual_N | F59: Deviation_From_Actual_Balance | G59: Status
A60: Object_Order | B60: 1 | C60: =COUNTIF(Derived!$U$309:$U$332,B60) | D60: 4 | E60: =IF($B$9=0,"",$B$9/6) | F60: =IF(E60="","",C60-E60) | G60: =IF(E60="","待填",IF(ABS(F60)<0.000000001,"平衡","检查"))
A61: Object_Order | B61: 2 | C61: =COUNTIF(Derived!$U$309:$U$332,B61) | D61: 4 | E61: =IF($B$9=0,"",$B$9/6) | F61: =IF(E61="","",C61-E61) | G61: =IF(E61="","待填",IF(ABS(F61)<0.000000001,"平衡","检查"))
A62: Object_Order | B62: 3 | C62: =COUNTIF(Derived!$U$309:$U$332,B62) | D62: 4 | E62: =IF($B$9=0,"",$B$9/6) | F62: =IF(E62="","",C62-E62) | G62: =IF(E62="","待填",IF(ABS(F62)<0.000000001,"平衡","检查"))
A63: Object_Order | B63: 4 | C63: =COUNTIF(Derived!$U$309:$U$332,B63) | D63: 4 | E63: =IF($B$9=0,"",$B$9/6) | F63: =IF(E63="","",C63-E63) | G63: =IF(E63="","待填",IF(ABS(F63)<0.000000001,"平衡","检查"))
A64: Object_Order | B64: 5 | C64: =COUNTIF(Derived!$U$309:$U$332,B64) | D64: 4 | E64: =IF($B$9=0,"",$B$9/6) | F64: =IF(E64="","",C64-E64) | G64: =IF(E64="","待填",IF(ABS(F64)<0.000000001,"平衡","检查"))
A65: Object_Order | B65: 6 | C65: =COUNTIF(Derived!$U$309:$U$332,B65) | D65: 4 | E65: =IF($B$9=0,"",$B$9/6) | F65: =IF(E65="","",C65-E65) | G65: =IF(E65="","待填",IF(ABS(F65)<0.000000001,"平衡","检查"))
A66: Method_Sequence | B66: S1 | C66: =COUNTIF(Derived!$V$309:$V$332,B66) | D66: 12 | E66: =IF($B$9=0,"",$B$9/2) | F66: =IF(E66="","",C66-E66) | G66: =IF(E66="","待填",IF(ABS(F66)<0.000000001,"平衡","检查"))
A67: Method_Sequence | B67: S2 | C67: =COUNTIF(Derived!$V$309:$V$332,B67) | D67: 12 | E67: =IF($B$9=0,"",$B$9/2) | F67: =IF(E67="","",C67-E67) | G67: =IF(E67="","待填",IF(ABS(F67)<0.000000001,"平衡","检查"))
A68: A_Mapping | B68: EgoAnchor | C68: =COUNTIF(Derived!$W$309:$W$332,B68) | D68: 12 | E68: =IF($B$9=0,"",$B$9/2) | F68: =IF(E68="","",C68-E68) | G68: =IF(E68="","待填",IF(ABS(F68)<0.000000001,"平衡","检查"))
A69: A_Mapping | B69: One-Euro | C69: =COUNTIF(Derived!$W$309:$W$332,B69) | D69: 12 | E69: =IF($B$9=0,"",$B$9/2) | F69: =IF(E69="","",C69-E69) | G69: =IF(E69="","待填",IF(ABS(F69)<0.000000001,"平衡","检查"))
A70: First_Method | B70: EgoAnchor | C70: =COUNTIF(Derived!$X$309:$X$332,B70) | D70: 12 | E70: =IF($B$9=0,"",$B$9/2) | F70: =IF(E70="","",C70-E70) | G70: =IF(E70="","待填",IF(ABS(F70)<0.000000001,"平衡","检查"))
A71: First_Method | B71: One-Euro | C71: =COUNTIF(Derived!$X$309:$X$332,B71) | D71: 12 | E71: =IF($B$9=0,"",$B$9/2) | F71: =IF(E71="","",C71-E71) | G71: =IF(E71="","待填",IF(ABS(F71)<0.000000001,"平衡","检查"))
A75: C. 主证实家族：三物体均值后的完整配对统计
A76: Outcome | B76: 简称 | C76: N | D76: OE_Q1 | E76: OE_Median | F76: OE_Q3 | G76: EA_Q1 | H76: EA_Median | I76: EA_Q3 | J76: Diff_Median | K76: Diff_Mean | L76: Diff_SD | M76: dz | N76: W | O76: p_raw | P76: p_Holm | Q76: r_rb | R76: r_CI_Low | S76: r_CI_High | T76: 结论
A77: Q1 | B77: Static stability | C77: =COUNT(Derived!$B$254:$B$277) | D77: =IF(C77=0,"",QUARTILE.INC(FILTER(Derived!$C$227:$C$250,Derived!$B$254:$B$277<>""),1)) | E77: =IF(C77=0,"",MEDIAN(FILTER(Derived!$C$227:$C$250,Derived!$B$254:$B$277<>""))) | F77: =IF(C77=0,"",QUARTILE.INC(FILTER(Derived!$C$227:$C$250,Derived!$B$254:$B$277<>""),3)) | G77: =IF(C77=0,"",QUARTILE.INC(FILTER(Derived!$C$203:$C$226,Derived!$B$254:$B$277<>""),1)) | H77: =IF(C77=0,"",MEDIAN(FILTER(Derived!$C$203:$C$226,Derived!$B$254:$B$277<>""))) | I77: =IF(C77=0,"",QUARTILE.INC(FILTER(Derived!$C$203:$C$226,Derived!$B$254:$B$277<>""),3)) | J77: =IF(C77=0,"",MEDIAN(Derived!$B$254:$B$277)) | K77: =IF(C77=0,"",AVERAGE(Derived!$B$254:$B$277)) | L77: =IF(C77<2,"",STDEV.S(Derived!$B$254:$B$277)) | M77: =IF(OR(C77<2,L77=0),"",K77/L77)
A78: Q8 | B78: Position correctness | C78: =COUNT(Derived!$C$254:$C$277) | D78: =IF(C78=0,"",QUARTILE.INC(FILTER(Derived!$D$227:$D$250,Derived!$C$254:$C$277<>""),1)) | E78: =IF(C78=0,"",MEDIAN(FILTER(Derived!$D$227:$D$250,Derived!$C$254:$C$277<>""))) | F78: =IF(C78=0,"",QUARTILE.INC(FILTER(Derived!$D$227:$D$250,Derived!$C$254:$C$277<>""),3)) | G78: =IF(C78=0,"",QUARTILE.INC(FILTER(Derived!$D$203:$D$226,Derived!$C$254:$C$277<>""),1)) | H78: =IF(C78=0,"",MEDIAN(FILTER(Derived!$D$203:$D$226,Derived!$C$254:$C$277<>""))) | I78: =IF(C78=0,"",QUARTILE.INC(FILTER(Derived!$D$203:$D$226,Derived!$C$254:$C$277<>""),3)) | J78: =IF(C78=0,"",MEDIAN(Derived!$C$254:$C$277)) | K78: =IF(C78=0,"",AVERAGE(Derived!$C$254:$C$277)) | L78: =IF(C78<2,"",STDEV.S(Derived!$C$254:$C$277)) | M78: =IF(OR(C78<2,L78=0),"",K78/L78)
A79: Q2 | B79: Motion attachment | C79: =COUNT(Derived!$D$254:$D$277) | D79: =IF(C79=0,"",QUARTILE.INC(FILTER(Derived!$E$227:$E$250,Derived!$D$254:$D$277<>""),1)) | E79: =IF(C79=0,"",MEDIAN(FILTER(Derived!$E$227:$E$250,Derived!$D$254:$D$277<>""))) | F79: =IF(C79=0,"",QUARTILE.INC(FILTER(Derived!$E$227:$E$250,Derived!$D$254:$D$277<>""),3)) | G79: =IF(C79=0,"",QUARTILE.INC(FILTER(Derived!$E$203:$E$226,Derived!$D$254:$D$277<>""),1)) | H79: =IF(C79=0,"",MEDIAN(FILTER(Derived!$E$203:$E$226,Derived!$D$254:$D$277<>""))) | I79: =IF(C79=0,"",QUARTILE.INC(FILTER(Derived!$E$203:$E$226,Derived!$D$254:$D$277<>""),3)) | J79: =IF(C79=0,"",MEDIAN(Derived!$D$254:$D$277)) | K79: =IF(C79=0,"",AVERAGE(Derived!$D$254:$D$277)) | L79: =IF(C79<2,"",STDEV.S(Derived!$D$254:$D$277)) | M79: =IF(OR(C79<2,L79=0),"",K79/L79)
A80: Q9 | B80: Orientation consistency | C80: =COUNT(Derived!$E$254:$E$277) | D80: =IF(C80=0,"",QUARTILE.INC(FILTER(Derived!$F$227:$F$250,Derived!$E$254:$E$277<>""),1)) | E80: =IF(C80=0,"",MEDIAN(FILTER(Derived!$F$227:$F$250,Derived!$E$254:$E$277<>""))) | F80: =IF(C80=0,"",QUARTILE.INC(FILTER(Derived!$F$227:$F$250,Derived!$E$254:$E$277<>""),3)) | G80: =IF(C80=0,"",QUARTILE.INC(FILTER(Derived!$F$203:$F$226,Derived!$E$254:$E$277<>""),1)) | H80: =IF(C80=0,"",MEDIAN(FILTER(Derived!$F$203:$F$226,Derived!$E$254:$E$277<>""))) | I80: =IF(C80=0,"",QUARTILE.INC(FILTER(Derived!$F$203:$F$226,Derived!$E$254:$E$277<>""),3)) | J80: =IF(C80=0,"",MEDIAN(Derived!$E$254:$E$277)) | K80: =IF(C80=0,"",AVERAGE(Derived!$E$254:$E$277)) | L80: =IF(C80<2,"",STDEV.S(Derived!$E$254:$E$277)) | M80: =IF(OR(C80<2,L80=0),"",K80/L80)
